id,date,time,events,daily_events,hourly_events
secret,5/4/2005,0:00:00,,61,
secret,5/4/2005,10:00:00,,,2
secret,5/4/2005,10:49:51,386805,,
secret,5/4/2005,10:50:17,386806,,
secret,5/4/2005,11:00:00,,,5
secret,5/4/2005,11:17:12,386807,,
secret,5/4/2005,11:21:15,386808,,
secret,5/4/2005,11:24:33,386809,,
secret,5/4/2005,11:27:51,386810,,
secret,5/4/2005,11:50:08,386811,,
secret,5/4/2005,12:00:00,,,5
secret,5/4/2005,12:07:35,386812,,
secret,5/4/2005,12:34:16,386813,,
secret,5/4/2005,12:40:15,386814,,
secret,5/4/2005,12:42:11,386815,,
secret,5/4/2005,12:45:20,386816,,
secret,5/4/2005,13:00:00,,,7
secret,5/4/2005,13:02:04,386817,,
secret,5/4/2005,13:15:08,386818,,
secret,5/4/2005,13:22:52,386819,,
secret,5/4/2005,13:25:51,386820,,
secret,5/4/2005,13:32:52,386821,,
secret,5/4/2005,13:47:27,386822,,
secret,5/4/2005,13:58:58,386823,,
secret,5/4/2005,14:00:00,,,15
secret,5/4/2005,14:11:36,386824,,
secret,5/4/2005,14:22:16,386825,,
secret,5/4/2005,14:31:38,386826,,
secret,5/4/2005,14:37:05,386827,,
secret,5/4/2005,14:38:27,386828,,
secret,5/4/2005,14:39:12,386829,,
secret,5/4/2005,14:39:36,386830,,
secret,5/4/2005,14:40:01,386831,,
secret,5/4/2005,14:40:22,386832,,
secret,5/4/2005,14:40:41,386833,,
secret,5/4/2005,14:41:05,386834,,
secret,5/4/2005,14:41:42,386835,,
secret,5/4/2005,14:45:06,386836,,
secret,5/4/2005,14:52:34,386837,,
secret,5/4/2005,14:58:43,386838,,
secret,5/4/2005,15:00:00,,,9
secret,5/4/2005,15:01:10,386839,,
secret,5/4/2005,15:03:45,386840,,
secret,5/4/2005,15:05:12,386841,,
secret,5/4/2005,15:09:57,386842,,
secret,5/4/2005,15:17:13,386843,,
secret,5/4/2005,15:26:48,386844,,
secret,5/4/2005,15:35:52,386845,,
secret,5/4/2005,15:43:56,386846,,
secret,5/4/2005,15:51:48,386847,,
secret,5/4/2005,16:00:00,,,4
secret,5/4/2005,16:03:23,386848,,
secret,5/4/2005,16:14:10,386849,,
secret,5/4/2005,16:25:53,386850,,
secret,5/4/2005,16:43:40,386851,,
secret,5/4/2005,17:00:00,,,3
secret,5/4/2005,17:01:05,386852,,
secret,5/4/2005,17:33:30,386853,,
secret,5/4/2005,17:58:05,386854,,
secret,5/4/2005,18:00:00,,,4
secret,5/4/2005,18:08:07,386855,,
secret,5/4/2005,18:17:55,386856,,
secret,5/4/2005,18:30:15,386857,,
secret,5/4/2005,18:47:23,386858,,
secret,5/4/2005,19:00:00,,,2
secret,5/4/2005,19:03:08,386859,,
secret,5/4/2005,19:23:43,386860,,
secret,5/4/2005,20:00:00,,,2
secret,5/4/2005,20:03:56,386861,,
secret,5/4/2005,20:23:07,386862,,
secret,5/4/2005,21:00:00,,,1
secret,5/4/2005,21:53:20,386863,,
secret,5/4/2005,22:00:00,,,1
secret,5/4/2005,22:59:48,386864,,
secret,5/4/2005,23:00:00,,,1
secret,5/4/2005,23:49:16,386865,,
secret,5/5/2005,0:00:00,,7,7
secret,5/5/2005,0:00:32,386866,,
secret,5/5/2005,0:04:18,386867,,
secret,5/5/2005,0:08:31,386868,,
secret,5/5/2005,0:14:04,386869,,
secret,5/5/2005,0:23:02,386870,,
secret,5/5/2005,0:36:51,386871,,
secret,5/5/2005,0:58:05,386872,,
secret,5/5/2005,1:00:00,,,0
secret,5/5/2005,2:00:00,,,0
secret,5/5/2005,3:00:00,,,0
secret,5/5/2005,4:00:00,,,0
secret,5/5/2005,5:00:00,,,0
secret,5/5/2005,6:00:00,,,0
secret,5/5/2005,7:00:00,,,0
secret,5/5/2005,8:00:00,,,0
secret,5/5/2005,9:00:00,,,0
secret,5/5/2005,10:00:00,,,0
secret,5/5/2005,11:00:00,,,0
secret,5/5/2005,12:00:00,,,0
secret,5/5/2005,13:00:00,,,0
secret,5/5/2005,14:00:00,,,0
secret,5/5/2005,15:00:00,,,0
secret,5/5/2005,16:00:00,,,0
secret,5/5/2005,17:00:00,,,0
secret,5/5/2005,18:00:00,,,0
secret,5/5/2005,19:00:00,,,0
secret,5/5/2005,20:00:00,,,0
secret,5/5/2005,21:00:00,,,0
secret,5/5/2005,22:00:00,,,0
secret,5/5/2005,23:00:00,,,0
secret,5/6/2005,0:00:00,,13,0
secret,5/6/2005,1:00:00,,,0
secret,5/6/2005,2:00:00,,,0
secret,5/6/2005,3:00:00,,,0
secret,5/6/2005,4:00:00,,,0
secret,5/6/2005,5:00:00,,,0
secret,5/6/2005,6:00:00,,,0
secret,5/6/2005,7:00:00,,,0
secret,5/6/2005,8:00:00,,,0
secret,5/6/2005,9:00:00,,,4
secret,5/6/2005,9:49:18,386873,,
secret,5/6/2005,9:54:22,386874,,
secret,5/6/2005,9:57:59,386875,,
secret,5/6/2005,9:59:12,386876,,
secret,5/6/2005,10:00:00,,,8
secret,5/6/2005,10:00:03,386877,,
secret,5/6/2005,10:00:41,386878,,
secret,5/6/2005,10:01:27,386879,,
secret,5/6/2005,10:02:08,386880,,
secret,5/6/2005,10:03:23,386881,,
secret,5/6/2005,10:05:02,386882,,
secret,5/6/2005,10:09:13,386883,,
secret,5/6/2005,10:17:48,386884,,
secret,5/6/2005,11:00:00,,,0
secret,5/6/2005,12:00:00,,,0
secret,5/6/2005,13:00:00,,,0
secret,5/6/2005,14:00:00,,,1
secret,5/6/2005,14:13:29,386885,,
secret,5/6/2005,15:00:00,,,0
secret,5/6/2005,16:00:00,,,0
secret,5/6/2005,17:00:00,,,0
secret,5/6/2005,18:00:00,,,0
secret,5/6/2005,19:00:00,,,0
secret,5/6/2005,20:00:00,,,0
secret,5/6/2005,21:00:00,,,0
secret,5/6/2005,22:00:00,,,0
secret,5/6/2005,23:00:00,,,0
secret,5/7/2005,0:00:00,,7,0
secret,5/7/2005,1:00:00,,,0
secret,5/7/2005,2:00:00,,,0
secret,5/7/2005,3:00:00,,,0
secret,5/7/2005,4:00:00,,,0
secret,5/7/2005,5:00:00,,,0
secret,5/7/2005,6:00:00,,,0
secret,5/7/2005,7:00:00,,,0
secret,5/7/2005,8:00:00,,,0
secret,5/7/2005,9:00:00,,,0
secret,5/7/2005,10:00:00,,,0
secret,5/7/2005,11:00:00,,,0
secret,5/7/2005,12:00:00,,,0
secret,5/7/2005,13:00:00,,,0
secret,5/7/2005,14:00:00,,,0
secret,5/7/2005,15:00:00,,,0
secret,5/7/2005,16:00:00,,,0
secret,5/7/2005,17:00:00,,,0
secret,5/7/2005,18:00:00,,,0
secret,5/7/2005,19:00:00,,,0
secret,5/7/2005,20:00:00,,,1
secret,5/7/2005,20:20:43,386886,,
secret,5/7/2005,21:00:00,,,0
secret,5/7/2005,22:00:00,,,0
secret,5/7/2005,23:00:00,,,6
secret,5/7/2005,23:05:59,386887,,
secret,5/7/2005,23:26:52,386888,,
secret,5/7/2005,23:35:22,386889,,
secret,5/7/2005,23:43:12,386890,,
secret,5/7/2005,23:48:20,386891,,
secret,5/7/2005,23:52:39,386892,,
secret,5/8/2005,0:00:00,,247,5
secret,5/8/2005,0:00:28,386893,,
secret,5/8/2005,0:08:48,386894,,
secret,5/8/2005,0:22:06,386895,,
secret,5/8/2005,0:29:35,386896,,
secret,5/8/2005,0:43:31,386897,,
secret,5/8/2005,1:00:00,,,4
secret,5/8/2005,1:23:01,386898,,
secret,5/8/2005,1:34:04,386899,,
secret,5/8/2005,1:39:09,386900,,
secret,5/8/2005,1:55:14,386901,,
secret,5/8/2005,2:00:00,,,4
secret,5/8/2005,2:45:01,386902,,
secret,5/8/2005,2:50:33,386903,,
secret,5/8/2005,2:54:27,386904,,
secret,5/8/2005,2:58:21,386905,,
secret,5/8/2005,3:00:00,,,12
secret,5/8/2005,3:01:58,386906,,
secret,5/8/2005,3:06:08,386907,,
secret,5/8/2005,3:10:29,386908,,
secret,5/8/2005,3:14:45,386909,,
secret,5/8/2005,3:18:31,386910,,
secret,5/8/2005,3:21:00,386911,,
secret,5/8/2005,3:23:24,386912,,
secret,5/8/2005,3:26:19,386913,,
secret,5/8/2005,3:30:37,386914,,
secret,5/8/2005,3:34:51,386915,,
secret,5/8/2005,3:40:28,386916,,
secret,5/8/2005,3:49:45,386917,,
secret,5/8/2005,4:00:00,,,7
secret,5/8/2005,4:04:17,386918,,
secret,5/8/2005,4:38:22,386919,,
secret,5/8/2005,4:41:13,386920,,
secret,5/8/2005,4:43:12,386921,,
secret,5/8/2005,4:45:36,386922,,
secret,5/8/2005,4:49:12,386923,,
secret,5/8/2005,4:55:19,386924,,
secret,5/8/2005,5:00:00,,,12
secret,5/8/2005,5:02:23,386925,,
secret,5/8/2005,5:07:15,386926,,
secret,5/8/2005,5:10:23,386927,,
secret,5/8/2005,5:13:07,386928,,
secret,5/8/2005,5:18:11,386929,,
secret,5/8/2005,5:22:40,386930,,
secret,5/8/2005,5:25:35,386931,,
secret,5/8/2005,5:30:20,386932,,
secret,5/8/2005,5:34:23,386933,,
secret,5/8/2005,5:37:49,386934,,
secret,5/8/2005,5:44:18,386935,,
secret,5/8/2005,5:58:45,386936,,
secret,5/8/2005,6:00:00,,,10
secret,5/8/2005,6:08:07,386937,,
secret,5/8/2005,6:12:25,386938,,
secret,5/8/2005,6:16:30,386939,,
secret,5/8/2005,6:21:18,386940,,
secret,5/8/2005,6:27:50,386941,,
secret,5/8/2005,6:36:05,386942,,
secret,5/8/2005,6:46:55,386943,,
secret,5/8/2005,6:52:37,386944,,
secret,5/8/2005,6:55:37,386945,,
secret,5/8/2005,6:58:29,386946,,
secret,5/8/2005,7:00:00,,,9
secret,5/8/2005,7:00:57,386947,,
secret,5/8/2005,7:05:02,386948,,
secret,5/8/2005,7:08:08,386949,,
secret,5/8/2005,7:10:32,386950,,
secret,5/8/2005,7:15:50,386951,,
secret,5/8/2005,7:22:35,386952,,
secret,5/8/2005,7:27:28,386953,,
secret,5/8/2005,7:36:01,386954,,
secret,5/8/2005,7:42:03,386955,,
secret,5/8/2005,8:00:00,,,23
secret,5/8/2005,8:01:49,386956,,
secret,5/8/2005,8:19:58,386957,,
secret,5/8/2005,8:24:12,386958,,
secret,5/8/2005,8:27:04,386959,,
secret,5/8/2005,8:29:07,386960,,
secret,5/8/2005,8:30:56,386961,,
secret,5/8/2005,8:32:55,386962,,
secret,5/8/2005,8:34:30,386963,,
secret,5/8/2005,8:36:07,386964,,
secret,5/8/2005,8:37:22,386965,,
secret,5/8/2005,8:38:53,386966,,
secret,5/8/2005,8:40:36,386967,,
secret,5/8/2005,8:42:28,386968,,
secret,5/8/2005,8:44:18,386969,,
secret,5/8/2005,8:45:41,386970,,
secret,5/8/2005,8:47:27,386971,,
secret,5/8/2005,8:49:18,386972,,
secret,5/8/2005,8:51:24,386973,,
secret,5/8/2005,8:53:02,386974,,
secret,5/8/2005,8:54:26,386975,,
secret,5/8/2005,8:56:31,386976,,
secret,5/8/2005,8:57:45,386977,,
secret,5/8/2005,8:59:41,386978,,
secret,5/8/2005,9:00:00,,,16
secret,5/8/2005,9:01:13,386979,,
secret,5/8/2005,9:04:18,386980,,
secret,5/8/2005,9:07:03,386981,,
secret,5/8/2005,9:09:29,386982,,
secret,5/8/2005,9:12:09,386983,,
secret,5/8/2005,9:15:01,386984,,
secret,5/8/2005,9:17:20,386985,,
secret,5/8/2005,9:21:58,386986,,
secret,5/8/2005,9:28:52,386987,,
secret,5/8/2005,9:32:24,386988,,
secret,5/8/2005,9:37:12,386989,,
secret,5/8/2005,9:43:08,386990,,
secret,5/8/2005,9:50:25,386991,,
secret,5/8/2005,9:53:03,386992,,
secret,5/8/2005,9:55:20,386993,,
secret,5/8/2005,9:57:11,386994,,
secret,5/8/2005,10:00:00,,,21
secret,5/8/2005,10:00:38,386995,,
secret,5/8/2005,10:02:45,386996,,
secret,5/8/2005,10:05:04,386997,,
secret,5/8/2005,10:06:45,386998,,
secret,5/8/2005,10:08:26,386999,,
secret,5/8/2005,10:11:31,387000,,
secret,5/8/2005,10:15:39,387001,,
secret,5/8/2005,10:17:59,387002,,
secret,5/8/2005,10:20:26,387003,,
secret,5/8/2005,10:22:00,387004,,
secret,5/8/2005,10:23:53,387005,,
secret,5/8/2005,10:25:31,387006,,
secret,5/8/2005,10:26:59,387007,,
secret,5/8/2005,10:28:48,387008,,
secret,5/8/2005,10:30:35,387009,,
secret,5/8/2005,10:32:09,387010,,
secret,5/8/2005,10:34:38,387011,,
secret,5/8/2005,10:37:24,387012,,
secret,5/8/2005,10:40:56,387013,,
secret,5/8/2005,10:44:29,387014,,
secret,5/8/2005,10:57:32,387015,,
secret,5/8/2005,11:00:00,,,5
secret,5/8/2005,11:23:03,387016,,
secret,5/8/2005,11:38:00,387017,,
secret,5/8/2005,11:42:20,387018,,
secret,5/8/2005,11:45:44,387019,,
secret,5/8/2005,11:55:12,387020,,
secret,5/8/2005,12:00:00,,,25
secret,5/8/2005,12:02:32,387021,,
secret,5/8/2005,12:10:19,387022,,
secret,5/8/2005,12:13:40,387023,,
secret,5/8/2005,12:15:42,387024,,
secret,5/8/2005,12:17:42,387025,,
secret,5/8/2005,12:20:01,387026,,
secret,5/8/2005,12:24:29,387027,,
secret,5/8/2005,12:28:00,387028,,
secret,5/8/2005,12:30:28,387029,,
secret,5/8/2005,12:33:08,387030,,
secret,5/8/2005,12:35:27,387031,,
secret,5/8/2005,12:37:17,387032,,
secret,5/8/2005,12:40:01,387033,,
secret,5/8/2005,12:41:23,387034,,
secret,5/8/2005,12:42:03,387035,,
secret,5/8/2005,12:43:04,387036,,
secret,5/8/2005,12:44:33,387037,,
secret,5/8/2005,12:45:48,387038,,
secret,5/8/2005,12:47:28,387039,,
secret,5/8/2005,12:49:32,387040,,
secret,5/8/2005,12:51:40,387041,,
secret,5/8/2005,12:54:05,387042,,
secret,5/8/2005,12:56:15,387043,,
secret,5/8/2005,12:57:31,387044,,
secret,5/8/2005,12:59:37,387045,,
secret,5/8/2005,13:00:00,,,23
secret,5/8/2005,13:04:08,387046,,
secret,5/8/2005,13:07:54,387047,,
secret,5/8/2005,13:11:32,387048,,
secret,5/8/2005,13:12:52,387049,,
secret,5/8/2005,13:14:30,387050,,
secret,5/8/2005,13:17:14,387051,,
secret,5/8/2005,13:20:36,387052,,
secret,5/8/2005,13:23:10,387053,,
secret,5/8/2005,13:25:44,387054,,
secret,5/8/2005,13:27:15,387055,,
secret,5/8/2005,13:30:25,387056,,
secret,5/8/2005,13:32:11,387057,,
secret,5/8/2005,13:34:07,387058,,
secret,5/8/2005,13:36:27,387059,,
secret,5/8/2005,13:38:52,387060,,
secret,5/8/2005,13:41:04,387061,,
secret,5/8/2005,13:42:30,387062,,
secret,5/8/2005,13:44:07,387063,,
secret,5/8/2005,13:46:05,387064,,
secret,5/8/2005,13:49:14,387065,,
secret,5/8/2005,13:52:41,387066,,
secret,5/8/2005,13:56:29,387067,,
secret,5/8/2005,13:58:09,387068,,
secret,5/8/2005,14:00:00,,,12
secret,5/8/2005,14:02:38,387069,,
secret,5/8/2005,14:05:41,387070,,
secret,5/8/2005,14:06:32,387071,,
secret,5/8/2005,14:07:07,387072,,
secret,5/8/2005,14:07:33,387073,,
secret,5/8/2005,14:08:36,387074,,
secret,5/8/2005,14:11:00,387075,,
secret,5/8/2005,14:13:30,387076,,
secret,5/8/2005,14:15:51,387077,,
secret,5/8/2005,14:21:08,387078,,
secret,5/8/2005,14:30:39,387079,,
secret,5/8/2005,14:42:36,387080,,
secret,5/8/2005,15:00:00,,,26
secret,5/8/2005,15:26:50,387081,,
secret,5/8/2005,15:32:14,387082,,
secret,5/8/2005,15:38:50,387083,,
secret,5/8/2005,15:39:28,387084,,
secret,5/8/2005,15:40:01,387085,,
secret,5/8/2005,15:40:29,387086,,
secret,5/8/2005,15:41:11,387087,,
secret,5/8/2005,15:41:55,387088,,
secret,5/8/2005,15:42:33,387089,,
secret,5/8/2005,15:42:57,387090,,
secret,5/8/2005,15:43:36,387091,,
secret,5/8/2005,15:44:09,387092,,
secret,5/8/2005,15:44:46,387093,,
secret,5/8/2005,15:45:07,387094,,
secret,5/8/2005,15:45:31,387095,,
secret,5/8/2005,15:46:07,387096,,
secret,5/8/2005,15:46:49,387097,,
secret,5/8/2005,15:48:13,387098,,
secret,5/8/2005,15:49:55,387099,,
secret,5/8/2005,15:51:51,387100,,
secret,5/8/2005,15:55:24,387101,,
secret,5/8/2005,15:57:20,387102,,
secret,5/8/2005,15:58:30,387103,,
secret,5/8/2005,15:58:56,387104,,
secret,5/8/2005,15:59:21,387105,,
secret,5/8/2005,15:59:50,387106,,
secret,5/8/2005,16:00:00,,,13
secret,5/8/2005,16:00:25,387107,,
secret,5/8/2005,16:01:00,387108,,
secret,5/8/2005,16:01:38,387109,,
secret,5/8/2005,16:02:26,387110,,
secret,5/8/2005,16:03:30,387111,,
secret,5/8/2005,16:04:04,387112,,
secret,5/8/2005,16:04:48,387113,,
secret,5/8/2005,16:05:31,387114,,
secret,5/8/2005,16:06:12,387115,,
secret,5/8/2005,16:06:55,387116,,
secret,5/8/2005,16:07:48,387117,,
secret,5/8/2005,16:10:03,387118,,
secret,5/8/2005,16:35:19,387119,,
secret,5/8/2005,17:00:00,,,0
secret,5/8/2005,18:00:00,,,8
secret,5/8/2005,18:30:05,387120,,
secret,5/8/2005,18:30:42,387121,,
secret,5/8/2005,18:31:01,387122,,
secret,5/8/2005,18:31:22,387123,,
secret,5/8/2005,18:31:42,387124,,
secret,5/8/2005,18:32:11,387125,,
secret,5/8/2005,18:34:23,387126,,
secret,5/8/2005,18:53:28,387127,,
secret,5/8/2005,19:00:00,,,7
secret,5/8/2005,19:08:35,387128,,
secret,5/8/2005,19:12:18,387129,,
secret,5/8/2005,19:13:38,387130,,
secret,5/8/2005,19:15:21,387131,,
secret,5/8/2005,19:18:23,387132,,
secret,5/8/2005,19:22:10,387133,,
secret,5/8/2005,19:37:01,387134,,
secret,5/8/2005,20:00:00,,,1
secret,5/8/2005,20:52:14,387135,,
secret,5/8/2005,21:00:00,,,0
secret,5/8/2005,22:00:00,,,3
secret,5/8/2005,22:04:35,387136,,
secret,5/8/2005,22:07:54,387137,,
secret,5/8/2005,22:14:58,387138,,
secret,5/8/2005,23:00:00,,,1
secret,5/8/2005,23:20:23,387139,,
secret,5/9/2005,0:00:00,,11,0
secret,5/9/2005,1:00:00,,,0
secret,5/9/2005,2:00:00,,,0
secret,5/9/2005,3:00:00,,,0
secret,5/9/2005,4:00:00,,,0
secret,5/9/2005,5:00:00,,,10
secret,5/9/2005,5:08:04,387140,,
secret,5/9/2005,5:09:37,387141,,
secret,5/9/2005,5:11:16,387142,,
secret,5/9/2005,5:14:00,387143,,
secret,5/9/2005,5:15:27,387144,,
secret,5/9/2005,5:16:19,387145,,
secret,5/9/2005,5:16:52,387146,,
secret,5/9/2005,5:17:23,387147,,
secret,5/9/2005,5:18:07,387148,,
secret,5/9/2005,5:37:52,387149,,
secret,5/9/2005,6:00:00,,,0
secret,5/9/2005,7:00:00,,,1
secret,5/9/2005,7:42:46,387150,,
secret,5/9/2005,8:00:00,,,0
secret,5/9/2005,9:00:00,,,0
secret,5/9/2005,10:00:00,,,0
secret,5/9/2005,11:00:00,,,0
secret,5/9/2005,12:00:00,,,0
secret,5/9/2005,13:00:00,,,0
secret,5/9/2005,14:00:00,,,0
secret,5/9/2005,15:00:00,,,0
secret,5/9/2005,16:00:00,,,0
secret,5/9/2005,17:00:00,,,0
secret,5/9/2005,18:00:00,,,0
secret,5/9/2005,19:00:00,,,0
secret,5/9/2005,20:00:00,,,0
secret,5/9/2005,21:00:00,,,0
secret,5/9/2005,22:00:00,,,0
secret,5/9/2005,23:00:00,,,0
secret,5/10/2005,0:00:00,,0,0
secret,5/10/2005,1:00:00,,,0
secret,5/10/2005,2:00:00,,,0
secret,5/10/2005,3:00:00,,,0
secret,5/10/2005,4:00:00,,,0
secret,5/10/2005,5:00:00,,,0
secret,5/10/2005,6:00:00,,,0
secret,5/10/2005,7:00:00,,,0
secret,5/10/2005,8:00:00,,,0
secret,5/10/2005,9:00:00,,,0
secret,5/10/2005,10:00:00,,,0
secret,5/10/2005,11:00:00,,,0
secret,5/10/2005,12:00:00,,,0
secret,5/10/2005,13:00:00,,,0
secret,5/10/2005,14:00:00,,,0
secret,5/10/2005,15:00:00,,,0
secret,5/10/2005,16:00:00,,,0
secret,5/10/2005,17:00:00,,,0
secret,5/10/2005,18:00:00,,,0
secret,5/10/2005,19:00:00,,,0
secret,5/10/2005,20:00:00,,,0
secret,5/10/2005,21:00:00,,,0
secret,5/10/2005,22:00:00,,,0
secret,5/10/2005,23:00:00,,,0
secret,5/11/2005,0:00:00,,0,0
secret,5/11/2005,1:00:00,,,0
secret,5/11/2005,2:00:00,,,0
secret,5/11/2005,3:00:00,,,0
secret,5/11/2005,4:00:00,,,0
secret,5/11/2005,5:00:00,,,0
secret,5/11/2005,6:00:00,,,0
secret,5/11/2005,7:00:00,,,0
secret,5/11/2005,8:00:00,,,0
secret,5/11/2005,9:00:00,,,0
secret,5/11/2005,10:00:00,,,0
secret,5/11/2005,11:00:00,,,0
secret,5/11/2005,12:00:00,,,0
secret,5/11/2005,13:00:00,,,0
secret,5/11/2005,14:00:00,,,0
secret,5/11/2005,15:00:00,,,0
secret,5/11/2005,16:00:00,,,0
secret,5/11/2005,17:00:00,,,0
secret,5/11/2005,18:00:00,,,0
secret,5/11/2005,19:00:00,,,0
secret,5/11/2005,20:00:00,,,0
secret,5/11/2005,21:00:00,,,0
secret,5/11/2005,22:00:00,,,0
secret,5/11/2005,23:00:00,,,0
secret,5/12/2005,0:00:00,,0,0
secret,5/12/2005,1:00:00,,,0
secret,5/12/2005,2:00:00,,,0
secret,5/12/2005,3:00:00,,,0
secret,5/12/2005,4:00:00,,,0
secret,5/12/2005,5:00:00,,,0
secret,5/12/2005,6:00:00,,,0
secret,5/12/2005,7:00:00,,,0
secret,5/12/2005,8:00:00,,,0
secret,5/12/2005,9:00:00,,,0
secret,5/12/2005,10:00:00,,,0
secret,5/12/2005,11:00:00,,,0
secret,5/12/2005,12:00:00,,,0
secret,5/12/2005,13:00:00,,,0
secret,5/12/2005,14:00:00,,,0
secret,5/12/2005,15:00:00,,,0
secret,5/12/2005,16:00:00,,,0
secret,5/12/2005,17:00:00,,,0
secret,5/12/2005,18:00:00,,,0
secret,5/12/2005,19:00:00,,,0
secret,5/12/2005,20:00:00,,,0
secret,5/12/2005,21:00:00,,,0
secret,5/12/2005,22:00:00,,,0
secret,5/12/2005,23:00:00,,,0
secret,5/13/2005,0:00:00,,0,0
secret,5/13/2005,1:00:00,,,0
secret,5/13/2005,2:00:00,,,0
secret,5/13/2005,3:00:00,,,0
secret,5/13/2005,4:00:00,,,0
secret,5/13/2005,5:00:00,,,0
secret,5/13/2005,6:00:00,,,0
secret,5/13/2005,7:00:00,,,0
secret,5/13/2005,8:00:00,,,0
secret,5/13/2005,9:00:00,,,0
secret,5/13/2005,10:00:00,,,0
secret,5/13/2005,11:00:00,,,0
secret,5/13/2005,12:00:00,,,0
secret,5/13/2005,13:00:00,,,0
secret,5/13/2005,14:00:00,,,0
secret,5/13/2005,15:00:00,,,0
secret,5/13/2005,16:00:00,,,0
secret,5/13/2005,17:00:00,,,0
secret,5/13/2005,18:00:00,,,0
secret,5/13/2005,19:00:00,,,0
secret,5/13/2005,20:00:00,,,0
secret,5/13/2005,21:00:00,,,0
secret,5/13/2005,22:00:00,,,0
secret,5/13/2005,23:00:00,,,0
secret,5/14/2005,0:00:00,,0,0
secret,5/14/2005,1:00:00,,,0
secret,5/14/2005,2:00:00,,,0
secret,5/14/2005,3:00:00,,,0
secret,5/14/2005,4:00:00,,,0
secret,5/14/2005,5:00:00,,,0
secret,5/14/2005,6:00:00,,,0
secret,5/14/2005,7:00:00,,,0
secret,5/14/2005,8:00:00,,,0
secret,5/14/2005,9:00:00,,,0
secret,5/14/2005,10:00:00,,,0
secret,5/14/2005,11:00:00,,,0
secret,5/14/2005,12:00:00,,,0
secret,5/14/2005,13:00:00,,,0
secret,5/14/2005,14:00:00,,,0
secret,5/14/2005,15:00:00,,,0
secret,5/14/2005,16:00:00,,,0
secret,5/14/2005,17:00:00,,,0
secret,5/14/2005,18:00:00,,,0
secret,5/14/2005,19:00:00,,,0
secret,5/14/2005,20:00:00,,,0
secret,5/14/2005,21:00:00,,,0
secret,5/14/2005,22:00:00,,,0
secret,5/14/2005,23:00:00,,,0
secret,5/15/2005,0:00:00,,0,0
secret,5/15/2005,1:00:00,,,0
secret,5/15/2005,2:00:00,,,0
secret,5/15/2005,3:00:00,,,0
secret,5/15/2005,4:00:00,,,0
secret,5/15/2005,5:00:00,,,0
secret,5/15/2005,6:00:00,,,0
secret,5/15/2005,7:00:00,,,0
secret,5/15/2005,8:00:00,,,0
secret,5/15/2005,9:00:00,,,0
secret,5/15/2005,10:00:00,,,0
secret,5/15/2005,11:00:00,,,0
secret,5/15/2005,12:00:00,,,0
secret,5/15/2005,13:00:00,,,0
secret,5/15/2005,14:00:00,,,0
secret,5/15/2005,15:00:00,,,0
secret,5/15/2005,16:00:00,,,0
secret,5/15/2005,17:00:00,,,0
secret,5/15/2005,18:00:00,,,0
secret,5/15/2005,19:00:00,,,0
secret,5/15/2005,20:00:00,,,0
secret,5/15/2005,21:00:00,,,0
secret,5/15/2005,22:00:00,,,0
secret,5/15/2005,23:00:00,,,0
secret,5/16/2005,0:00:00,,0,0
secret,5/16/2005,1:00:00,,,0
secret,5/16/2005,2:00:00,,,0
secret,5/16/2005,3:00:00,,,0
secret,5/16/2005,4:00:00,,,0
secret,5/16/2005,5:00:00,,,0
secret,5/16/2005,6:00:00,,,0
secret,5/16/2005,7:00:00,,,0
secret,5/16/2005,8:00:00,,,0
secret,5/16/2005,9:00:00,,,0
secret,5/16/2005,10:00:00,,,0
secret,5/16/2005,11:00:00,,,0
secret,5/16/2005,12:00:00,,,0
secret,5/16/2005,13:00:00,,,0
secret,5/16/2005,14:00:00,,,0
secret,5/16/2005,15:00:00,,,0
secret,5/16/2005,16:00:00,,,0
secret,5/16/2005,17:00:00,,,0
secret,5/16/2005,18:00:00,,,0
secret,5/16/2005,19:00:00,,,0
secret,5/16/2005,20:00:00,,,0
secret,5/16/2005,21:00:00,,,0
secret,5/16/2005,22:00:00,,,0
secret,5/16/2005,23:00:00,,,0
secret,5/17/2005,0:00:00,,15,0
secret,5/17/2005,1:00:00,,,0
secret,5/17/2005,2:00:00,,,0
secret,5/17/2005,3:00:00,,,0
secret,5/17/2005,4:00:00,,,0
secret,5/17/2005,5:00:00,,,0
secret,5/17/2005,6:00:00,,,0
secret,5/17/2005,7:00:00,,,0
secret,5/17/2005,8:00:00,,,0
secret,5/17/2005,9:00:00,,,1
secret,5/17/2005,9:36:56,387151,,
secret,5/17/2005,10:00:00,,,0
secret,5/17/2005,11:00:00,,,1
secret,5/17/2005,11:06:04,387152,,
secret,5/17/2005,12:00:00,,,1
secret,5/17/2005,12:48:54,387153,,
secret,5/17/2005,13:00:00,,,0
secret,5/17/2005,14:00:00,,,1
secret,5/17/2005,14:16:40,387154,,
secret,5/17/2005,15:00:00,,,0
secret,5/17/2005,16:00:00,,,0
secret,5/17/2005,17:00:00,,,0
secret,5/17/2005,18:00:00,,,1
secret,5/17/2005,18:37:42,387155,,
secret,5/17/2005,19:00:00,,,2
secret,5/17/2005,19:11:29,387156,,
secret,5/17/2005,19:24:37,387157,,
secret,5/17/2005,20:00:00,,,3
secret,5/17/2005,20:01:49,387158,,
secret,5/17/2005,20:47:14,387159,,
secret,5/17/2005,20:59:04,387160,,
secret,5/17/2005,21:00:00,,,2
secret,5/17/2005,21:20:07,387161,,
secret,5/17/2005,21:37:16,387162,,
secret,5/17/2005,22:00:00,,,1
secret,5/17/2005,22:12:38,387163,,
secret,5/17/2005,23:00:00,,,2
secret,5/17/2005,23:17:28,387164,,
secret,5/17/2005,23:58:29,387165,,
secret,5/18/2005,0:00:00,,236,5
secret,5/18/2005,0:30:13,387166,,
secret,5/18/2005,0:34:33,387167,,
secret,5/18/2005,0:37:58,387168,,
secret,5/18/2005,0:51:59,387169,,
secret,5/18/2005,0:56:06,387170,,
secret,5/18/2005,1:00:00,,,13
secret,5/18/2005,1:00:23,387171,,
secret,5/18/2005,1:03:06,387172,,
secret,5/18/2005,1:04:57,387173,,
secret,5/18/2005,1:06:48,387174,,
secret,5/18/2005,1:09:52,387175,,
secret,5/18/2005,1:14:38,387176,,
secret,5/18/2005,1:28:01,387177,,
secret,5/18/2005,1:37:00,387178,,
secret,5/18/2005,1:39:30,387179,,
secret,5/18/2005,1:41:25,387180,,
secret,5/18/2005,1:45:03,387181,,
secret,5/18/2005,1:47:59,387182,,
secret,5/18/2005,1:51:26,387183,,
secret,5/18/2005,2:00:00,,,14
secret,5/18/2005,2:00:08,387184,,
secret,5/18/2005,2:06:24,387185,,
secret,5/18/2005,2:13:40,387186,,
secret,5/18/2005,2:22:56,387187,,
secret,5/18/2005,2:29:04,387188,,
secret,5/18/2005,2:34:01,387189,,
secret,5/18/2005,2:36:04,387190,,
secret,5/18/2005,2:38:01,387191,,
secret,5/18/2005,2:39:21,387192,,
secret,5/18/2005,2:40:54,387193,,
secret,5/18/2005,2:42:42,387194,,
secret,5/18/2005,2:44:14,387195,,
secret,5/18/2005,2:55:34,387196,,
secret,5/18/2005,2:59:29,387197,,
secret,5/18/2005,3:00:00,,,20
secret,5/18/2005,3:03:06,387198,,
secret,5/18/2005,3:06:43,387199,,
secret,5/18/2005,3:09:22,387200,,
secret,5/18/2005,3:14:10,387201,,
secret,5/18/2005,3:18:07,387202,,
secret,5/18/2005,3:20:56,387203,,
secret,5/18/2005,3:23:18,387204,,
secret,5/18/2005,3:26:57,387205,,
secret,5/18/2005,3:28:13,387206,,
secret,5/18/2005,3:29:30,387207,,
secret,5/18/2005,3:31:10,387208,,
secret,5/18/2005,3:32:27,387209,,
secret,5/18/2005,3:33:31,387210,,
secret,5/18/2005,3:35:11,387211,,
secret,5/18/2005,3:36:42,387212,,
secret,5/18/2005,3:38:20,387213,,
secret,5/18/2005,3:40:25,387214,,
secret,5/18/2005,3:42:56,387215,,
secret,5/18/2005,3:47:26,387216,,
secret,5/18/2005,3:54:59,387217,,
secret,5/18/2005,4:00:00,,,25
secret,5/18/2005,4:01:03,387218,,
secret,5/18/2005,4:03:03,387219,,
secret,5/18/2005,4:05:21,387220,,
secret,5/18/2005,4:14:50,387221,,
secret,5/18/2005,4:17:30,387222,,
secret,5/18/2005,4:19:31,387223,,
secret,5/18/2005,4:20:43,387224,,
secret,5/18/2005,4:22:15,387225,,
secret,5/18/2005,4:23:40,387226,,
secret,5/18/2005,4:25:12,387227,,
secret,5/18/2005,4:27:34,387228,,
secret,5/18/2005,4:30:06,387229,,
secret,5/18/2005,4:31:52,387230,,
secret,5/18/2005,4:33:41,387231,,
secret,5/18/2005,4:34:37,387232,,
secret,5/18/2005,4:36:00,387233,,
secret,5/18/2005,4:37:13,387234,,
secret,5/18/2005,4:38:35,387235,,
secret,5/18/2005,4:40:32,387236,,
secret,5/18/2005,4:43:37,387237,,
secret,5/18/2005,4:48:25,387238,,
secret,5/18/2005,4:52:11,387239,,
secret,5/18/2005,4:55:16,387240,,
secret,5/18/2005,4:57:48,387241,,
secret,5/18/2005,4:59:39,387242,,
secret,5/18/2005,5:00:00,,,20
secret,5/18/2005,5:01:26,387243,,
secret,5/18/2005,5:03:13,387244,,
secret,5/18/2005,5:05:51,387245,,
secret,5/18/2005,5:07:29,387246,,
secret,5/18/2005,5:08:39,387247,,
secret,5/18/2005,5:10:04,387248,,
secret,5/18/2005,5:11:28,387249,,
secret,5/18/2005,5:13:01,387250,,
secret,5/18/2005,5:14:45,387251,,
secret,5/18/2005,5:17:13,387252,,
secret,5/18/2005,5:19:57,387253,,
secret,5/18/2005,5:24:03,387254,,
secret,5/18/2005,5:27:44,387255,,
secret,5/18/2005,5:31:29,387256,,
secret,5/18/2005,5:36:02,387257,,
secret,5/18/2005,5:40:55,387258,,
secret,5/18/2005,5:46:12,387259,,
secret,5/18/2005,5:49:09,387260,,
secret,5/18/2005,5:52:36,387261,,
secret,5/18/2005,5:57:00,387262,,
secret,5/18/2005,6:00:00,,,28
secret,5/18/2005,6:01:10,387263,,
secret,5/18/2005,6:03:33,387264,,
secret,5/18/2005,6:05:50,387265,,
secret,5/18/2005,6:07:38,387266,,
secret,5/18/2005,6:09:37,387267,,
secret,5/18/2005,6:11:21,387268,,
secret,5/18/2005,6:12:35,387269,,
secret,5/18/2005,6:13:48,387270,,
secret,5/18/2005,6:15:37,387271,,
secret,5/18/2005,6:17:12,387272,,
secret,5/18/2005,6:19:38,387273,,
secret,5/18/2005,6:22:06,387274,,
secret,5/18/2005,6:25:17,387275,,
secret,5/18/2005,6:27:01,387276,,
secret,5/18/2005,6:29:06,387277,,
secret,5/18/2005,6:32:01,387278,,
secret,5/18/2005,6:35:19,387279,,
secret,5/18/2005,6:38:04,387280,,
secret,5/18/2005,6:39:51,387281,,
secret,5/18/2005,6:41:26,387282,,
secret,5/18/2005,6:43:36,387283,,
secret,5/18/2005,6:45:19,387284,,
secret,5/18/2005,6:46:31,387285,,
secret,5/18/2005,6:48:02,387286,,
secret,5/18/2005,6:50:20,387287,,
secret,5/18/2005,6:53:06,387288,,
secret,5/18/2005,6:56:35,387289,,
secret,5/18/2005,6:59:12,387290,,
secret,5/18/2005,7:00:00,,,17
secret,5/18/2005,7:03:14,387291,,
secret,5/18/2005,7:10:43,387292,,
secret,5/18/2005,7:12:36,387293,,
secret,5/18/2005,7:15:45,387294,,
secret,5/18/2005,7:19:55,387295,,
secret,5/18/2005,7:22:48,387296,,
secret,5/18/2005,7:25:25,387297,,
secret,5/18/2005,7:30:43,387298,,
secret,5/18/2005,7:33:06,387299,,
secret,5/18/2005,7:35:04,387300,,
secret,5/18/2005,7:36:47,387301,,
secret,5/18/2005,7:38:49,387302,,
secret,5/18/2005,7:43:16,387303,,
secret,5/18/2005,7:46:17,387304,,
secret,5/18/2005,7:50:10,387305,,
secret,5/18/2005,7:52:54,387306,,
secret,5/18/2005,7:57:01,387307,,
secret,5/18/2005,8:00:00,,,17
secret,5/18/2005,8:00:21,387308,,
secret,5/18/2005,8:03:37,387309,,
secret,5/18/2005,8:06:18,387310,,
secret,5/18/2005,8:09:40,387311,,
secret,5/18/2005,8:12:27,387312,,
secret,5/18/2005,8:13:54,387313,,
secret,5/18/2005,8:15:05,387314,,
secret,5/18/2005,8:17:14,387315,,
secret,5/18/2005,8:19:24,387316,,
secret,5/18/2005,8:23:01,387317,,
secret,5/18/2005,8:27:31,387318,,
secret,5/18/2005,8:31:24,387319,,
secret,5/18/2005,8:37:46,387320,,
secret,5/18/2005,8:43:38,387321,,
secret,5/18/2005,8:47:59,387322,,
secret,5/18/2005,8:52:57,387323,,
secret,5/18/2005,8:59:14,387324,,
secret,5/18/2005,9:00:00,,,8
secret,5/18/2005,9:05:08,387325,,
secret,5/18/2005,9:09:19,387326,,
secret,5/18/2005,9:13:07,387327,,
secret,5/18/2005,9:18:31,387328,,
secret,5/18/2005,9:32:43,387329,,
secret,5/18/2005,9:40:59,387330,,
secret,5/18/2005,9:47:18,387331,,
secret,5/18/2005,9:55:42,387332,,
secret,5/18/2005,10:00:00,,,23
secret,5/18/2005,10:00:46,387333,,
secret,5/18/2005,10:03:47,387334,,
secret,5/18/2005,10:06:20,387335,,
secret,5/18/2005,10:08:21,387336,,
secret,5/18/2005,10:11:55,387337,,
secret,5/18/2005,10:15:32,387338,,
secret,5/18/2005,10:24:03,387339,,
secret,5/18/2005,10:28:47,387340,,
secret,5/18/2005,10:31:50,387341,,
secret,5/18/2005,10:33:16,387342,,
secret,5/18/2005,10:34:41,387343,,
secret,5/18/2005,10:35:29,387344,,
secret,5/18/2005,10:36:43,387345,,
secret,5/18/2005,10:38:15,387346,,
secret,5/18/2005,10:40:38,387347,,
secret,5/18/2005,10:44:15,387348,,
secret,5/18/2005,10:47:41,387349,,
secret,5/18/2005,10:50:13,387350,,
secret,5/18/2005,10:51:52,387351,,
secret,5/18/2005,10:53:21,387352,,
secret,5/18/2005,10:55:03,387353,,
secret,5/18/2005,10:56:34,387354,,
secret,5/18/2005,10:58:29,387355,,
secret,5/18/2005,11:00:00,,,10
secret,5/18/2005,11:00:52,387356,,
secret,5/18/2005,11:02:52,387357,,
secret,5/18/2005,11:05:16,387358,,
secret,5/18/2005,11:16:16,387359,,
secret,5/18/2005,11:29:31,387360,,
secret,5/18/2005,11:35:33,387361,,
secret,5/18/2005,11:47:33,387362,,
secret,5/18/2005,11:52:07,387363,,
secret,5/18/2005,11:56:05,387364,,
secret,5/18/2005,11:58:15,387365,,
secret,5/18/2005,12:00:00,,,6
secret,5/18/2005,12:00:25,387366,,
secret,5/18/2005,12:05:23,387367,,
secret,5/18/2005,12:11:39,387368,,
secret,5/18/2005,12:19:50,387369,,
secret,5/18/2005,12:40:53,387370,,
secret,5/18/2005,12:55:19,387371,,
secret,5/18/2005,13:00:00,,,8
secret,5/18/2005,13:10:33,387372,,
secret,5/18/2005,13:17:42,387373,,
secret,5/18/2005,13:20:31,387374,,
secret,5/18/2005,13:25:47,387375,,
secret,5/18/2005,13:32:01,387376,,
secret,5/18/2005,13:38:23,387377,,
secret,5/18/2005,13:43:30,387378,,
secret,5/18/2005,13:55:26,387379,,
secret,5/18/2005,14:00:00,,,9
secret,5/18/2005,14:00:21,387380,,
secret,5/18/2005,14:04:07,387381,,
secret,5/18/2005,14:08:40,387382,,
secret,5/18/2005,14:16:20,387383,,
secret,5/18/2005,14:24:23,387384,,
secret,5/18/2005,14:34:09,387385,,
secret,5/18/2005,14:40:49,387386,,
secret,5/18/2005,14:45:52,387387,,
secret,5/18/2005,14:48:58,387388,,
secret,5/18/2005,15:00:00,,,6
secret,5/18/2005,15:03:34,387389,,
secret,5/18/2005,15:16:46,387390,,
secret,5/18/2005,15:20:48,387391,,
secret,5/18/2005,15:23:08,387392,,
secret,5/18/2005,15:30:07,387393,,
secret,5/18/2005,15:46:55,387394,,
secret,5/18/2005,16:00:00,,,5
secret,5/18/2005,16:13:09,387395,,
secret,5/18/2005,16:18:07,387396,,
secret,5/18/2005,16:27:47,387397,,
secret,5/18/2005,16:34:51,387398,,
secret,5/18/2005,16:49:49,387399,,
secret,5/18/2005,17:00:00,,,1
secret,5/18/2005,17:07:22,387400,,
secret,5/18/2005,18:00:00,,,1
secret,5/18/2005,18:15:54,387401,,
secret,5/18/2005,19:00:00,,,0
secret,5/18/2005,20:00:00,,,0
secret,5/18/2005,21:00:00,,,0
secret,5/18/2005,22:00:00,,,0
secret,5/18/2005,23:00:00,,,0
secret,5/19/2005,0:00:00,,0,0
secret,5/19/2005,1:00:00,,,0
secret,5/19/2005,2:00:00,,,0
secret,5/19/2005,3:00:00,,,0
secret,5/19/2005,4:00:00,,,0
secret,5/19/2005,5:00:00,,,0
secret,5/19/2005,6:00:00,,,0
secret,5/19/2005,7:00:00,,,0
secret,5/19/2005,8:00:00,,,0
secret,5/19/2005,9:00:00,,,0
secret,5/19/2005,10:00:00,,,0
secret,5/19/2005,11:00:00,,,0
secret,5/19/2005,12:00:00,,,0
secret,5/19/2005,13:00:00,,,0
secret,5/19/2005,14:00:00,,,0
secret,5/19/2005,15:00:00,,,0
secret,5/19/2005,16:00:00,,,0
secret,5/19/2005,17:00:00,,,0
secret,5/19/2005,18:00:00,,,0
secret,5/19/2005,19:00:00,,,0
secret,5/19/2005,20:00:00,,,0
secret,5/19/2005,21:00:00,,,0
secret,5/19/2005,22:00:00,,,0
secret,5/19/2005,23:00:00,,,0
secret,5/20/2005,0:00:00,,0,0
secret,5/20/2005,1:00:00,,,0
secret,5/20/2005,2:00:00,,,0
secret,5/20/2005,3:00:00,,,0
secret,5/20/2005,4:00:00,,,0
secret,5/20/2005,5:00:00,,,0
secret,5/20/2005,6:00:00,,,0
secret,5/20/2005,7:00:00,,,0
secret,5/20/2005,8:00:00,,,0
secret,5/20/2005,9:00:00,,,0
secret,5/20/2005,10:00:00,,,0
secret,5/20/2005,11:00:00,,,0
secret,5/20/2005,12:00:00,,,0
secret,5/20/2005,13:00:00,,,0
secret,5/20/2005,14:00:00,,,0
secret,5/20/2005,15:00:00,,,0
secret,5/20/2005,16:00:00,,,0
secret,5/20/2005,17:00:00,,,0
secret,5/20/2005,18:00:00,,,0
secret,5/20/2005,19:00:00,,,0
secret,5/20/2005,20:00:00,,,0
secret,5/20/2005,21:00:00,,,0
secret,5/20/2005,22:00:00,,,0
secret,5/20/2005,23:00:00,,,0
secret,5/21/2005,0:00:00,,0,0
secret,5/21/2005,1:00:00,,,0
secret,5/21/2005,2:00:00,,,0
secret,5/21/2005,3:00:00,,,0
secret,5/21/2005,4:00:00,,,0
secret,5/21/2005,5:00:00,,,0
secret,5/21/2005,6:00:00,,,0
secret,5/21/2005,7:00:00,,,0
secret,5/21/2005,8:00:00,,,0
secret,5/21/2005,9:00:00,,,0
secret,5/21/2005,10:00:00,,,0
secret,5/21/2005,11:00:00,,,0
secret,5/21/2005,12:00:00,,,0
secret,5/21/2005,13:00:00,,,0
secret,5/21/2005,14:00:00,,,0
secret,5/21/2005,15:00:00,,,0
secret,5/21/2005,16:00:00,,,0
secret,5/21/2005,17:00:00,,,0
secret,5/21/2005,18:00:00,,,0
secret,5/21/2005,19:00:00,,,0
secret,5/21/2005,20:00:00,,,0
secret,5/21/2005,21:00:00,,,0
secret,5/21/2005,22:00:00,,,0
secret,5/21/2005,23:00:00,,,0
secret,5/22/2005,0:00:00,,0,0
secret,5/22/2005,1:00:00,,,0
secret,5/22/2005,2:00:00,,,0
secret,5/22/2005,3:00:00,,,0
secret,5/22/2005,4:00:00,,,0
secret,5/22/2005,5:00:00,,,0
secret,5/22/2005,6:00:00,,,0
secret,5/22/2005,7:00:00,,,0
secret,5/22/2005,8:00:00,,,0
secret,5/22/2005,9:00:00,,,0
secret,5/22/2005,10:00:00,,,0
secret,5/22/2005,11:00:00,,,0
secret,5/22/2005,12:00:00,,,0
secret,5/22/2005,13:00:00,,,0
secret,5/22/2005,14:00:00,,,0
secret,5/22/2005,15:00:00,,,0
secret,5/22/2005,16:00:00,,,0
secret,5/22/2005,17:00:00,,,0
secret,5/22/2005,18:00:00,,,0
secret,5/22/2005,19:00:00,,,0
secret,5/22/2005,20:00:00,,,0
secret,5/22/2005,21:00:00,,,0
secret,5/22/2005,22:00:00,,,0
secret,5/22/2005,23:00:00,,,0
secret,5/23/2005,0:00:00,,0,0
secret,5/23/2005,1:00:00,,,0
secret,5/23/2005,2:00:00,,,0
secret,5/23/2005,3:00:00,,,0
secret,5/23/2005,4:00:00,,,0
secret,5/23/2005,5:00:00,,,0
secret,5/23/2005,6:00:00,,,0
secret,5/23/2005,7:00:00,,,0
secret,5/23/2005,8:00:00,,,0
secret,5/23/2005,9:00:00,,,0
secret,5/23/2005,10:00:00,,,0
secret,5/23/2005,11:00:00,,,0
secret,5/23/2005,12:00:00,,,0
secret,5/23/2005,13:00:00,,,0
secret,5/23/2005,14:00:00,,,0
secret,5/23/2005,15:00:00,,,0
secret,5/23/2005,16:00:00,,,0
secret,5/23/2005,17:00:00,,,0
secret,5/23/2005,18:00:00,,,0
secret,5/23/2005,19:00:00,,,0
secret,5/23/2005,20:00:00,,,0
secret,5/23/2005,21:00:00,,,0
secret,5/23/2005,22:00:00,,,0
secret,5/23/2005,23:00:00,,,0
secret,5/24/2005,0:00:00,,0,0
secret,5/24/2005,1:00:00,,,0
secret,5/24/2005,2:00:00,,,0
secret,5/24/2005,3:00:00,,,0
secret,5/24/2005,4:00:00,,,0
secret,5/24/2005,5:00:00,,,0
secret,5/24/2005,6:00:00,,,0
secret,5/24/2005,7:00:00,,,0
secret,5/24/2005,8:00:00,,,0
secret,5/24/2005,9:00:00,,,0
secret,5/24/2005,10:00:00,,,0
secret,5/24/2005,11:00:00,,,0
secret,5/24/2005,12:00:00,,,0
secret,5/24/2005,13:00:00,,,0
secret,5/24/2005,14:00:00,,,0
secret,5/24/2005,15:00:00,,,0
secret,5/24/2005,16:00:00,,,0
secret,5/24/2005,17:00:00,,,0
secret,5/24/2005,18:00:00,,,0
secret,5/24/2005,19:00:00,,,0
secret,5/24/2005,20:00:00,,,0
secret,5/24/2005,21:00:00,,,0
secret,5/24/2005,22:00:00,,,0
secret,5/24/2005,23:00:00,,,0
secret,5/25/2005,0:00:00,,0,0
secret,5/25/2005,1:00:00,,,0
secret,5/25/2005,2:00:00,,,0
secret,5/25/2005,3:00:00,,,0
secret,5/25/2005,4:00:00,,,0
secret,5/25/2005,5:00:00,,,0
secret,5/25/2005,6:00:00,,,0
secret,5/25/2005,7:00:00,,,0
secret,5/25/2005,8:00:00,,,0
secret,5/25/2005,9:00:00,,,0
secret,5/25/2005,10:00:00,,,0
secret,5/25/2005,11:00:00,,,0
secret,5/25/2005,12:00:00,,,0
secret,5/25/2005,13:00:00,,,0
secret,5/25/2005,14:00:00,,,0
secret,5/25/2005,15:00:00,,,0
secret,5/25/2005,16:00:00,,,0
secret,5/25/2005,17:00:00,,,0
secret,5/25/2005,18:00:00,,,0
secret,5/25/2005,19:00:00,,,0
secret,5/25/2005,20:00:00,,,0
secret,5/25/2005,21:00:00,,,0
secret,5/25/2005,22:00:00,,,0
secret,5/25/2005,23:00:00,,,0
secret,5/26/2005,0:00:00,,0,0
secret,5/26/2005,1:00:00,,,0
secret,5/26/2005,2:00:00,,,0
secret,5/26/2005,3:00:00,,,0
secret,5/26/2005,4:00:00,,,0
secret,5/26/2005,5:00:00,,,0
secret,5/26/2005,6:00:00,,,0
secret,5/26/2005,7:00:00,,,0
secret,5/26/2005,8:00:00,,,0
secret,5/26/2005,9:00:00,,,0
secret,5/26/2005,10:00:00,,,0
secret,5/26/2005,11:00:00,,,0
secret,5/26/2005,12:00:00,,,0
secret,5/26/2005,13:00:00,,,0
secret,5/26/2005,14:00:00,,,0
secret,5/26/2005,15:00:00,,,0
secret,5/26/2005,16:00:00,,,0
secret,5/26/2005,17:00:00,,,0
secret,5/26/2005,18:00:00,,,0
secret,5/26/2005,19:00:00,,,0
secret,5/26/2005,20:00:00,,,0
secret,5/26/2005,21:00:00,,,0
secret,5/26/2005,22:00:00,,,0
secret,5/26/2005,23:00:00,,,0
secret,5/27/2005,0:00:00,,0,0
secret,5/27/2005,1:00:00,,,0
secret,5/27/2005,2:00:00,,,0
secret,5/27/2005,3:00:00,,,0
secret,5/27/2005,4:00:00,,,0
secret,5/27/2005,5:00:00,,,0
secret,5/27/2005,6:00:00,,,0
secret,5/27/2005,7:00:00,,,0
secret,5/27/2005,8:00:00,,,0
secret,5/27/2005,9:00:00,,,0
secret,5/27/2005,10:00:00,,,0
secret,5/27/2005,11:00:00,,,0
secret,5/27/2005,12:00:00,,,0
secret,5/27/2005,13:00:00,,,0
secret,5/27/2005,14:00:00,,,0
secret,5/27/2005,15:00:00,,,0
secret,5/27/2005,16:00:00,,,0
secret,5/27/2005,17:00:00,,,0
secret,5/27/2005,18:00:00,,,0
secret,5/27/2005,19:00:00,,,0
secret,5/27/2005,20:00:00,,,0
secret,5/27/2005,21:00:00,,,0
secret,5/27/2005,22:00:00,,,0
secret,5/27/2005,23:00:00,,,0
secret,5/28/2005,0:00:00,,0,0
secret,5/28/2005,1:00:00,,,0
secret,5/28/2005,2:00:00,,,0
secret,5/28/2005,3:00:00,,,0
secret,5/28/2005,4:00:00,,,0
secret,5/28/2005,5:00:00,,,0
secret,5/28/2005,6:00:00,,,0
secret,5/28/2005,7:00:00,,,0
secret,5/28/2005,8:00:00,,,0
secret,5/28/2005,9:00:00,,,0
secret,5/28/2005,10:00:00,,,0
secret,5/28/2005,11:00:00,,,0
secret,5/28/2005,12:00:00,,,0
secret,5/28/2005,13:00:00,,,0
secret,5/28/2005,14:00:00,,,0
secret,5/28/2005,15:00:00,,,0
secret,5/28/2005,16:00:00,,,0
secret,5/28/2005,17:00:00,,,0
secret,5/28/2005,18:00:00,,,0
secret,5/28/2005,19:00:00,,,0
secret,5/28/2005,20:00:00,,,0
secret,5/28/2005,21:00:00,,,0
secret,5/28/2005,22:00:00,,,0
secret,5/28/2005,23:00:00,,,0
secret,5/29/2005,0:00:00,,0,0
secret,5/29/2005,1:00:00,,,0
secret,5/29/2005,2:00:00,,,0
secret,5/29/2005,3:00:00,,,0
secret,5/29/2005,4:00:00,,,0
secret,5/29/2005,5:00:00,,,0
secret,5/29/2005,6:00:00,,,0
secret,5/29/2005,7:00:00,,,0
secret,5/29/2005,8:00:00,,,0
secret,5/29/2005,9:00:00,,,0
secret,5/29/2005,10:00:00,,,0
secret,5/29/2005,11:00:00,,,0
secret,5/29/2005,12:00:00,,,0
secret,5/29/2005,13:00:00,,,0
secret,5/29/2005,14:00:00,,,0
secret,5/29/2005,15:00:00,,,0
secret,5/29/2005,16:00:00,,,0
secret,5/29/2005,17:00:00,,,0
secret,5/29/2005,18:00:00,,,0
secret,5/29/2005,19:00:00,,,0
secret,5/29/2005,20:00:00,,,0
secret,5/29/2005,21:00:00,,,0
secret,5/29/2005,22:00:00,,,0
secret,5/29/2005,23:00:00,,,0
secret,5/30/2005,0:00:00,,0,0
secret,5/30/2005,1:00:00,,,0
secret,5/30/2005,2:00:00,,,0
secret,5/30/2005,3:00:00,,,0
secret,5/30/2005,4:00:00,,,0
secret,5/30/2005,5:00:00,,,0
secret,5/30/2005,6:00:00,,,0
secret,5/30/2005,7:00:00,,,0
secret,5/30/2005,8:00:00,,,0
secret,5/30/2005,9:00:00,,,0
secret,5/30/2005,10:00:00,,,0
secret,5/30/2005,11:00:00,,,0
secret,5/30/2005,12:00:00,,,0
secret,5/30/2005,13:00:00,,,0
secret,5/30/2005,14:00:00,,,0
secret,5/30/2005,15:00:00,,,0
secret,5/30/2005,16:00:00,,,0
secret,5/30/2005,17:00:00,,,0
secret,5/30/2005,18:00:00,,,0
secret,5/30/2005,19:00:00,,,0
secret,5/30/2005,20:00:00,,,0
secret,5/30/2005,21:00:00,,,0
secret,5/30/2005,22:00:00,,,0
secret,5/30/2005,23:00:00,,,0
secret,5/31/2005,0:00:00,,0,0
secret,5/31/2005,1:00:00,,,0
secret,5/31/2005,2:00:00,,,0
secret,5/31/2005,3:00:00,,,0
secret,5/31/2005,4:00:00,,,0
secret,5/31/2005,5:00:00,,,0
secret,5/31/2005,6:00:00,,,0
secret,5/31/2005,7:00:00,,,0
secret,5/31/2005,8:00:00,,,0
secret,5/31/2005,9:00:00,,,0
secret,5/31/2005,10:00:00,,,0
secret,5/31/2005,11:00:00,,,0
secret,5/31/2005,12:00:00,,,0
secret,5/31/2005,13:00:00,,,0
secret,5/31/2005,14:00:00,,,0
secret,5/31/2005,15:00:00,,,0
secret,5/31/2005,16:00:00,,,0
secret,5/31/2005,17:00:00,,,0
secret,5/31/2005,18:00:00,,,0
secret,5/31/2005,19:00:00,,,0
secret,5/31/2005,20:00:00,,,0
secret,5/31/2005,21:00:00,,,0
secret,5/31/2005,22:00:00,,,0
secret,5/31/2005,23:00:00,,,0
secret,6/1/2005,0:00:00,,0,0
secret,6/1/2005,1:00:00,,,0
secret,6/1/2005,2:00:00,,,0
secret,6/1/2005,3:00:00,,,0
secret,6/1/2005,4:00:00,,,0
secret,6/1/2005,5:00:00,,,0
secret,6/1/2005,6:00:00,,,0
secret,6/1/2005,7:00:00,,,0
secret,6/1/2005,8:00:00,,,0
secret,6/1/2005,9:00:00,,,0
secret,6/1/2005,10:00:00,,,0
secret,6/1/2005,11:00:00,,,0
secret,6/1/2005,12:00:00,,,0
secret,6/1/2005,13:00:00,,,0
secret,6/1/2005,14:00:00,,,0
secret,6/1/2005,15:00:00,,,0
secret,6/1/2005,16:00:00,,,0
secret,6/1/2005,17:00:00,,,0
secret,6/1/2005,18:00:00,,,0
secret,6/1/2005,19:00:00,,,0
secret,6/1/2005,20:00:00,,,0
secret,6/1/2005,21:00:00,,,0
secret,6/1/2005,22:00:00,,,0
secret,6/1/2005,23:00:00,,,0
secret,6/2/2005,0:00:00,,0,0
secret,6/2/2005,1:00:00,,,0
secret,6/2/2005,2:00:00,,,0
secret,6/2/2005,3:00:00,,,0
secret,6/2/2005,4:00:00,,,0
secret,6/2/2005,5:00:00,,,0
secret,6/2/2005,6:00:00,,,0
secret,6/2/2005,7:00:00,,,0
secret,6/2/2005,8:00:00,,,0
secret,6/2/2005,9:00:00,,,0
secret,6/2/2005,10:00:00,,,0
secret,6/2/2005,11:00:00,,,0
secret,6/2/2005,12:00:00,,,0
secret,6/2/2005,13:00:00,,,0
secret,6/2/2005,14:00:00,,,0
secret,6/2/2005,15:00:00,,,0
secret,6/2/2005,16:00:00,,,0
secret,6/2/2005,17:00:00,,,0
secret,6/2/2005,18:00:00,,,0
secret,6/2/2005,19:00:00,,,0
secret,6/2/2005,20:00:00,,,0
secret,6/2/2005,21:00:00,,,0
secret,6/2/2005,22:00:00,,,0
secret,6/2/2005,23:00:00,,,0
secret,6/3/2005,0:00:00,,0,0
secret,6/3/2005,1:00:00,,,0
secret,6/3/2005,2:00:00,,,0
secret,6/3/2005,3:00:00,,,0
secret,6/3/2005,4:00:00,,,0
secret,6/3/2005,5:00:00,,,0
secret,6/3/2005,6:00:00,,,0
secret,6/3/2005,7:00:00,,,0
secret,6/3/2005,8:00:00,,,0
secret,6/3/2005,9:00:00,,,0
secret,6/3/2005,10:00:00,,,0
secret,6/3/2005,11:00:00,,,0
secret,6/3/2005,12:00:00,,,0
secret,6/3/2005,13:00:00,,,0
secret,6/3/2005,14:00:00,,,0
secret,6/3/2005,15:00:00,,,0
secret,6/3/2005,16:00:00,,,0
secret,6/3/2005,17:00:00,,,0
secret,6/3/2005,18:00:00,,,0
secret,6/3/2005,19:00:00,,,0
secret,6/3/2005,20:00:00,,,0
secret,6/3/2005,21:00:00,,,0
secret,6/3/2005,22:00:00,,,0
secret,6/3/2005,23:00:00,,,0
secret,6/4/2005,0:00:00,,0,0
secret,6/4/2005,1:00:00,,,0
secret,6/4/2005,2:00:00,,,0
secret,6/4/2005,3:00:00,,,0
secret,6/4/2005,4:00:00,,,0
secret,6/4/2005,5:00:00,,,0
secret,6/4/2005,6:00:00,,,0
secret,6/4/2005,7:00:00,,,0
secret,6/4/2005,8:00:00,,,0
secret,6/4/2005,9:00:00,,,0
secret,6/4/2005,10:00:00,,,0
secret,6/4/2005,11:00:00,,,0
secret,6/4/2005,12:00:00,,,0
secret,6/4/2005,13:00:00,,,0
secret,6/4/2005,14:00:00,,,0
secret,6/4/2005,15:00:00,,,0
secret,6/4/2005,16:00:00,,,0
secret,6/4/2005,17:00:00,,,0
secret,6/4/2005,18:00:00,,,0
secret,6/4/2005,19:00:00,,,0
secret,6/4/2005,20:00:00,,,0
secret,6/4/2005,21:00:00,,,0
secret,6/4/2005,22:00:00,,,0
secret,6/4/2005,23:00:00,,,0
secret,6/5/2005,0:00:00,,0,0
secret,6/5/2005,1:00:00,,,0
secret,6/5/2005,2:00:00,,,0
secret,6/5/2005,3:00:00,,,0
secret,6/5/2005,4:00:00,,,0
secret,6/5/2005,5:00:00,,,0
secret,6/5/2005,6:00:00,,,0
secret,6/5/2005,7:00:00,,,0
secret,6/5/2005,8:00:00,,,0
secret,6/5/2005,9:00:00,,,0
secret,6/5/2005,10:00:00,,,0
secret,6/5/2005,11:00:00,,,0
secret,6/5/2005,12:00:00,,,0
secret,6/5/2005,13:00:00,,,0
secret,6/5/2005,14:00:00,,,0
secret,6/5/2005,15:00:00,,,0
secret,6/5/2005,16:00:00,,,0
secret,6/5/2005,17:00:00,,,0
secret,6/5/2005,18:00:00,,,0
secret,6/5/2005,19:00:00,,,0
secret,6/5/2005,20:00:00,,,0
secret,6/5/2005,21:00:00,,,0
secret,6/5/2005,22:00:00,,,0
secret,6/5/2005,23:00:00,,,0
secret,6/6/2005,0:00:00,,0,0
secret,6/6/2005,1:00:00,,,0
secret,6/6/2005,2:00:00,,,0
secret,6/6/2005,3:00:00,,,0
secret,6/6/2005,4:00:00,,,0
secret,6/6/2005,5:00:00,,,0
secret,6/6/2005,6:00:00,,,0
secret,6/6/2005,7:00:00,,,0
secret,6/6/2005,8:00:00,,,0
secret,6/6/2005,9:00:00,,,0
secret,6/6/2005,10:00:00,,,0
secret,6/6/2005,11:00:00,,,0
secret,6/6/2005,12:00:00,,,0
secret,6/6/2005,13:00:00,,,0
secret,6/6/2005,14:00:00,,,0
secret,6/6/2005,15:00:00,,,0
secret,6/6/2005,16:00:00,,,0
secret,6/6/2005,17:00:00,,,0
secret,6/6/2005,18:00:00,,,0
secret,6/6/2005,19:00:00,,,0
secret,6/6/2005,20:00:00,,,0
secret,6/6/2005,21:00:00,,,0
secret,6/6/2005,22:00:00,,,0
secret,6/6/2005,23:00:00,,,0
secret,6/7/2005,0:00:00,,0,0
secret,6/7/2005,1:00:00,,,0
secret,6/7/2005,2:00:00,,,0
secret,6/7/2005,3:00:00,,,0
secret,6/7/2005,4:00:00,,,0
secret,6/7/2005,5:00:00,,,0
secret,6/7/2005,6:00:00,,,0
secret,6/7/2005,7:00:00,,,0
secret,6/7/2005,8:00:00,,,0
secret,6/7/2005,9:00:00,,,0
secret,6/7/2005,10:00:00,,,0
secret,6/7/2005,11:00:00,,,0
secret,6/7/2005,12:00:00,,,0
secret,6/7/2005,13:00:00,,,0
secret,6/7/2005,14:00:00,,,0
secret,6/7/2005,15:00:00,,,0
secret,6/7/2005,16:00:00,,,0
secret,6/7/2005,17:00:00,,,0
secret,6/7/2005,18:00:00,,,0
secret,6/7/2005,19:00:00,,,0
secret,6/7/2005,20:00:00,,,0
secret,6/7/2005,21:00:00,,,0
secret,6/7/2005,22:00:00,,,0
secret,6/7/2005,23:00:00,,,0
secret,6/8/2005,0:00:00,,60,0
secret,6/8/2005,1:00:00,,,1
secret,6/8/2005,1:46:24,387402,,
secret,6/8/2005,2:00:00,,,3
secret,6/8/2005,2:10:33,387403,,
secret,6/8/2005,2:31:49,387404,,
secret,6/8/2005,2:59:44,387405,,
secret,6/8/2005,3:00:00,,,0
secret,6/8/2005,4:00:00,,,3
secret,6/8/2005,4:04:35,387406,,
secret,6/8/2005,4:42:55,387407,,
secret,6/8/2005,4:59:57,387408,,
secret,6/8/2005,5:00:00,,,3
secret,6/8/2005,5:12:29,387409,,
secret,6/8/2005,5:31:27,387410,,
secret,6/8/2005,5:57:11,387411,,
secret,6/8/2005,6:00:00,,,3
secret,6/8/2005,6:06:55,387412,,
secret,6/8/2005,6:26:37,387413,,
secret,6/8/2005,6:41:14,387414,,
secret,6/8/2005,7:00:00,,,1
secret,6/8/2005,7:04:45,387415,,
secret,6/8/2005,8:00:00,,,1
secret,6/8/2005,8:06:26,387416,,
secret,6/8/2005,9:00:00,,,9
secret,6/8/2005,9:08:33,387417,,
secret,6/8/2005,9:24:06,387418,,
secret,6/8/2005,9:28:18,387419,,
secret,6/8/2005,9:31:37,387420,,
secret,6/8/2005,9:41:52,387421,,
secret,6/8/2005,9:49:13,387422,,
secret,6/8/2005,9:52:52,387423,,
secret,6/8/2005,9:54:33,387424,,
secret,6/8/2005,9:57:28,387425,,
secret,6/8/2005,10:00:00,,,3
secret,6/8/2005,10:00:03,387426,,
secret,6/8/2005,10:07:55,387427,,
secret,6/8/2005,10:26:38,387428,,
secret,6/8/2005,11:00:00,,,2
secret,6/8/2005,11:15:19,387429,,
secret,6/8/2005,11:36:30,387430,,
secret,6/8/2005,12:00:00,,,4
secret,6/8/2005,12:05:04,387431,,
secret,6/8/2005,12:30:08,387432,,
secret,6/8/2005,12:42:16,387433,,
secret,6/8/2005,12:50:46,387434,,
secret,6/8/2005,13:00:00,,,5
secret,6/8/2005,13:04:43,387435,,
secret,6/8/2005,13:13:37,387436,,
secret,6/8/2005,13:23:06,387437,,
secret,6/8/2005,13:30:28,387438,,
secret,6/8/2005,13:50:13,387439,,
secret,6/8/2005,14:00:00,,,3
secret,6/8/2005,14:02:05,387440,,
secret,6/8/2005,14:30:48,387441,,
secret,6/8/2005,14:54:47,387442,,
secret,6/8/2005,15:00:00,,,3
secret,6/8/2005,15:35:42,387443,,
secret,6/8/2005,15:47:17,387444,,
secret,6/8/2005,15:59:15,387445,,
secret,6/8/2005,16:00:00,,,5
secret,6/8/2005,16:08:40,387446,,
secret,6/8/2005,16:14:57,387447,,
secret,6/8/2005,16:22:17,387448,,
secret,6/8/2005,16:28:15,387449,,
secret,6/8/2005,16:46:26,387450,,
secret,6/8/2005,17:00:00,,,5
secret,6/8/2005,17:05:40,387451,,
secret,6/8/2005,17:11:38,387452,,
secret,6/8/2005,17:15:19,387453,,
secret,6/8/2005,17:35:12,387454,,
secret,6/8/2005,17:50:16,387455,,
secret,6/8/2005,18:00:00,,,1
secret,6/8/2005,18:38:45,387456,,
secret,6/8/2005,19:00:00,,,1
secret,6/8/2005,19:51:46,387457,,
secret,6/8/2005,20:00:00,,,2
secret,6/8/2005,20:43:06,387458,,
secret,6/8/2005,20:58:25,387459,,
secret,6/8/2005,21:00:00,,,1
secret,6/8/2005,21:37:44,387460,,
secret,6/8/2005,22:00:00,,,1
secret,6/8/2005,22:54:50,387461,,
secret,6/8/2005,23:00:00,,,0
secret,6/9/2005,0:00:00,,0,0
secret,6/9/2005,1:00:00,,,0
secret,6/9/2005,2:00:00,,,0
secret,6/9/2005,3:00:00,,,0
secret,6/9/2005,4:00:00,,,0
secret,6/9/2005,5:00:00,,,0
secret,6/9/2005,6:00:00,,,0
secret,6/9/2005,7:00:00,,,0
secret,6/9/2005,8:00:00,,,0
secret,6/9/2005,9:00:00,,,0
secret,6/9/2005,10:00:00,,,0
secret,6/9/2005,11:00:00,,,0
secret,6/9/2005,12:00:00,,,0
secret,6/9/2005,13:00:00,,,0
secret,6/9/2005,14:00:00,,,0
secret,6/9/2005,15:00:00,,,0
secret,6/9/2005,16:00:00,,,0
secret,6/9/2005,17:00:00,,,0
secret,6/9/2005,18:00:00,,,0
secret,6/9/2005,19:00:00,,,0
secret,6/9/2005,20:00:00,,,0
secret,6/9/2005,21:00:00,,,0
secret,6/9/2005,22:00:00,,,0
secret,6/9/2005,23:00:00,,,0
secret,6/10/2005,0:00:00,,0,0
secret,6/10/2005,1:00:00,,,0
secret,6/10/2005,2:00:00,,,0
secret,6/10/2005,3:00:00,,,0
secret,6/10/2005,4:00:00,,,0
secret,6/10/2005,5:00:00,,,0
secret,6/10/2005,6:00:00,,,0
secret,6/10/2005,7:00:00,,,0
secret,6/10/2005,8:00:00,,,0
secret,6/10/2005,9:00:00,,,0
secret,6/10/2005,10:00:00,,,0
secret,6/10/2005,11:00:00,,,0
secret,6/10/2005,12:00:00,,,0
secret,6/10/2005,13:00:00,,,0
secret,6/10/2005,14:00:00,,,0
secret,6/10/2005,15:00:00,,,0
secret,6/10/2005,16:00:00,,,0
secret,6/10/2005,17:00:00,,,0
secret,6/10/2005,18:00:00,,,0
secret,6/10/2005,19:00:00,,,0
secret,6/10/2005,20:00:00,,,0
secret,6/10/2005,21:00:00,,,0
secret,6/10/2005,22:00:00,,,0
secret,6/10/2005,23:00:00,,,0
secret,6/11/2005,0:00:00,,0,0
secret,6/11/2005,1:00:00,,,0
secret,6/11/2005,2:00:00,,,0
secret,6/11/2005,3:00:00,,,0
secret,6/11/2005,4:00:00,,,0
secret,6/11/2005,5:00:00,,,0
secret,6/11/2005,6:00:00,,,0
secret,6/11/2005,7:00:00,,,0
secret,6/11/2005,8:00:00,,,0
secret,6/11/2005,9:00:00,,,0
secret,6/11/2005,10:00:00,,,0
secret,6/11/2005,11:00:00,,,0
secret,6/11/2005,12:00:00,,,0
secret,6/11/2005,13:00:00,,,0
secret,6/11/2005,14:00:00,,,0
secret,6/11/2005,15:00:00,,,0
secret,6/11/2005,16:00:00,,,0
secret,6/11/2005,17:00:00,,,0
secret,6/11/2005,18:00:00,,,0
secret,6/11/2005,19:00:00,,,0
secret,6/11/2005,20:00:00,,,0
secret,6/11/2005,21:00:00,,,0
secret,6/11/2005,22:00:00,,,0
secret,6/11/2005,23:00:00,,,0
secret,6/12/2005,0:00:00,,0,0
secret,6/12/2005,1:00:00,,,0
secret,6/12/2005,2:00:00,,,0
secret,6/12/2005,3:00:00,,,0
secret,6/12/2005,4:00:00,,,0
secret,6/12/2005,5:00:00,,,0
secret,6/12/2005,6:00:00,,,0
secret,6/12/2005,7:00:00,,,0
secret,6/12/2005,8:00:00,,,0
secret,6/12/2005,9:00:00,,,0
secret,6/12/2005,10:00:00,,,0
secret,6/12/2005,11:00:00,,,0
secret,6/12/2005,12:00:00,,,0
secret,6/12/2005,13:00:00,,,0
secret,6/12/2005,14:00:00,,,0
secret,6/12/2005,15:00:00,,,0
secret,6/12/2005,16:00:00,,,0
secret,6/12/2005,17:00:00,,,0
secret,6/12/2005,18:00:00,,,0
secret,6/12/2005,19:00:00,,,0
secret,6/12/2005,20:00:00,,,0
secret,6/12/2005,21:00:00,,,0
secret,6/12/2005,22:00:00,,,0
secret,6/12/2005,23:00:00,,,0
secret,6/13/2005,0:00:00,,0,0
secret,6/13/2005,1:00:00,,,0
secret,6/13/2005,2:00:00,,,0
secret,6/13/2005,3:00:00,,,0
secret,6/13/2005,4:00:00,,,0
secret,6/13/2005,5:00:00,,,0
secret,6/13/2005,6:00:00,,,0
secret,6/13/2005,7:00:00,,,0
secret,6/13/2005,8:00:00,,,0
secret,6/13/2005,9:00:00,,,0
secret,6/13/2005,10:00:00,,,0
secret,6/13/2005,11:00:00,,,0
secret,6/13/2005,12:00:00,,,0
secret,6/13/2005,13:00:00,,,0
secret,6/13/2005,14:00:00,,,0
secret,6/13/2005,15:00:00,,,0
secret,6/13/2005,16:00:00,,,0
secret,6/13/2005,17:00:00,,,0
secret,6/13/2005,18:00:00,,,0
secret,6/13/2005,19:00:00,,,0
secret,6/13/2005,20:00:00,,,0
secret,6/13/2005,21:00:00,,,0
secret,6/13/2005,22:00:00,,,0
secret,6/13/2005,23:00:00,,,0
secret,6/14/2005,0:00:00,,0,0
secret,6/14/2005,1:00:00,,,0
secret,6/14/2005,2:00:00,,,0
secret,6/14/2005,3:00:00,,,0
secret,6/14/2005,4:00:00,,,0
secret,6/14/2005,5:00:00,,,0
secret,6/14/2005,6:00:00,,,0
secret,6/14/2005,7:00:00,,,0
secret,6/14/2005,8:00:00,,,0
secret,6/14/2005,9:00:00,,,0
secret,6/14/2005,10:00:00,,,0
secret,6/14/2005,11:00:00,,,0
secret,6/14/2005,12:00:00,,,0
secret,6/14/2005,13:00:00,,,0
secret,6/14/2005,14:00:00,,,0
secret,6/14/2005,15:00:00,,,0
secret,6/14/2005,16:00:00,,,0
secret,6/14/2005,17:00:00,,,0
secret,6/14/2005,18:00:00,,,0
secret,6/14/2005,19:00:00,,,0
secret,6/14/2005,20:00:00,,,0
secret,6/14/2005,21:00:00,,,0
secret,6/14/2005,22:00:00,,,0
secret,6/14/2005,23:00:00,,,0
secret,6/15/2005,0:00:00,,0,0
secret,6/15/2005,1:00:00,,,0
secret,6/15/2005,2:00:00,,,0
secret,6/15/2005,3:00:00,,,0
secret,6/15/2005,4:00:00,,,0
secret,6/15/2005,5:00:00,,,0
secret,6/15/2005,6:00:00,,,0
secret,6/15/2005,7:00:00,,,0
secret,6/15/2005,8:00:00,,,0
secret,6/15/2005,9:00:00,,,0
secret,6/15/2005,10:00:00,,,0
secret,6/15/2005,11:00:00,,,0
secret,6/15/2005,12:00:00,,,0
secret,6/15/2005,13:00:00,,,0
secret,6/15/2005,14:00:00,,,0
secret,6/15/2005,15:00:00,,,0
secret,6/15/2005,16:00:00,,,0
secret,6/15/2005,17:00:00,,,0
secret,6/15/2005,18:00:00,,,0
secret,6/15/2005,19:00:00,,,0
secret,6/15/2005,20:00:00,,,0
secret,6/15/2005,21:00:00,,,0
secret,6/15/2005,22:00:00,,,0
secret,6/15/2005,23:00:00,,,0
secret,6/16/2005,0:00:00,,47,0
secret,6/16/2005,1:00:00,,,0
secret,6/16/2005,2:00:00,,,0
secret,6/16/2005,3:00:00,,,0
secret,6/16/2005,4:00:00,,,0
secret,6/16/2005,5:00:00,,,0
secret,6/16/2005,6:00:00,,,0
secret,6/16/2005,7:00:00,,,1
secret,6/16/2005,7:46:27,387462,,
secret,6/16/2005,8:00:00,,,2
secret,6/16/2005,8:02:17,387463,,
secret,6/16/2005,8:57:58,387464,,
secret,6/16/2005,9:00:00,,,8
secret,6/16/2005,9:21:49,387465,,
secret,6/16/2005,9:28:31,387466,,
secret,6/16/2005,9:37:12,387467,,
secret,6/16/2005,9:40:43,387468,,
secret,6/16/2005,9:46:36,387469,,
secret,6/16/2005,9:49:37,387470,,
secret,6/16/2005,9:54:17,387471,,
secret,6/16/2005,9:58:46,387472,,
secret,6/16/2005,10:00:00,,,8
secret,6/16/2005,10:10:44,387473,,
secret,6/16/2005,10:19:12,387474,,
secret,6/16/2005,10:33:12,387475,,
secret,6/16/2005,10:39:33,387476,,
secret,6/16/2005,10:41:36,387477,,
secret,6/16/2005,10:43:21,387478,,
secret,6/16/2005,10:47:31,387479,,
secret,6/16/2005,10:56:02,387480,,
secret,6/16/2005,11:00:00,,,15
secret,6/16/2005,11:01:37,387481,,
secret,6/16/2005,11:02:51,387482,,
secret,6/16/2005,11:06:40,387483,,
secret,6/16/2005,11:10:28,387484,,
secret,6/16/2005,11:15:14,387485,,
secret,6/16/2005,11:21:13,387486,,
secret,6/16/2005,11:29:45,387487,,
secret,6/16/2005,11:34:13,387488,,
secret,6/16/2005,11:37:30,387489,,
secret,6/16/2005,11:38:26,387490,,
secret,6/16/2005,11:39:43,387491,,
secret,6/16/2005,11:41:06,387492,,
secret,6/16/2005,11:45:13,387493,,
secret,6/16/2005,11:48:53,387494,,
secret,6/16/2005,11:57:35,387495,,
secret,6/16/2005,12:00:00,,,8
secret,6/16/2005,12:03:06,387496,,
secret,6/16/2005,12:06:09,387497,,
secret,6/16/2005,12:10:29,387498,,
secret,6/16/2005,12:15:53,387499,,
secret,6/16/2005,12:22:48,387500,,
secret,6/16/2005,12:34:15,387501,,
secret,6/16/2005,12:43:14,387502,,
secret,6/16/2005,12:52:00,387503,,
secret,6/16/2005,13:00:00,,,1
secret,6/16/2005,13:07:36,387504,,
secret,6/16/2005,14:00:00,,,0
secret,6/16/2005,15:00:00,,,0
secret,6/16/2005,16:00:00,,,2
secret,6/16/2005,16:34:07,387505,,
secret,6/16/2005,16:43:38,387506,,
secret,6/16/2005,17:00:00,,,0
secret,6/16/2005,18:00:00,,,0
secret,6/16/2005,19:00:00,,,1
secret,6/16/2005,19:32:31,387507,,
secret,6/16/2005,20:00:00,,,0
secret,6/16/2005,21:00:00,,,1
secret,6/16/2005,21:34:00,387508,,
secret,6/16/2005,22:00:00,,,0
secret,6/16/2005,23:00:00,,,0
secret,6/17/2005,0:00:00,,11,0
secret,6/17/2005,1:00:00,,,0
secret,6/17/2005,2:00:00,,,0
secret,6/17/2005,3:00:00,,,0
secret,6/17/2005,4:00:00,,,0
secret,6/17/2005,5:00:00,,,0
secret,6/17/2005,6:00:00,,,0
secret,6/17/2005,7:00:00,,,1
secret,6/17/2005,7:06:40,387509,,
secret,6/17/2005,8:00:00,,,0
secret,6/17/2005,9:00:00,,,0
secret,6/17/2005,10:00:00,,,0
secret,6/17/2005,11:00:00,,,0
secret,6/17/2005,12:00:00,,,0
secret,6/17/2005,13:00:00,,,0
secret,6/17/2005,14:00:00,,,0
secret,6/17/2005,15:00:00,,,0
secret,6/17/2005,16:00:00,,,0
secret,6/17/2005,17:00:00,,,0
secret,6/17/2005,18:00:00,,,0
secret,6/17/2005,19:00:00,,,0
secret,6/17/2005,20:00:00,,,3
secret,6/17/2005,20:51:10,387510,,
secret,6/17/2005,20:54:36,387511,,
secret,6/17/2005,20:57:29,387512,,
secret,6/17/2005,21:00:00,,,6
secret,6/17/2005,21:00:02,387513,,
secret,6/17/2005,21:01:32,387514,,
secret,6/17/2005,21:03:11,387515,,
secret,6/17/2005,21:04:15,387516,,
secret,6/17/2005,21:05:32,387517,,
secret,6/17/2005,21:07:18,387518,,
secret,6/17/2005,22:00:00,,,1
secret,6/17/2005,22:02:42,387519,,
secret,6/17/2005,23:00:00,,,0
secret,6/18/2005,0:00:00,,2,1
secret,6/18/2005,0:35:58,387520,,
secret,6/18/2005,1:00:00,,,0
secret,6/18/2005,2:00:00,,,1
secret,6/18/2005,2:31:05,387521,,
