"","id","year","month","day","daily_ppt","date"
"1","mitsui",2003,11,1,0,2003-11-01
"2","mitsui",2003,11,2,0.28,2003-11-02
"3","mitsui",2003,11,3,0,2003-11-03
"4","mitsui",2003,11,4,0,2003-11-04
"5","mitsui",2003,11,5,0.01,2003-11-05
"6","mitsui",2003,11,6,0.4,2003-11-06
"7","mitsui",2003,11,7,0.21,2003-11-07
"8","mitsui",2003,11,8,0.96,2003-11-08
"9","mitsui",2003,11,9,0.81,2003-11-09
"10","mitsui",2003,11,10,0.01,2003-11-10
"11","mitsui",2003,11,11,0,2003-11-11
"12","mitsui",2003,11,12,0,2003-11-12
"13","mitsui",2003,11,13,0,2003-11-13
"14","mitsui",2003,11,14,0.41,2003-11-14
"15","mitsui",2003,11,15,0.18,2003-11-15
"16","mitsui",2003,11,16,0.05,2003-11-16
"17","mitsui",2003,11,17,0.01,2003-11-17
"18","mitsui",2003,11,18,0,2003-11-18
"19","mitsui",2003,11,19,0,2003-11-19
"20","mitsui",2003,11,20,0,2003-11-20
"21","mitsui",2003,11,21,0,2003-11-21
"22","mitsui",2003,11,22,0,2003-11-22
"23","mitsui",2003,11,23,0,2003-11-23
"24","mitsui",2003,11,24,0,2003-11-24
"25","mitsui",2003,11,25,0,2003-11-25
"26","mitsui",2003,11,26,0,2003-11-26
"27","mitsui",2003,11,27,0,2003-11-27
"28","mitsui",2003,11,28,0.08,2003-11-28
"29","mitsui",2003,11,29,0.12,2003-11-29
"30","mitsui",2003,11,30,0.37,2003-11-30
"31","mitsui",2003,12,1,0.99,2003-12-01
"32","mitsui",2003,12,2,0.07,2003-12-02
"33","mitsui",2003,12,3,0,2003-12-03
"34","mitsui",2003,12,4,0.22,2003-12-04
"35","mitsui",2003,12,5,0.17,2003-12-05
"36","mitsui",2003,12,6,0.95,2003-12-06
"37","mitsui",2003,12,7,0,2003-12-07
"38","mitsui",2003,12,8,0,2003-12-08
"39","mitsui",2003,12,9,1.33,2003-12-09
"40","mitsui",2003,12,10,0.35,2003-12-10
"41","mitsui",2003,12,11,0,2003-12-11
"42","mitsui",2003,12,12,0.57,2003-12-12
"43","mitsui",2003,12,13,0.57,2003-12-13
"44","mitsui",2003,12,14,0.04,2003-12-14
"45","mitsui",2003,12,15,0,2003-12-15
"46","mitsui",2003,12,16,0,2003-12-16
"47","mitsui",2003,12,17,0,2003-12-17
"48","mitsui",2003,12,18,0,2003-12-18
"49","mitsui",2003,12,19,0.47,2003-12-19
"50","mitsui",2003,12,20,0.36,2003-12-20
"51","mitsui",2003,12,21,0,2003-12-21
"52","mitsui",2003,12,22,0,2003-12-22
"53","mitsui",2003,12,23,0.7,2003-12-23
"54","mitsui",2003,12,24,1.15,2003-12-24
"55","mitsui",2003,12,25,0,2003-12-25
"56","mitsui",2003,12,26,0,2003-12-26
"57","mitsui",2003,12,27,0,2003-12-27
"58","mitsui",2003,12,28,0.38,2003-12-28
"59","mitsui",2003,12,29,2.31,2003-12-29
"60","mitsui",2003,12,30,0.01,2003-12-30
"61","mitsui",2003,12,31,0.22,2003-12-31
"62","mitsui",2004,1,1,0.84,2004-01-01
"63","mitsui",2004,1,2,0.26,2004-01-02
"64","mitsui",2004,1,3,0,2004-01-03
"65","mitsui",2004,1,4,0,2004-01-04
"66","mitsui",2004,1,5,0,2004-01-05
"67","mitsui",2004,1,6,0.08,2004-01-06
"68","mitsui",2004,1,7,0.1,2004-01-07
"69","mitsui",2004,1,8,0.02,2004-01-08
"70","mitsui",2004,1,9,0.54,2004-01-09
"71","mitsui",2004,1,10,0.01,2004-01-10
"72","mitsui",2004,1,11,0,2004-01-11
"73","mitsui",2004,1,12,0.01,2004-01-12
"74","mitsui",2004,1,13,0,2004-01-13
"75","mitsui",2004,1,14,0.07,2004-01-14
"76","mitsui",2004,1,15,0,2004-01-15
"77","mitsui",2004,1,16,0,2004-01-16
"78","mitsui",2004,1,17,0,2004-01-17
"79","mitsui",2004,1,18,0,2004-01-18
"80","mitsui",2004,1,19,0.01,2004-01-19
"81","mitsui",2004,1,20,0,2004-01-20
"82","mitsui",2004,1,21,0,2004-01-21
"83","mitsui",2004,1,22,0,2004-01-22
"84","mitsui",2004,1,23,0.2,2004-01-23
"85","mitsui",2004,1,24,0.02,2004-01-24
"86","mitsui",2004,1,25,0,2004-01-25
"87","mitsui",2004,1,26,0.14,2004-01-26
"88","mitsui",2004,1,27,0.45,2004-01-27
"89","mitsui",2004,1,28,0,2004-01-28
"90","mitsui",2004,1,29,0,2004-01-29
"91","mitsui",2004,1,30,0.1,2004-01-30
"92","mitsui",2004,1,31,0,2004-01-31
"93","mitsui",2004,2,1,0.18,2004-02-01
"94","mitsui",2004,2,2,1.08,2004-02-02
"95","mitsui",2004,2,3,0.1,2004-02-03
"96","mitsui",2004,2,4,0,2004-02-04
"97","mitsui",2004,2,5,0,2004-02-05
"98","mitsui",2004,2,6,0.21,2004-02-06
"99","mitsui",2004,2,7,0,2004-02-07
"100","mitsui",2004,2,8,0,2004-02-08
"101","mitsui",2004,2,9,0,2004-02-09
"102","mitsui",2004,2,10,0,2004-02-10
"103","mitsui",2004,2,11,0,2004-02-11
"104","mitsui",2004,2,12,0,2004-02-12
"105","mitsui",2004,2,13,0.06,2004-02-13
"106","mitsui",2004,2,14,0,2004-02-14
"107","mitsui",2004,2,15,0.31,2004-02-15
"108","mitsui",2004,2,16,2.13,2004-02-16
"109","mitsui",2004,2,17,1.34,2004-02-17
"110","mitsui",2004,2,18,0.02,2004-02-18
"111","mitsui",2004,2,19,0,2004-02-19
"112","mitsui",2004,2,20,0.05,2004-02-20
"113","mitsui",2004,2,21,0.09,2004-02-21
"114","mitsui",2004,2,22,0.23,2004-02-22
"115","mitsui",2004,2,23,0.05,2004-02-23
"116","mitsui",2004,2,24,0.2,2004-02-24
"117","mitsui",2004,2,25,1.11,2004-02-25
"118","mitsui",2004,2,26,0.55,2004-02-26
"119","mitsui",2004,2,27,0,2004-02-27
"120","mitsui",2004,2,28,0,2004-02-28
"121","mitsui",2004,2,29,0.04,2004-02-29
"122","mitsui",2004,3,1,0.29,2004-03-01
"123","mitsui",2004,3,2,0,2004-03-02
"124","mitsui",2004,3,3,0,2004-03-03
"125","mitsui",2004,3,4,0,2004-03-04
"126","mitsui",2004,3,5,0,2004-03-05
"127","mitsui",2004,3,6,0,2004-03-06
"128","mitsui",2004,3,7,0,2004-03-07
"129","mitsui",2004,3,8,0,2004-03-08
"130","mitsui",2004,3,9,0,2004-03-09
"131","mitsui",2004,3,10,0,2004-03-10
"132","mitsui",2004,3,11,0,2004-03-11
"133","mitsui",2004,3,12,0,2004-03-12
"134","mitsui",2004,3,13,0,2004-03-13
"135","mitsui",2004,3,14,0,2004-03-14
"136","mitsui",2004,3,15,0,2004-03-15
"137","mitsui",2004,3,16,0,2004-03-16
"138","mitsui",2004,3,17,0,2004-03-17
"139","mitsui",2004,3,18,0,2004-03-18
"140","mitsui",2004,3,19,0,2004-03-19
"141","mitsui",2004,3,20,0,2004-03-20
"142","mitsui",2004,3,21,0,2004-03-21
"143","mitsui",2004,3,22,0,2004-03-22
"144","mitsui",2004,3,23,0,2004-03-23
"145","mitsui",2004,3,24,0,2004-03-24
"146","mitsui",2004,3,25,0.66,2004-03-25
"147","mitsui",2004,3,26,0.11,2004-03-26
"148","mitsui",2004,3,27,0.1,2004-03-27
"149","mitsui",2004,3,28,0,2004-03-28
"150","mitsui",2004,3,29,0,2004-03-29
"151","mitsui",2004,3,30,0,2004-03-30
"152","mitsui",2004,3,31,0,2004-03-31
"153","mitsui",2004,4,1,0,2004-04-01
"154","mitsui",2004,4,2,0,2004-04-02
"155","mitsui",2004,4,3,0,2004-04-03
"156","mitsui",2004,4,4,0,2004-04-04
"157","mitsui",2004,4,5,0,2004-04-05
"158","mitsui",2004,4,6,0,2004-04-06
"159","mitsui",2004,4,7,0,2004-04-07
"160","mitsui",2004,4,8,0,2004-04-08
"161","mitsui",2004,4,9,0,2004-04-09
"162","mitsui",2004,4,10,0,2004-04-10
"163","mitsui",2004,4,11,0,2004-04-11
"164","mitsui",2004,4,12,0,2004-04-12
"165","mitsui",2004,4,13,0,2004-04-13
"166","mitsui",2004,4,14,0.05,2004-04-14
"167","mitsui",2004,4,15,0.01,2004-04-15
"168","mitsui",2004,4,16,0.04,2004-04-16
"169","mitsui",2004,4,17,0.03,2004-04-17
"170","mitsui",2004,4,18,0.43,2004-04-18
"171","mitsui",2004,4,19,0.51,2004-04-19
"172","mitsui",2004,4,20,0,2004-04-20
"173","mitsui",2004,4,21,0.04,2004-04-21
"174","mitsui",2004,4,22,0,2004-04-22
"175","mitsui",2004,4,23,0,2004-04-23
"176","mitsui",2004,4,24,0,2004-04-24
"177","mitsui",2004,4,25,0,2004-04-25
"178","mitsui",2004,4,26,0,2004-04-26
"179","mitsui",2004,4,27,0,2004-04-27
"180","mitsui",2004,4,28,0,2004-04-28
"181","mitsui",2004,4,29,0,2004-04-29
"182","mitsui",2004,4,30,0,2004-04-30
"183","mitsui",2004,5,1,0,2004-05-01
"184","mitsui",2004,5,2,0,2004-05-02
"185","mitsui",2004,5,3,0,2004-05-03
"186","mitsui",2004,5,4,0,2004-05-04
"187","mitsui",2004,5,5,0,2004-05-05
"188","mitsui",2004,5,6,0,2004-05-06
"189","mitsui",2004,5,7,0,2004-05-07
"190","mitsui",2004,5,8,0,2004-05-08
"191","mitsui",2004,5,9,0,2004-05-09
"192","mitsui",2004,5,10,0,2004-05-10
"193","mitsui",2004,5,11,0,2004-05-11
"194","mitsui",2004,5,12,0,2004-05-12
"195","mitsui",2004,5,13,0,2004-05-13
"196","mitsui",2004,5,14,0,2004-05-14
"197","mitsui",2004,5,15,0,2004-05-15
"198","mitsui",2004,5,16,0,2004-05-16
"199","mitsui",2004,5,17,0,2004-05-17
"200","mitsui",2004,5,18,0,2004-05-18
"201","mitsui",2004,5,19,0,2004-05-19
"202","mitsui",2004,5,20,0,2004-05-20
"203","mitsui",2004,5,21,0,2004-05-21
"204","mitsui",2004,5,22,0,2004-05-22
"205","mitsui",2004,5,23,0,2004-05-23
"206","mitsui",2004,5,24,0,2004-05-24
"207","mitsui",2004,5,25,0,2004-05-25
"208","mitsui",2004,5,26,0.01,2004-05-26
"209","mitsui",2004,5,27,0.05,2004-05-27
"210","mitsui",2004,5,28,0.05,2004-05-28
"211","mitsui",2004,5,29,0,2004-05-29
"212","mitsui",2004,5,30,0,2004-05-30
"213","mitsui",2004,5,31,0,2004-05-31
"214","mitsui",2004,6,1,0,2004-06-01
"215","mitsui",2004,6,2,0,2004-06-02
"216","mitsui",2004,6,3,0,2004-06-03
"217","mitsui",2004,6,4,0,2004-06-04
"218","mitsui",2004,6,5,0,2004-06-05
"219","mitsui",2004,6,6,0,2004-06-06
"220","mitsui",2004,6,7,0,2004-06-07
"221","mitsui",2004,6,8,0,2004-06-08
"222","mitsui",2004,6,9,0,2004-06-09
"223","mitsui",2004,6,10,0,2004-06-10
"224","mitsui",2004,6,11,0.02,2004-06-11
"225","mitsui",2004,6,12,0,2004-06-12
"226","mitsui",2004,6,13,0,2004-06-13
"227","mitsui",2004,6,14,0,2004-06-14
"228","mitsui",2004,6,15,0,2004-06-15
"229","mitsui",2004,6,16,0,2004-06-16
"230","mitsui",2004,6,17,0,2004-06-17
"231","mitsui",2004,6,18,0,2004-06-18
"232","mitsui",2004,6,19,0,2004-06-19
"233","mitsui",2004,6,20,0,2004-06-20
"234","mitsui",2004,6,21,0,2004-06-21
"235","mitsui",2004,6,22,0,2004-06-22
"236","mitsui",2004,6,23,0,2004-06-23
"237","mitsui",2004,6,24,0,2004-06-24
"238","mitsui",2004,6,25,0,2004-06-25
"239","mitsui",2004,6,26,0,2004-06-26
"240","mitsui",2004,6,27,0,2004-06-27
"241","mitsui",2004,6,28,0,2004-06-28
"242","mitsui",2004,6,29,0,2004-06-29
"243","mitsui",2004,6,30,0,2004-06-30
"244","mitsui",2004,7,1,0,2004-07-01
"245","mitsui",2004,7,2,0,2004-07-02
"246","mitsui",2004,7,3,0,2004-07-03
"247","mitsui",2004,7,4,0,2004-07-04
"248","mitsui",2004,7,5,0,2004-07-05
"249","mitsui",2004,7,6,0,2004-07-06
"250","mitsui",2004,7,7,0,2004-07-07
"251","mitsui",2004,7,8,0,2004-07-08
"252","mitsui",2004,7,9,0,2004-07-09
"253","mitsui",2004,7,10,0,2004-07-10
"254","mitsui",2004,7,11,0,2004-07-11
"255","mitsui",2004,7,12,0,2004-07-12
"256","mitsui",2004,7,13,0,2004-07-13
"257","mitsui",2004,7,14,0,2004-07-14
"258","mitsui",2004,7,15,0,2004-07-15
"259","mitsui",2004,7,16,0,2004-07-16
"260","mitsui",2004,7,17,0,2004-07-17
"261","mitsui",2004,7,18,0,2004-07-18
"262","mitsui",2004,7,19,0,2004-07-19
"263","mitsui",2004,7,20,0,2004-07-20
"264","mitsui",2004,7,21,0,2004-07-21
"265","mitsui",2004,7,22,0,2004-07-22
"266","mitsui",2004,7,23,0,2004-07-23
"267","mitsui",2004,7,24,0,2004-07-24
"268","mitsui",2004,7,25,0,2004-07-25
"269","mitsui",2004,7,26,0,2004-07-26
"270","mitsui",2004,7,27,0,2004-07-27
"271","mitsui",2004,7,28,0,2004-07-28
"272","mitsui",2004,7,29,0,2004-07-29
"273","mitsui",2004,7,30,0,2004-07-30
"274","mitsui",2004,7,31,0,2004-07-31
"275","mitsui",2004,8,1,0,2004-08-01
"276","mitsui",2004,8,2,0,2004-08-02
"277","mitsui",2004,8,3,0,2004-08-03
"278","mitsui",2004,8,4,0,2004-08-04
"279","mitsui",2004,8,5,0,2004-08-05
"280","mitsui",2004,8,6,0,2004-08-06
"281","mitsui",2004,8,7,0,2004-08-07
"282","mitsui",2004,8,8,0,2004-08-08
"283","mitsui",2004,8,9,0,2004-08-09
"284","mitsui",2004,8,10,0,2004-08-10
"285","mitsui",2004,8,11,0,2004-08-11
"286","mitsui",2004,8,12,0,2004-08-12
"287","mitsui",2004,8,13,0,2004-08-13
"288","mitsui",2004,8,14,0,2004-08-14
"289","mitsui",2004,8,15,0,2004-08-15
"290","mitsui",2004,8,16,0,2004-08-16
"291","mitsui",2004,8,17,0,2004-08-17
"292","mitsui",2004,8,18,0,2004-08-18
"293","mitsui",2004,8,19,0,2004-08-19
"294","mitsui",2004,8,20,0,2004-08-20
"295","mitsui",2004,8,21,0,2004-08-21
"296","mitsui",2004,8,22,0,2004-08-22
"297","mitsui",2004,8,23,0.01,2004-08-23
"298","mitsui",2004,8,24,0,2004-08-24
"299","mitsui",2004,8,25,0,2004-08-25
"300","mitsui",2004,8,26,0,2004-08-26
"301","mitsui",2004,8,27,0,2004-08-27
"302","mitsui",2004,8,28,0,2004-08-28
"303","mitsui",2004,8,29,0,2004-08-29
"304","mitsui",2004,8,30,0,2004-08-30
"305","mitsui",2004,8,31,0,2004-08-31
"306","mitsui",2004,9,1,0,2004-09-01
"307","mitsui",2004,9,2,0,2004-09-02
"308","mitsui",2004,9,3,0,2004-09-03
"309","mitsui",2004,9,4,0,2004-09-04
"310","mitsui",2004,9,5,0,2004-09-05
"311","mitsui",2004,9,6,0,2004-09-06
"312","mitsui",2004,9,7,0,2004-09-07
"313","mitsui",2004,9,8,0,2004-09-08
"314","mitsui",2004,9,9,0,2004-09-09
"315","mitsui",2004,9,10,0,2004-09-10
"316","mitsui",2004,9,11,0,2004-09-11
"317","mitsui",2004,9,12,0,2004-09-12
"318","mitsui",2004,9,13,0,2004-09-13
"319","mitsui",2004,9,14,0,2004-09-14
"320","mitsui",2004,9,15,0,2004-09-15
"321","mitsui",2004,9,16,0,2004-09-16
"322","mitsui",2004,9,17,0,2004-09-17
"323","mitsui",2004,9,18,0,2004-09-18
"324","mitsui",2004,9,19,0.39,2004-09-19
"325","mitsui",2004,9,20,0,2004-09-20
"326","mitsui",2004,9,21,0,2004-09-21
"327","mitsui",2004,9,22,0,2004-09-22
"328","mitsui",2004,9,23,0,2004-09-23
"329","mitsui",2004,9,24,0,2004-09-24
"330","mitsui",2004,9,25,0,2004-09-25
"331","mitsui",2004,9,26,0,2004-09-26
"332","mitsui",2004,9,27,0,2004-09-27
"333","mitsui",2004,9,28,0,2004-09-28
"334","mitsui",2004,9,29,0,2004-09-29
"335","mitsui",2004,9,30,0,2004-09-30
"336","mitsui",2004,10,1,0,2004-10-01
"337","mitsui",2004,10,2,0,2004-10-02
"338","mitsui",2004,10,3,0,2004-10-03
"339","mitsui",2004,10,4,0,2004-10-04
"340","mitsui",2004,10,5,0,2004-10-05
"341","mitsui",2004,10,6,0,2004-10-06
"342","mitsui",2004,10,7,0,2004-10-07
"343","mitsui",2004,10,8,0,2004-10-08
"344","mitsui",2004,10,9,0,2004-10-09
"345","mitsui",2004,10,10,0,2004-10-10
"346","mitsui",2004,10,11,0,2004-10-11
"347","mitsui",2004,10,12,0,2004-10-12
"348","mitsui",2004,10,13,0,2004-10-13
"349","mitsui",2004,10,14,0,2004-10-14
"350","mitsui",2004,10,15,0,2004-10-15
"351","mitsui",2004,10,16,0.35,2004-10-16
"352","mitsui",2004,10,17,0.91,2004-10-17
"353","mitsui",2004,10,18,0.07,2004-10-18
"354","mitsui",2004,10,19,1.74,2004-10-19
"355","mitsui",2004,10,20,0.01,2004-10-20
"356","mitsui",2004,10,21,0,2004-10-21
"357","mitsui",2004,10,22,0,2004-10-22
"358","mitsui",2004,10,23,0.31,2004-10-23
"359","mitsui",2004,10,24,0,2004-10-24
"360","mitsui",2004,10,25,1.43,2004-10-25
"361","mitsui",2004,10,26,0.03,2004-10-26
"362","mitsui",2004,10,27,0,2004-10-27
"363","mitsui",2004,10,28,0,2004-10-28
"364","mitsui",2004,10,29,0,2004-10-29
"365","mitsui",2004,10,30,0,2004-10-30
"366","mitsui",2004,10,31,0,2004-10-31
"367","mitsui",2004,11,1,0,2004-11-01
"368","mitsui",2004,11,2,0,2004-11-02
"369","mitsui",2004,11,3,0.03,2004-11-03
"370","mitsui",2004,11,4,0.01,2004-11-04
"371","mitsui",2004,11,5,0,2004-11-05
"372","mitsui",2004,11,6,0,2004-11-06
"373","mitsui",2004,11,7,0,2004-11-07
"374","mitsui",2004,11,8,0,2004-11-08
"375","mitsui",2004,11,9,0.26,2004-11-09
"376","mitsui",2004,11,10,0.54,2004-11-10
"377","mitsui",2004,11,11,0.77,2004-11-11
"378","mitsui",2004,11,12,0,2004-11-12
"379","mitsui",2004,11,13,0,2004-11-13
"380","mitsui",2004,11,14,0,2004-11-14
"381","mitsui",2004,11,15,0,2004-11-15
"382","mitsui",2004,11,16,0,2004-11-16
"383","mitsui",2004,11,17,0,2004-11-17
"384","mitsui",2004,11,18,0,2004-11-18
"385","mitsui",2004,11,19,0,2004-11-19
"386","mitsui",2004,11,20,0,2004-11-20
"387","mitsui",2004,11,21,0,2004-11-21
"388","mitsui",2004,11,22,0,2004-11-22
"389","mitsui",2004,11,23,0,2004-11-23
"390","mitsui",2004,11,24,0,2004-11-24
"391","mitsui",2004,11,25,0.02,2004-11-25
"392","mitsui",2004,11,26,0.1,2004-11-26
"393","mitsui",2004,11,27,0.56,2004-11-27
"394","mitsui",2004,11,28,0,2004-11-28
"395","mitsui",2004,11,29,0,2004-11-29
"396","mitsui",2004,11,30,0,2004-11-30
"397","mitsui",2004,12,1,0,2004-12-01
"398","mitsui",2004,12,2,0,2004-12-02
"399","mitsui",2004,12,3,0,2004-12-03
"400","mitsui",2004,12,4,0,2004-12-04
"401","mitsui",2004,12,5,0,2004-12-05
"402","mitsui",2004,12,6,1.15,2004-12-06
"403","mitsui",2004,12,7,1.19,2004-12-07
"404","mitsui",2004,12,8,1.32,2004-12-08
"405","mitsui",2004,12,9,0.04,2004-12-09
"406","mitsui",2004,12,10,0.01,2004-12-10
"407","mitsui",2004,12,11,0,2004-12-11
"408","mitsui",2004,12,12,0,2004-12-12
"409","mitsui",2004,12,13,0.01,2004-12-13
"410","mitsui",2004,12,14,0,2004-12-14
"411","mitsui",2004,12,15,0,2004-12-15
"412","mitsui",2004,12,16,0,2004-12-16
"413","mitsui",2004,12,17,0,2004-12-17
"414","mitsui",2004,12,18,0,2004-12-18
"415","mitsui",2004,12,19,0,2004-12-19
"416","mitsui",2004,12,20,0,2004-12-20
"417","mitsui",2004,12,21,0,2004-12-21
"418","mitsui",2004,12,22,0,2004-12-22
"419","mitsui",2004,12,23,0,2004-12-23
"420","mitsui",2004,12,24,0,2004-12-24
"421","mitsui",2004,12,25,0,2004-12-25
"422","mitsui",2004,12,26,2.13,2004-12-26
"423","mitsui",2004,12,27,2.88,2004-12-27
"424","mitsui",2004,12,28,0.76,2004-12-28
"425","mitsui",2004,12,29,0.56,2004-12-29
"426","mitsui",2004,12,30,1.04,2004-12-30
"427","mitsui",2004,12,31,0.59,2004-12-31
"428","mitsui",2005,1,1,0.51,2005-01-01
"429","mitsui",2005,1,2,1.06,2005-01-02
"430","mitsui",2005,1,3,0.13,2005-01-03
"431","mitsui",2005,1,4,0.02,2005-01-04
"432","mitsui",2005,1,5,0.09,2005-01-05
"433","mitsui",2005,1,6,0.07,2005-01-06
"434","mitsui",2005,1,7,1.08,2005-01-07
"435","mitsui",2005,1,8,0.12,2005-01-08
"436","mitsui",2005,1,9,0.03,2005-01-09
"437","mitsui",2005,1,10,0.65,2005-01-10
"438","mitsui",2005,1,11,0.41,2005-01-11
"439","mitsui",2005,1,12,0,2005-01-12
"440","mitsui",2005,1,13,0,2005-01-13
"441","mitsui",2005,1,14,0,2005-01-14
"442","mitsui",2005,1,15,0,2005-01-15
"443","mitsui",2005,1,16,0,2005-01-16
"444","mitsui",2005,1,17,0,2005-01-17
"445","mitsui",2005,1,18,0,2005-01-18
"446","mitsui",2005,1,19,0,2005-01-19
"447","mitsui",2005,1,20,0,2005-01-20
"448","mitsui",2005,1,21,0,2005-01-21
"449","mitsui",2005,1,22,0,2005-01-22
"450","mitsui",2005,1,23,0,2005-01-23
"451","mitsui",2005,1,24,0,2005-01-24
"452","mitsui",2005,1,25,0.15,2005-01-25
"453","mitsui",2005,1,26,0.34,2005-01-26
"454","mitsui",2005,1,27,0.67,2005-01-27
"455","mitsui",2005,1,28,0.4,2005-01-28
"456","mitsui",2005,1,29,0.01,2005-01-29
"457","mitsui",2005,1,30,0,2005-01-30
"458","mitsui",2005,1,31,0,2005-01-31
"459","mitsui",2005,2,1,0,2005-02-01
"460","mitsui",2005,2,2,0,2005-02-02
"461","mitsui",2005,2,3,0,2005-02-03
"462","mitsui",2005,2,4,0,2005-02-04
"463","mitsui",2005,2,5,0,2005-02-05
"464","mitsui",2005,2,6,0,2005-02-06
"465","mitsui",2005,2,7,0.11,2005-02-07
"466","mitsui",2005,2,8,0,2005-02-08
"467","mitsui",2005,2,9,0,2005-02-09
"468","mitsui",2005,2,10,0,2005-02-10
"469","mitsui",2005,2,11,0,2005-02-11
"470","mitsui",2005,2,12,0,2005-02-12
"471","mitsui",2005,2,13,0.02,2005-02-13
"472","mitsui",2005,2,14,0.15,2005-02-14
"473","mitsui",2005,2,15,0.93,2005-02-15
"474","mitsui",2005,2,16,0.32,2005-02-16
"475","mitsui",2005,2,17,0.18,2005-02-17
"476","mitsui",2005,2,18,0.63,2005-02-18
"477","mitsui",2005,2,19,0.74,2005-02-19
"478","mitsui",2005,2,20,0.59,2005-02-20
"479","mitsui",2005,2,21,0.68,2005-02-21
"480","mitsui",2005,2,22,0,2005-02-22
"481","mitsui",2005,2,23,0,2005-02-23
"482","mitsui",2005,2,24,0,2005-02-24
"483","mitsui",2005,2,25,0.01,2005-02-25
"484","mitsui",2005,2,26,0.23,2005-02-26
"485","mitsui",2005,2,27,1.23,2005-02-27
"486","mitsui",2005,2,28,0,2005-02-28
"487","mitsui",2005,3,1,0.58,2005-03-01
"488","mitsui",2005,3,2,0,2005-03-02
"489","mitsui",2005,3,3,0.19,2005-03-03
"490","mitsui",2005,3,4,0.46,2005-03-04
"491","mitsui",2005,3,5,0,2005-03-05
"492","mitsui",2005,3,6,0,2005-03-06
"493","mitsui",2005,3,7,0,2005-03-07
"494","mitsui",2005,3,8,0,2005-03-08
"495","mitsui",2005,3,9,0,2005-03-09
"496","mitsui",2005,3,10,0,2005-03-10
"497","mitsui",2005,3,11,0,2005-03-11
"498","mitsui",2005,3,12,0.01,2005-03-12
"499","mitsui",2005,3,13,0,2005-03-13
"500","mitsui",2005,3,14,0,2005-03-14
"501","mitsui",2005,3,15,0,2005-03-15
"502","mitsui",2005,3,16,0,2005-03-16
"503","mitsui",2005,3,17,0,2005-03-17
"504","mitsui",2005,3,18,0.76,2005-03-18
"505","mitsui",2005,3,19,0.69,2005-03-19
"506","mitsui",2005,3,20,0.13,2005-03-20
"507","mitsui",2005,3,21,1.43,2005-03-21
"508","mitsui",2005,3,22,0.88,2005-03-22
"509","mitsui",2005,3,23,0.07,2005-03-23
"510","mitsui",2005,3,24,0,2005-03-24
"511","mitsui",2005,3,25,0,2005-03-25
"512","mitsui",2005,3,26,0,2005-03-26
"513","mitsui",2005,3,27,0.78,2005-03-27
"514","mitsui",2005,3,28,0.06,2005-03-28
"515","mitsui",2005,3,29,0.44,2005-03-29
"516","mitsui",2005,3,30,0,2005-03-30
"517","mitsui",2005,3,31,0,2005-03-31
"518","mitsui",2005,4,1,0,2005-04-01
"519","mitsui",2005,4,2,0,2005-04-02
"520","mitsui",2005,4,3,0.71,2005-04-03
"521","mitsui",2005,4,4,0.01,2005-04-04
"522","mitsui",2005,4,5,0,2005-04-05
"523","mitsui",2005,4,6,0.13,2005-04-06
"524","mitsui",2005,4,7,0.1,2005-04-07
"525","mitsui",2005,4,8,0.63,2005-04-08
"526","mitsui",2005,4,9,0,2005-04-09
"527","mitsui",2005,4,10,0,2005-04-10
"528","mitsui",2005,4,11,0,2005-04-11
"529","mitsui",2005,4,12,0,2005-04-12
"530","mitsui",2005,4,13,0,2005-04-13
"531","mitsui",2005,4,14,0,2005-04-14
"532","mitsui",2005,4,15,0,2005-04-15
"533","mitsui",2005,4,16,0,2005-04-16
"534","mitsui",2005,4,17,0,2005-04-17
"535","mitsui",2005,4,18,0,2005-04-18
"536","mitsui",2005,4,19,0,2005-04-19
"537","mitsui",2005,4,20,0,2005-04-20
"538","mitsui",2005,4,21,0,2005-04-21
"539","mitsui",2005,4,22,0.2,2005-04-22
"540","mitsui",2005,4,23,0.12,2005-04-23
"541","mitsui",2005,4,24,0,2005-04-24
"542","mitsui",2005,4,25,0,2005-04-25
"543","mitsui",2005,4,26,0,2005-04-26
"544","mitsui",2005,4,27,0.06,2005-04-27
"545","mitsui",2005,4,28,0.1,2005-04-28
"546","mitsui",2005,4,29,0,2005-04-29
"547","mitsui",2005,4,30,0,2005-04-30
"548","mitsui",2005,5,1,0,2005-05-01
"549","mitsui",2005,5,2,0,2005-05-02
"550","mitsui",2005,5,3,0,2005-05-03
"551","mitsui",2005,5,4,0.99,2005-05-04
"552","mitsui",2005,5,5,0.09,2005-05-05
"553","mitsui",2005,5,6,0.09,2005-05-06
"554","mitsui",2005,5,7,0.01,2005-05-07
"555","mitsui",2005,5,8,1.84,2005-05-08
"556","mitsui",2005,5,9,0.11,2005-05-09
"557","mitsui",2005,5,10,0,2005-05-10
"558","mitsui",2005,5,11,0,2005-05-11
"559","mitsui",2005,5,12,0.01,2005-05-12
"560","mitsui",2005,5,13,0,2005-05-13
"561","mitsui",2005,5,14,0,2005-05-14
"562","mitsui",2005,5,15,0.01,2005-05-15
"563","mitsui",2005,5,16,0.01,2005-05-16
"564","mitsui",2005,5,17,0.15,2005-05-17
"565","mitsui",2005,5,18,1.65,2005-05-18
"566","mitsui",2005,5,19,0,2005-05-19
"567","mitsui",2005,5,20,0,2005-05-20
"568","mitsui",2005,5,21,0,2005-05-21
"569","mitsui",2005,5,22,0,2005-05-22
"570","mitsui",2005,5,23,0,2005-05-23
"571","mitsui",2005,5,24,0,2005-05-24
"572","mitsui",2005,5,25,0,2005-05-25
"573","mitsui",2005,5,26,0,2005-05-26
"574","mitsui",2005,5,27,0,2005-05-27
"575","mitsui",2005,5,28,0,2005-05-28
"576","mitsui",2005,5,29,0,2005-05-29
"577","mitsui",2005,5,30,0,2005-05-30
"578","mitsui",2005,5,31,0,2005-05-31
"579","mitsui",2005,6,1,0,2005-06-01
"580","mitsui",2005,6,2,0,2005-06-02
"581","mitsui",2005,6,3,0,2005-06-03
"582","mitsui",2005,6,4,0,2005-06-04
"583","mitsui",2005,6,5,0,2005-06-05
"584","mitsui",2005,6,6,0,2005-06-06
"585","mitsui",2005,6,7,0,2005-06-07
"586","mitsui",2005,6,8,1.77,2005-06-08
"587","mitsui",2005,6,9,0,2005-06-09
"588","mitsui",2005,6,10,0,2005-06-10
"589","mitsui",2005,6,11,0,2005-06-11
"590","mitsui",2005,6,12,0,2005-06-12
"591","mitsui",2005,6,13,0,2005-06-13
"592","mitsui",2005,6,14,0,2005-06-14
"593","mitsui",2005,6,15,0,2005-06-15
"594","mitsui",2005,6,16,0.5,2005-06-16
"595","mitsui",2005,6,17,0.12,2005-06-17
"596","mitsui",2005,6,18,0.05,2005-06-18
"597","mitsui",2005,6,19,0,2005-06-19
"598","mitsui",2005,6,20,0,2005-06-20
"599","mitsui",2005,6,21,0,2005-06-21
"600","mitsui",2005,6,22,0,2005-06-22
"601","mitsui",2005,6,23,0,2005-06-23
"602","mitsui",2005,6,24,0,2005-06-24
"603","mitsui",2005,6,25,0,2005-06-25
"604","mitsui",2005,6,26,0,2005-06-26
"605","mitsui",2005,6,27,0,2005-06-27
"606","mitsui",2005,6,28,0,2005-06-28
"607","mitsui",2005,6,29,0,2005-06-29
"608","mitsui",2005,6,30,0,2005-06-30
"609","mitsui",2005,7,1,0,2005-07-01
"610","mitsui",2005,7,2,0,2005-07-02
"611","mitsui",2005,7,3,0,2005-07-03
"612","mitsui",2005,7,4,0,2005-07-04
"613","mitsui",2005,7,5,0,2005-07-05
"614","mitsui",2005,7,6,0,2005-07-06
"615","mitsui",2005,7,7,0,2005-07-07
"616","mitsui",2005,7,8,0,2005-07-08
"617","mitsui",2005,7,9,0,2005-07-09
"618","mitsui",2005,7,10,0,2005-07-10
"619","mitsui",2005,7,11,0,2005-07-11
"620","mitsui",2005,7,12,0,2005-07-12
"621","mitsui",2005,7,13,0,2005-07-13
"622","mitsui",2005,7,14,0,2005-07-14
"623","mitsui",2005,7,15,0,2005-07-15
"624","mitsui",2005,7,16,0,2005-07-16
"625","mitsui",2005,7,17,0,2005-07-17
"626","mitsui",2005,7,18,0,2005-07-18
"627","mitsui",2005,7,19,0,2005-07-19
"628","mitsui",2005,7,20,0,2005-07-20
"629","mitsui",2005,7,21,0,2005-07-21
"630","mitsui",2005,7,22,0,2005-07-22
"631","mitsui",2005,7,23,0,2005-07-23
"632","mitsui",2005,7,24,0,2005-07-24
"633","mitsui",2005,7,25,0,2005-07-25
"634","mitsui",2005,7,26,0,2005-07-26
"635","mitsui",2005,7,27,0,2005-07-27
"636","mitsui",2005,7,28,0,2005-07-28
"637","mitsui",2005,7,29,0,2005-07-29
"638","mitsui",2005,7,30,0,2005-07-30
"639","mitsui",2005,7,31,0,2005-07-31
"640","mitsui",2005,8,1,0,2005-08-01
"641","mitsui",2005,8,2,0,2005-08-02
"642","mitsui",2005,8,3,0,2005-08-03
"643","mitsui",2005,8,4,0,2005-08-04
"644","mitsui",2005,8,5,0,2005-08-05
"645","mitsui",2005,8,6,0,2005-08-06
"646","mitsui",2005,8,7,0,2005-08-07
"647","mitsui",2005,8,8,0,2005-08-08
"648","mitsui",2005,8,9,0,2005-08-09
"649","mitsui",2005,8,10,0,2005-08-10
"650","mitsui",2005,8,11,0,2005-08-11
"651","mitsui",2005,8,12,0,2005-08-12
"652","mitsui",2005,8,13,0,2005-08-13
"653","mitsui",2005,8,14,0,2005-08-14
"654","mitsui",2005,8,15,0,2005-08-15
"655","mitsui",2005,8,16,0,2005-08-16
"656","mitsui",2005,8,17,0,2005-08-17
"657","mitsui",2005,8,18,0,2005-08-18
"658","mitsui",2005,8,19,0,2005-08-19
"659","mitsui",2005,8,20,0,2005-08-20
"660","mitsui",2005,8,21,0,2005-08-21
"661","mitsui",2005,8,22,0,2005-08-22
"662","mitsui",2005,8,23,0,2005-08-23
"663","mitsui",2005,8,24,0,2005-08-24
"664","mitsui",2005,8,25,0,2005-08-25
"665","mitsui",2005,8,26,0,2005-08-26
"666","mitsui",2005,8,27,0,2005-08-27
"667","mitsui",2005,8,28,0,2005-08-28
"668","mitsui",2005,8,29,0,2005-08-29
"669","mitsui",2005,8,30,0,2005-08-30
"670","mitsui",2005,8,31,0,2005-08-31
"671","mitsui",2005,9,1,0,2005-09-01
"672","mitsui",2005,9,2,0,2005-09-02
"673","mitsui",2005,9,3,0,2005-09-03
"674","mitsui",2005,9,4,0,2005-09-04
"675","mitsui",2005,9,5,0,2005-09-05
"676","mitsui",2005,9,6,0,2005-09-06
"677","mitsui",2005,9,7,0,2005-09-07
"678","mitsui",2005,9,8,0,2005-09-08
"679","mitsui",2005,9,9,0,2005-09-09
"680","mitsui",2005,9,10,0,2005-09-10
"681","mitsui",2005,9,11,0,2005-09-11
"682","mitsui",2005,9,12,0,2005-09-12
"683","mitsui",2005,9,13,0,2005-09-13
"684","mitsui",2005,9,14,0,2005-09-14
"685","mitsui",2005,9,15,0,2005-09-15
"686","mitsui",2005,9,16,0,2005-09-16
"687","mitsui",2005,9,17,0,2005-09-17
"688","mitsui",2005,9,18,0,2005-09-18
"689","mitsui",2005,9,19,0,2005-09-19
"690","mitsui",2005,9,20,0,2005-09-20
"691","mitsui",2005,9,21,0,2005-09-21
"692","mitsui",2005,9,22,0,2005-09-22
"693","mitsui",2005,9,23,0,2005-09-23
"694","mitsui",2005,9,24,0,2005-09-24
"695","mitsui",2005,9,25,0,2005-09-25
"696","mitsui",2005,9,26,0,2005-09-26
"697","mitsui",2005,9,27,0,2005-09-27
"698","mitsui",2005,9,28,0,2005-09-28
"699","mitsui",2005,9,29,0,2005-09-29
"700","mitsui",2005,9,30,0,2005-09-30
"701","mitsui",2005,10,1,0,2005-10-01
"702","mitsui",2005,10,2,0,2005-10-02
"703","mitsui",2005,10,3,0,2005-10-03
"704","mitsui",2005,10,4,0,2005-10-04
"705","mitsui",2005,10,5,0,2005-10-05
"706","mitsui",2005,10,6,0,2005-10-06
"707","mitsui",2005,10,7,0,2005-10-07
"708","mitsui",2007,5,24,0.01,2007-05-24
"709","mitsui",2007,5,25,0,2007-05-25
"710","mitsui",2007,5,26,0,2007-05-26
"711","mitsui",2007,5,27,0,2007-05-27
"712","mitsui",2007,5,28,0,2007-05-28
"713","mitsui",2007,5,29,0,2007-05-29
"714","mitsui",2007,5,30,0,2007-05-30
"715","mitsui",2007,5,31,0,2007-05-31
"716","mitsui",2007,6,1,0,2007-06-01
"717","mitsui",2007,6,2,0,2007-06-02
"718","mitsui",2007,6,3,0,2007-06-03
"719","mitsui",2007,6,4,0,2007-06-04
"720","mitsui",2007,6,5,0,2007-06-05
"721","mitsui",2007,6,6,0,2007-06-06
"722","mitsui",2007,6,7,0,2007-06-07
"723","mitsui",2007,6,8,0,2007-06-08
"724","mitsui",2007,6,9,0,2007-06-09
"725","mitsui",2007,6,10,0,2007-06-10
"726","mitsui",2007,6,11,0,2007-06-11
"727","mitsui",2007,6,12,0,2007-06-12
"728","mitsui",2007,6,13,0,2007-06-13
"729","mitsui",2007,6,14,0,2007-06-14
"730","mitsui",2007,6,15,0,2007-06-15
"731","mitsui",2007,6,16,0,2007-06-16
"732","mitsui",2007,6,17,0,2007-06-17
"733","mitsui",2007,6,18,0,2007-06-18
"734","mitsui",2007,6,19,0,2007-06-19
"735","mitsui",2007,6,20,0,2007-06-20
"736","mitsui",2007,6,21,0,2007-06-21
"737","mitsui",2007,6,22,0,2007-06-22
"738","mitsui",2007,6,23,0,2007-06-23
"739","mitsui",2007,6,24,0,2007-06-24
"740","mitsui",2007,6,25,0,2007-06-25
"741","mitsui",2007,6,26,0,2007-06-26
"742","mitsui",2007,6,27,0,2007-06-27
"743","mitsui",2007,6,28,0,2007-06-28
"744","mitsui",2007,6,29,0,2007-06-29
"745","mitsui",2007,6,30,0,2007-06-30
"746","mitsui",2007,7,1,0,2007-07-01
"747","mitsui",2007,7,2,0,2007-07-02
"748","mitsui",2007,7,3,0,2007-07-03
"749","mitsui",2007,7,4,0,2007-07-04
"750","mitsui",2007,7,5,0,2007-07-05
"751","mitsui",2007,7,6,0,2007-07-06
"752","mitsui",2007,7,7,0,2007-07-07
"753","mitsui",2007,7,8,0,2007-07-08
"754","mitsui",2007,7,9,0,2007-07-09
"755","mitsui",2007,7,10,0.03,2007-07-10
"756","mitsui",2007,7,11,0.03,2007-07-11
"757","mitsui",2007,7,12,0,2007-07-12
"758","mitsui",2007,7,13,0,2007-07-13
"759","mitsui",2007,7,14,0,2007-07-14
"760","mitsui",2007,7,15,0,2007-07-15
"761","mitsui",2007,7,16,0,2007-07-16
"762","mitsui",2007,7,17,0.04,2007-07-17
"763","mitsui",2007,7,18,0.17,2007-07-18
"764","mitsui",2007,7,19,0,2007-07-19
"765","mitsui",2007,7,20,0,2007-07-20
"766","mitsui",2007,7,21,0,2007-07-21
"767","mitsui",2007,7,22,0,2007-07-22
"768","mitsui",2007,7,23,0,2007-07-23
"769","mitsui",2007,7,24,0,2007-07-24
"770","mitsui",2007,7,25,0,2007-07-25
"771","mitsui",2007,7,26,0,2007-07-26
"772","mitsui",2007,7,27,0,2007-07-27
"773","mitsui",2007,7,28,0,2007-07-28
"774","mitsui",2007,7,29,0,2007-07-29
"775","mitsui",2007,7,30,0,2007-07-30
"776","mitsui",2007,7,31,0,2007-07-31
"777","mitsui",2007,8,1,0,2007-08-01
"778","mitsui",2007,8,2,0,2007-08-02
"779","mitsui",2007,8,3,0,2007-08-03
"780","mitsui",2007,8,4,0,2007-08-04
"781","mitsui",2007,8,5,0,2007-08-05
"782","mitsui",2007,8,6,0.01,2007-08-06
"783","mitsui",2007,8,7,0,2007-08-07
"784","mitsui",2007,8,8,0,2007-08-08
"785","mitsui",2007,8,9,0,2007-08-09
"786","mitsui",2007,8,10,0,2007-08-10
"787","mitsui",2007,8,11,0,2007-08-11
"788","mitsui",2007,8,12,0,2007-08-12
"789","mitsui",2007,8,13,0,2007-08-13
"790","mitsui",2007,8,14,0,2007-08-14
"791","mitsui",2007,8,15,0,2007-08-15
"792","mitsui",2007,8,16,0,2007-08-16
"793","mitsui",2007,8,17,0,2007-08-17
"794","mitsui",2007,8,18,0,2007-08-18
"795","mitsui",2007,8,19,0,2007-08-19
"796","mitsui",2007,8,20,0,2007-08-20
"797","mitsui",2007,8,21,0,2007-08-21
"798","mitsui",2007,8,22,0,2007-08-22
"799","mitsui",2007,8,23,0,2007-08-23
"800","mitsui",2007,8,24,0,2007-08-24
"801","mitsui",2007,8,25,0,2007-08-25
"802","mitsui",2007,8,26,0,2007-08-26
"803","mitsui",2007,8,27,0,2007-08-27
"804","mitsui",2007,8,28,0,2007-08-28
"805","mitsui",2007,8,29,0,2007-08-29
"806","mitsui",2007,8,30,0,2007-08-30
"807","mitsui",2007,8,31,0,2007-08-31
"808","mitsui",2007,9,1,0,2007-09-01
"809","mitsui",2007,9,2,0,2007-09-02
"810","mitsui",2007,9,3,0,2007-09-03
"811","mitsui",2007,9,4,0,2007-09-04
"812","mitsui",2007,9,5,0,2007-09-05
"813","mitsui",2007,9,6,0,2007-09-06
"814","mitsui",2007,9,7,0,2007-09-07
"815","mitsui",2007,9,8,0,2007-09-08
"816","mitsui",2007,9,9,0,2007-09-09
"817","mitsui",2007,9,10,0,2007-09-10
"818","mitsui",2007,9,11,0,2007-09-11
"819","mitsui",2007,9,12,0,2007-09-12
"820","mitsui",2007,9,13,0,2007-09-13
"821","mitsui",2007,9,14,0,2007-09-14
"822","mitsui",2007,9,15,0,2007-09-15
"823","mitsui",2007,9,16,0,2007-09-16
"824","mitsui",2007,9,17,0,2007-09-17
"825","mitsui",2007,9,18,0,2007-09-18
"826","mitsui",2007,9,19,0,2007-09-19
"827","mitsui",2007,9,20,0.01,2007-09-20
"828","mitsui",2007,9,21,0,2007-09-21
"829","mitsui",2007,9,22,0.06,2007-09-22
"830","mitsui",2007,9,23,0,2007-09-23
"831","mitsui",2007,9,24,0,2007-09-24
"832","mitsui",2007,9,25,0,2007-09-25
"833","mitsui",2007,9,26,0,2007-09-26
"834","mitsui",2007,9,27,0,2007-09-27
"835","mitsui",2007,9,28,0,2007-09-28
"836","mitsui",2007,9,29,0,2007-09-29
"837","mitsui",2007,9,30,0.03,2007-09-30
"838","mitsui",2007,10,1,0.11,2007-10-01
"839","mitsui",2007,10,2,0,2007-10-02
"840","mitsui",2007,10,3,0,2007-10-03
"841","mitsui",2007,10,4,0,2007-10-04
"842","mitsui",2007,10,5,0,2007-10-05
"843","mitsui",2007,10,6,0,2007-10-06
"844","mitsui",2007,10,7,0,2007-10-07
"845","mitsui",2007,10,8,0,2007-10-08
"846","mitsui",2007,10,9,1.14,2007-10-09
"847","mitsui",2007,10,10,0.01,2007-10-10
"848","mitsui",2007,10,11,0,2007-10-11
"849","mitsui",2007,10,12,0.93,2007-10-12
"850","mitsui",2007,10,13,0,2007-10-13
"851","mitsui",2007,10,14,0,2007-10-14
"852","mitsui",2007,10,15,0.25,2007-10-15
"853","mitsui",2007,10,16,0.36,2007-10-16
"854","mitsui",2007,10,17,0.18,2007-10-17
"855","mitsui",2007,10,18,0.17,2007-10-18
"856","mitsui",2007,10,19,0.63,2007-10-19
"857","mitsui",2007,10,20,0.01,2007-10-20
"858","mitsui",2007,10,21,0,2007-10-21
"859","mitsui",2007,10,22,0,2007-10-22
"860","mitsui",2007,10,23,0,2007-10-23
"861","mitsui",2007,10,24,0,2007-10-24
"862","mitsui",2007,10,25,0,2007-10-25
"863","mitsui",2007,10,26,0,2007-10-26
"864","mitsui",2007,10,27,0,2007-10-27
"865","mitsui",2007,10,28,0,2007-10-28
"866","mitsui",2007,10,29,0.01,2007-10-29
"867","mitsui",2007,10,30,0.01,2007-10-30
"868","mitsui",2007,10,31,0,2007-10-31
"869","mitsui",2007,11,1,0,2007-11-01
"870","mitsui",2007,11,2,0,2007-11-02
"871","mitsui",2007,11,3,0,2007-11-03
"872","mitsui",2007,11,4,0,2007-11-04
"873","mitsui",2007,11,5,0,2007-11-05
"874","mitsui",2007,11,6,0,2007-11-06
"875","mitsui",2007,11,7,0,2007-11-07
"876","mitsui",2007,11,8,0,2007-11-08
"877","mitsui",2007,11,9,0,2007-11-09
"878","mitsui",2007,11,10,0.84,2007-11-10
"879","mitsui",2007,11,11,0.01,2007-11-11
"880","mitsui",2007,11,12,0,2007-11-12
"881","mitsui",2007,11,13,0,2007-11-13
"882","mitsui",2007,11,14,0,2007-11-14
"883","mitsui",2007,11,15,0,2007-11-15
"884","mitsui",2007,11,16,0,2007-11-16
"885","mitsui",2007,11,17,0,2007-11-17
"886","mitsui",2007,11,18,0,2007-11-18
"887","mitsui",2007,11,19,0.07,2007-11-19
"888","mitsui",2007,11,20,0,2007-11-20
"889","mitsui",2007,11,21,0,2007-11-21
"890","mitsui",2007,11,22,0,2007-11-22
"891","mitsui",2007,11,23,0,2007-11-23
"892","mitsui",2007,11,24,0,2007-11-24
"893","mitsui",2007,11,25,0,2007-11-25
"894","mitsui",2007,11,26,0,2007-11-26
"895","mitsui",2007,11,27,0,2007-11-27
"896","mitsui",2007,11,28,0,2007-11-28
"897","mitsui",2007,11,29,0,2007-11-29
"898","mitsui",2007,11,30,0,2007-11-30
"899","mitsui",2007,12,1,0.01,2007-12-01
"900","mitsui",2007,12,2,0.01,2007-12-02
"901","mitsui",2007,12,3,0.68,2007-12-03
"902","mitsui",2007,12,4,0.23,2007-12-04
"903","mitsui",2007,12,5,0,2007-12-05
"904","mitsui",2007,12,6,1.22,2007-12-06
"905","mitsui",2007,12,7,0.01,2007-12-07
"906","mitsui",2007,12,8,0,2007-12-08
"907","mitsui",2007,12,9,0,2007-12-09
"908","mitsui",2007,12,10,0,2007-12-10
"909","mitsui",2007,12,11,0,2007-12-11
"910","mitsui",2007,12,12,0,2007-12-12
"911","mitsui",2007,12,13,0,2007-12-13
"912","mitsui",2007,12,14,0,2007-12-14
"913","mitsui",2007,12,15,0,2007-12-15
"914","mitsui",2007,12,16,0.62,2007-12-16
"915","mitsui",2007,12,17,0.47,2007-12-17
"916","mitsui",2007,12,18,1.23,2007-12-18
"917","mitsui",2007,12,19,2.03,2007-12-19
"918","mitsui",2007,12,20,0.07,2007-12-20
"919","mitsui",2007,12,21,0,2007-12-21
"920","mitsui",2007,12,22,0,2007-12-22
"921","mitsui",2007,12,23,0,2007-12-23
"922","mitsui",2007,12,24,0,2007-12-24
"923","mitsui",2007,12,25,0,2007-12-25
"924","mitsui",2007,12,26,0,2007-12-26
"925","mitsui",2007,12,27,0.41,2007-12-27
"926","mitsui",2007,12,28,0.15,2007-12-28
"927","mitsui",2007,12,29,0.12,2007-12-29
"928","mitsui",2007,12,30,0,2007-12-30
"929","mitsui",2007,12,31,0,2007-12-31
"930","mitsui",2008,1,1,0,2008-01-01
"931","mitsui",2008,1,2,0,2008-01-02
"932","mitsui",2008,1,3,1.84,2008-01-03
"933","mitsui",2008,1,4,3.64,2008-01-04
"934","mitsui",2008,1,5,0.8,2008-01-05
"935","mitsui",2008,1,6,0.43,2008-01-06
"936","mitsui",2008,1,7,0,2008-01-07
"937","mitsui",2008,1,8,0.88,2008-01-08
"938","mitsui",2008,1,9,0.11,2008-01-09
"939","mitsui",2008,1,10,0.19,2008-01-10
"940","mitsui",2008,1,11,0,2008-01-11
"941","mitsui",2008,1,12,0,2008-01-12
"942","mitsui",2008,1,13,0,2008-01-13
"943","mitsui",2008,1,14,0,2008-01-14
"944","mitsui",2008,1,15,0,2008-01-15
"945","mitsui",2008,1,16,0,2008-01-16
"946","mitsui",2008,1,17,0,2008-01-17
"947","mitsui",2008,1,18,0,2008-01-18
"948","mitsui",2008,1,19,0,2008-01-19
"949","mitsui",2008,1,20,0,2008-01-20
"950","mitsui",2008,1,21,0.19,2008-01-21
"951","mitsui",2008,1,22,0.19,2008-01-22
"952","mitsui",2008,1,23,0.12,2008-01-23
"953","mitsui",2008,1,24,0.78,2008-01-24
"954","mitsui",2008,1,25,4.19,2008-01-25
"955","mitsui",2008,1,26,0.53,2008-01-26
"956","mitsui",2008,1,27,0.46,2008-01-27
"957","mitsui",2008,1,28,0.14,2008-01-28
"958","mitsui",2008,1,29,0.49,2008-01-29
"959","mitsui",2008,1,30,0.01,2008-01-30
"960","mitsui",2008,1,31,1.87,2008-01-31
"961","mitsui",2008,2,1,0.01,2008-02-01
"962","mitsui",2008,2,2,2.13,2008-02-02
"963","mitsui",2008,2,3,0.08,2008-02-03
"964","mitsui",2008,2,4,0,2008-02-04
"965","mitsui",2008,2,5,0,2008-02-05
"966","mitsui",2008,2,6,0,2008-02-06
"967","mitsui",2008,2,7,0.03,2008-02-07
"968","mitsui",2008,2,8,0,2008-02-08
"969","mitsui",2008,2,9,0,2008-02-09
"970","mitsui",2008,2,10,0,2008-02-10
"971","mitsui",2008,2,11,0,2008-02-11
"972","mitsui",2008,2,12,0,2008-02-12
"973","mitsui",2008,2,13,0,2008-02-13
"974","mitsui",2008,2,14,0,2008-02-14
"975","mitsui",2008,2,15,0,2008-02-15
"976","mitsui",2008,2,16,0,2008-02-16
"977","mitsui",2008,2,17,0,2008-02-17
"978","mitsui",2008,2,18,0,2008-02-18
"979","mitsui",2008,2,19,0.01,2008-02-19
"980","mitsui",2008,2,20,0.01,2008-02-20
"981","mitsui",2008,2,21,0.03,2008-02-21
"982","mitsui",2008,2,22,0.02,2008-02-22
"983","mitsui",2008,2,23,0.06,2008-02-23
"984","mitsui",2008,2,24,0.04,2008-02-24
"985","mitsui",2008,2,25,0,2008-02-25
"986","mitsui",2008,2,26,0,2008-02-26
"987","mitsui",2008,2,27,0,2008-02-27
"988","mitsui",2008,2,28,0,2008-02-28
"989","mitsui",2008,2,29,0,2008-02-29
"990","mitsui",2008,3,1,0,2008-03-01
"991","mitsui",2008,3,2,0,2008-03-02
"992","mitsui",2008,3,3,0,2008-03-03
"993","mitsui",2008,3,4,0,2008-03-04
"994","mitsui",2008,3,5,0,2008-03-05
"995","mitsui",2008,3,6,0,2008-03-06
"996","mitsui",2008,3,7,0,2008-03-07
"997","mitsui",2008,3,8,0,2008-03-08
"998","mitsui",2008,3,9,0,2008-03-09
"999","mitsui",2008,3,10,0,2008-03-10
"1000","mitsui",2008,3,11,0,2008-03-11
"1001","mitsui",2008,3,12,0,2008-03-12
"1002","mitsui",2008,3,13,0,2008-03-13
"1003","mitsui",2008,3,14,0.01,2008-03-14
"1004","mitsui",2008,3,15,NA,2008-03-15
"1005","mitsui",2009,10,12,0,2009-10-12
"1006","mitsui",2009,10,13,0,2009-10-13
"1007","mitsui",2009,10,14,0,2009-10-14
"1008","mitsui",2009,10,15,0,2009-10-15
"1009","mitsui",2009,10,16,0,2009-10-16
"1010","mitsui",2009,10,17,0,2009-10-17
"1011","mitsui",2009,10,18,0,2009-10-18
"1012","mitsui",2009,10,19,0,2009-10-19
"1013","mitsui",2009,10,20,0,2009-10-20
"1014","mitsui",2009,10,21,0,2009-10-21
"1015","mitsui",2009,10,22,0,2009-10-22
"1016","mitsui",2009,10,23,0,2009-10-23
"1017","mitsui",2009,10,24,0,2009-10-24
"1018","mitsui",2009,10,25,0,2009-10-25
"1019","mitsui",2009,10,26,0,2009-10-26
"1020","mitsui",2009,10,27,0,2009-10-27
"1021","mitsui",2009,10,28,0,2009-10-28
"1022","mitsui",2009,10,29,0,2009-10-29
"1023","mitsui",2009,10,30,0,2009-10-30
"1024","mitsui",2009,10,31,0,2009-10-31
"1025","mitsui",2009,11,1,0,2009-11-01
"1026","mitsui",2009,11,2,0,2009-11-02
"1027","mitsui",2009,11,3,0,2009-11-03
"1028","mitsui",2009,11,4,0,2009-11-04
"1029","mitsui",2009,11,5,0,2009-11-05
"1030","mitsui",2009,11,6,0,2009-11-06
"1031","mitsui",2009,11,7,0,2009-11-07
"1032","mitsui",2009,11,8,0,2009-11-08
"1033","mitsui",2009,11,9,0,2009-11-09
"1034","mitsui",2009,11,10,0,2009-11-10
"1035","mitsui",2009,11,11,0,2009-11-11
"1036","mitsui",2009,11,12,0,2009-11-12
"1037","mitsui",2009,11,13,0,2009-11-13
"1038","mitsui",2009,11,14,0,2009-11-14
"1039","mitsui",2009,11,15,0,2009-11-15
"1040","mitsui",2009,11,16,0,2009-11-16
"1041","mitsui",2009,11,17,0,2009-11-17
"1042","mitsui",2009,11,18,0,2009-11-18
"1043","mitsui",2009,11,19,0,2009-11-19
"1044","mitsui",2009,11,20,0,2009-11-20
"1045","mitsui",2009,11,21,0,2009-11-21
"1046","mitsui",2009,11,22,0,2009-11-22
"1047","mitsui",2009,11,23,0,2009-11-23
"1048","mitsui",2009,11,24,0,2009-11-24
"1049","mitsui",2009,11,25,0,2009-11-25
"1050","mitsui",2009,11,26,0,2009-11-26
"1051","mitsui",2009,11,27,0,2009-11-27
"1052","mitsui",2009,11,28,0,2009-11-28
"1053","mitsui",2009,11,29,0,2009-11-29
"1054","mitsui",2009,11,30,0,2009-11-30
"1055","mitsui",2009,12,1,0,2009-12-01
"1056","mitsui",2009,12,2,0,2009-12-02
"1057","mitsui",2009,12,3,0,2009-12-03
"1058","mitsui",2009,12,4,0,2009-12-04
"1059","mitsui",2009,12,5,0,2009-12-05
"1060","mitsui",2009,12,6,0,2009-12-06
"1061","mitsui",2009,12,7,0,2009-12-07
"1062","mitsui",2009,12,8,0,2009-12-08
"1063","mitsui",2009,12,9,0,2009-12-09
"1064","mitsui",2009,12,10,0,2009-12-10
"1065","mitsui",2009,12,11,0,2009-12-11
"1066","mitsui",2009,12,12,0,2009-12-12
"1067","mitsui",2009,12,13,0,2009-12-13
"1068","mitsui",2009,12,14,0,2009-12-14
"1069","mitsui",2009,12,15,0,2009-12-15
"1070","mitsui",2009,12,16,0,2009-12-16
"1071","mitsui",2009,12,17,0,2009-12-17
"1072","mitsui",2009,12,18,0,2009-12-18
"1073","mitsui",2009,12,19,0,2009-12-19
"1074","mitsui",2009,12,20,0,2009-12-20
"1075","mitsui",2009,12,21,0,2009-12-21
"1076","mitsui",2009,12,22,0,2009-12-22
"1077","mitsui",2009,12,23,0,2009-12-23
"1078","mitsui",2009,12,24,0,2009-12-24
"1079","mitsui",2009,12,25,0,2009-12-25
"1080","mitsui",2009,12,26,0,2009-12-26
"1081","mitsui",2009,12,27,0,2009-12-27
"1082","mitsui",2009,12,28,0,2009-12-28
"1083","mitsui",2009,12,29,0,2009-12-29
"1084","mitsui",2009,12,30,0,2009-12-30
"1085","mitsui",2009,12,31,0,2009-12-31
"1086","mitsui",2010,1,1,0,2010-01-01
"1087","mitsui",2010,1,2,0,2010-01-02
"1088","mitsui",2010,1,3,0,2010-01-03
"1089","mitsui",2010,1,4,0,2010-01-04
"1090","mitsui",2010,1,5,0,2010-01-05
"1091","mitsui",2010,1,6,0,2010-01-06
"1092","mitsui",2010,1,7,0,2010-01-07
"1093","mitsui",2010,1,8,0,2010-01-08
"1094","mitsui",2010,1,9,0,2010-01-09
"1095","mitsui",2010,1,10,0,2010-01-10
"1096","mitsui",2010,1,11,0,2010-01-11
"1097","mitsui",2010,1,12,0,2010-01-12
"1098","mitsui",2010,1,13,0,2010-01-13
"1099","mitsui",2010,1,14,0,2010-01-14
"1100","mitsui",2010,1,15,0,2010-01-15
"1101","mitsui",2010,1,16,0,2010-01-16
"1102","mitsui",2010,1,17,0,2010-01-17
"1103","mitsui",2010,1,18,0,2010-01-18
"1104","mitsui",2010,1,19,0,2010-01-19
"1105","mitsui",2010,1,20,0,2010-01-20
"1106","mitsui",2010,1,21,0,2010-01-21
"1107","mitsui",2010,1,22,0,2010-01-22
"1108","mitsui",2010,1,23,0,2010-01-23
"1109","mitsui",2010,1,24,0,2010-01-24
"1110","mitsui",2010,1,25,0,2010-01-25
"1111","mitsui",2010,1,26,0,2010-01-26
"1112","mitsui",2010,1,27,0,2010-01-27
"1113","mitsui",2010,1,28,0,2010-01-28
"1114","mitsui",2010,1,29,0,2010-01-29
"1115","mitsui",2010,1,30,0,2010-01-30
"1116","mitsui",2010,1,31,0,2010-01-31
"1117","mitsui",2010,2,1,0,2010-02-01
"1118","mitsui",2010,2,2,0,2010-02-02
"1119","mitsui",2010,2,3,0,2010-02-03
"1120","mitsui",2010,2,4,0,2010-02-04
"1121","mitsui",2010,2,5,0,2010-02-05
"1122","mitsui",2010,2,6,0,2010-02-06
"1123","mitsui",2010,2,7,0,2010-02-07
"1124","mitsui",2010,2,8,0,2010-02-08
"1125","mitsui",2010,2,9,0,2010-02-09
"1126","mitsui",2010,2,10,0,2010-02-10
"1127","mitsui",2010,2,11,0,2010-02-11
"1128","mitsui",2010,2,12,0,2010-02-12
"1129","mitsui",2010,2,13,0,2010-02-13
"1130","mitsui",2010,2,14,0,2010-02-14
"1131","mitsui",2010,2,15,0,2010-02-15
"1132","mitsui",2010,2,16,0,2010-02-16
"1133","mitsui",2010,2,17,0,2010-02-17
"1134","mitsui",2010,2,18,0,2010-02-18
"1135","mitsui",2010,2,19,0,2010-02-19
"1136","mitsui",2010,2,20,0,2010-02-20
"1137","mitsui",2010,2,21,0,2010-02-21
"1138","mitsui",2010,2,22,0,2010-02-22
"1139","mitsui",2010,2,23,0,2010-02-23
"1140","mitsui",2010,2,24,0,2010-02-24
"1141","mitsui",2010,2,25,0,2010-02-25
"1142","mitsui",2010,2,26,0,2010-02-26
"1143","mitsui",2010,2,27,0,2010-02-27
"1144","mitsui",2010,2,28,0,2010-02-28
"1145","mitsui",2010,3,1,0,2010-03-01
"1146","mitsui",2010,3,2,0,2010-03-02
"1147","mitsui",2010,3,3,0,2010-03-03
"1148","mitsui",2010,3,4,0,2010-03-04
"1149","mitsui",2010,3,5,0,2010-03-05
"1150","mitsui",2010,3,6,0,2010-03-06
"1151","mitsui",2010,3,7,0,2010-03-07
"1152","mitsui",2010,3,8,0,2010-03-08
"1153","mitsui",2010,3,9,0,2010-03-09
"1154","mitsui",2010,3,10,0,2010-03-10
"1155","mitsui",2010,3,11,0,2010-03-11
"1156","mitsui",2010,3,12,0,2010-03-12
"1157","mitsui",2010,3,13,0,2010-03-13
"1158","mitsui",2010,3,14,0,2010-03-14
"1159","mitsui",2010,3,15,0,2010-03-15
"1160","mitsui",2010,3,16,0,2010-03-16
"1161","mitsui",2010,3,17,0,2010-03-17
"1162","mitsui",2010,3,18,0,2010-03-18
"1163","mitsui",2010,3,19,0,2010-03-19
"1164","mitsui",2010,3,20,0,2010-03-20
"1165","mitsui",2010,3,21,0,2010-03-21
"1166","mitsui",2010,3,22,0,2010-03-22
"1167","mitsui",2010,3,23,0,2010-03-23
"1168","mitsui",2010,3,24,0,2010-03-24
"1169","mitsui",2010,3,25,0,2010-03-25
"1170","mitsui",2010,3,26,0,2010-03-26
"1171","mitsui",2010,3,27,0,2010-03-27
"1172","mitsui",2010,3,28,0,2010-03-28
"1173","mitsui",2010,3,29,0,2010-03-29
"1174","mitsui",2010,3,30,0,2010-03-30
"1175","mitsui",2010,3,31,0,2010-03-31
"1176","mitsui",2010,4,1,0,2010-04-01
"1177","mitsui",2010,4,2,0,2010-04-02
"1178","mitsui",2010,4,3,0,2010-04-03
"1179","mitsui",2010,4,4,0,2010-04-04
"1180","mitsui",2010,4,5,0,2010-04-05
"1181","mitsui",2010,4,6,0,2010-04-06
"1182","mitsui",2010,4,7,0,2010-04-07
"1183","mitsui",2010,4,8,0,2010-04-08
"1184","mitsui",2010,4,9,0,2010-04-09
"1185","mitsui",2010,4,10,0,2010-04-10
"1186","mitsui",2010,4,11,0,2010-04-11
"1187","mitsui",2010,4,12,0,2010-04-12
"1188","mitsui",2010,4,13,0,2010-04-13
"1189","mitsui",2010,4,14,0,2010-04-14
"1190","mitsui",2010,4,15,0,2010-04-15
"1191","mitsui",2010,4,16,0,2010-04-16
"1192","mitsui",2010,4,17,0,2010-04-17
"1193","mitsui",2010,4,18,0,2010-04-18
"1194","mitsui",2010,4,19,0,2010-04-19
"1195","mitsui",2010,4,20,0,2010-04-20
"1196","mitsui",2010,4,21,0,2010-04-21
"1197","mitsui",2010,4,22,0,2010-04-22
"1198","mitsui",2010,4,23,0,2010-04-23
"1199","mitsui",2010,4,24,0,2010-04-24
"1200","mitsui",2010,4,25,0,2010-04-25
"1201","mitsui",2010,4,26,0,2010-04-26
"1202","mitsui",2010,4,27,0,2010-04-27
"1203","mitsui",2010,4,28,0.04,2010-04-28
"1204","mitsui",2010,4,29,0,2010-04-29
"1205","mitsui",2010,4,30,0,2010-04-30
"1206","mitsui",2010,5,1,0,2010-05-01
"1207","mitsui",2010,5,2,0,2010-05-02
"1208","mitsui",2010,5,3,0,2010-05-03
"1209","mitsui",2010,5,4,0,2010-05-04
"1210","mitsui",2010,5,5,0,2010-05-05
"1211","mitsui",2010,5,6,0,2010-05-06
"1212","mitsui",2010,5,7,0,2010-05-07
"1213","mitsui",2010,5,8,0,2010-05-08
"1214","mitsui",2010,5,9,0.17,2010-05-09
"1215","mitsui",2010,5,10,0.03,2010-05-10
"1216","mitsui",2010,5,11,0,2010-05-11
"1217","mitsui",2010,5,12,0,2010-05-12
"1218","mitsui",2010,5,13,0,2010-05-13
"1219","mitsui",2010,5,14,0,2010-05-14
"1220","mitsui",2010,5,15,0,2010-05-15
"1221","mitsui",2010,5,16,0,2010-05-16
"1222","mitsui",2010,5,17,0.47,2010-05-17
"1223","mitsui",2010,5,18,0,2010-05-18
"1224","mitsui",2010,5,19,0,2010-05-19
"1225","mitsui",2010,5,20,0,2010-05-20
"1226","mitsui",2010,5,21,0,2010-05-21
"1227","mitsui",2010,5,22,0,2010-05-22
"1228","mitsui",2010,5,23,0,2010-05-23
"1229","mitsui",2010,5,24,0,2010-05-24
"1230","mitsui",2010,5,25,0,2010-05-25
"1231","mitsui",2010,5,26,0,2010-05-26
"1232","mitsui",2010,5,27,0,2010-05-27
"1233","mitsui",2010,5,28,0,2010-05-28
"1234","mitsui",2010,5,29,0,2010-05-29
"1235","mitsui",2010,5,30,0,2010-05-30
"1236","mitsui",2010,5,31,0,2010-05-31
"1237","mitsui",2010,6,1,0,2010-06-01
"1238","mitsui",2010,6,2,0,2010-06-02
"1239","mitsui",2010,6,3,0,2010-06-03
"1240","mitsui",2010,6,4,0,2010-06-04
"1241","mitsui",2010,6,5,0,2010-06-05
"1242","mitsui",2010,6,6,0,2010-06-06
"1243","mitsui",2010,6,7,0,2010-06-07
"1244","mitsui",2010,6,8,0.04,2010-06-08
"1245","mitsui",2010,6,9,0.02,2010-06-09
"1246","mitsui",2010,6,10,0,2010-06-10
"1247","mitsui",2010,6,11,0,2010-06-11
"1248","mitsui",2010,6,12,0,2010-06-12
"1249","mitsui",2010,6,13,0,2010-06-13
"1250","mitsui",2010,6,14,0,2010-06-14
"1251","mitsui",2010,6,15,0,2010-06-15
"1252","mitsui",2010,6,16,0,2010-06-16
"1253","mitsui",2010,6,17,0,2010-06-17
"1254","mitsui",2010,6,18,0,2010-06-18
"1255","mitsui",2010,6,19,0,2010-06-19
"1256","mitsui",2010,6,20,0,2010-06-20
"1257","mitsui",2010,6,21,0,2010-06-21
"1258","mitsui",2010,6,22,0,2010-06-22
"1259","mitsui",2010,6,23,0,2010-06-23
"1260","mitsui",2010,6,24,0,2010-06-24
"1261","mitsui",2010,6,25,0,2010-06-25
"1262","mitsui",2010,6,26,0,2010-06-26
"1263","mitsui",2010,6,27,0,2010-06-27
"1264","mitsui",2010,6,28,0,2010-06-28
"1265","mitsui",2010,6,29,0,2010-06-29
"1266","mitsui",2010,6,30,0,2010-06-30
"1267","mitsui",2010,7,1,0,2010-07-01
"1268","mitsui",2010,7,2,0,2010-07-02
"1269","mitsui",2010,7,3,0,2010-07-03
"1270","mitsui",2010,7,4,0,2010-07-04
"1271","mitsui",2010,7,5,0,2010-07-05
"1272","mitsui",2010,7,6,0,2010-07-06
"1273","mitsui",2010,7,7,0,2010-07-07
"1274","mitsui",2010,7,8,0,2010-07-08
"1275","mitsui",2010,7,9,0,2010-07-09
"1276","mitsui",2010,7,10,0,2010-07-10
"1277","mitsui",2010,7,11,0,2010-07-11
"1278","mitsui",2010,7,12,0,2010-07-12
"1279","mitsui",2010,7,13,0,2010-07-13
"1280","mitsui",2010,7,14,0,2010-07-14
"1281","mitsui",2010,7,15,0,2010-07-15
"1282","mitsui",2010,7,16,0,2010-07-16
"1283","mitsui",2010,7,17,0,2010-07-17
"1284","mitsui",2010,7,18,0,2010-07-18
"1285","mitsui",2010,7,19,0,2010-07-19
"1286","mitsui",2010,7,20,0,2010-07-20
"1287","mitsui",2010,7,21,0,2010-07-21
"1288","mitsui",2010,7,22,0,2010-07-22
"1289","mitsui",2010,7,23,0,2010-07-23
"1290","mitsui",2010,7,24,0,2010-07-24
"1291","mitsui",2010,7,25,0,2010-07-25
"1292","mitsui",2010,7,26,0,2010-07-26
"1293","mitsui",2010,7,27,0,2010-07-27
"1294","mitsui",2010,7,28,0,2010-07-28
"1295","mitsui",2010,7,29,0,2010-07-29
"1296","mitsui",2010,7,30,0,2010-07-30
"1297","mitsui",2010,7,31,0,2010-07-31
"1298","mitsui",2010,8,1,0,2010-08-01
"1299","mitsui",2010,8,2,0,2010-08-02
"1300","mitsui",2010,8,3,0,2010-08-03
"1301","mitsui",2010,8,4,0,2010-08-04
"1302","mitsui",2010,8,5,0,2010-08-05
"1303","mitsui",2010,8,6,0,2010-08-06
"1304","mitsui",2010,8,7,0,2010-08-07
"1305","mitsui",2010,8,8,0,2010-08-08
"1306","mitsui",2010,8,9,0,2010-08-09
"1307","mitsui",2010,8,10,0,2010-08-10
"1308","mitsui",2010,8,11,0,2010-08-11
"1309","mitsui",2010,8,12,0,2010-08-12
"1310","mitsui",2010,8,13,0,2010-08-13
"1311","mitsui",2010,8,14,0,2010-08-14
"1312","mitsui",2010,8,15,0,2010-08-15
"1313","mitsui",2010,8,16,0,2010-08-16
"1314","mitsui",2010,8,17,0,2010-08-17
"1315","mitsui",2010,8,18,0,2010-08-18
"1316","mitsui",2010,8,19,0,2010-08-19
"1317","mitsui",2010,8,20,0,2010-08-20
"1318","mitsui",2010,8,21,0,2010-08-21
"1319","mitsui",2010,8,22,0,2010-08-22
"1320","mitsui",2010,8,23,0,2010-08-23
"1321","mitsui",2010,8,24,0,2010-08-24
"1322","mitsui",2010,8,25,0,2010-08-25
"1323","mitsui",2010,8,26,0,2010-08-26
"1324","mitsui",2010,8,27,0,2010-08-27
"1325","mitsui",2010,8,28,0,2010-08-28
"1326","mitsui",2012,6,15,0,2012-06-15
"1327","mitsui",2012,6,16,0,2012-06-16
"1328","mitsui",2012,6,17,0,2012-06-17
"1329","mitsui",2012,6,18,0,2012-06-18
"1330","mitsui",2012,6,19,0,2012-06-19
"1331","mitsui",2012,6,20,0,2012-06-20
"1332","mitsui",2012,6,21,0,2012-06-21
"1333","mitsui",2012,6,22,0,2012-06-22
"1334","mitsui",2012,6,23,0,2012-06-23
"1335","mitsui",2012,6,24,0,2012-06-24
"1336","mitsui",2012,6,25,0,2012-06-25
"1337","mitsui",2012,6,26,0.01,2012-06-26
"1338","mitsui",2012,6,27,0,2012-06-27
"1339","mitsui",2012,6,28,0,2012-06-28
"1340","mitsui",2012,6,29,0,2012-06-29
"1341","mitsui",2012,6,30,0,2012-06-30
"1342","mitsui",2012,7,1,0,2012-07-01
"1343","mitsui",2012,7,2,0,2012-07-02
"1344","mitsui",2012,7,3,0.01,2012-07-03
"1345","mitsui",2012,7,4,0,2012-07-04
"1346","mitsui",2012,7,5,0,2012-07-05
"1347","mitsui",2012,7,6,0,2012-07-06
"1348","mitsui",2012,7,7,0,2012-07-07
"1349","mitsui",2012,7,8,0,2012-07-08
"1350","mitsui",2012,7,9,0,2012-07-09
"1351","mitsui",2012,7,10,0,2012-07-10
"1352","mitsui",2012,7,11,0,2012-07-11
"1353","mitsui",2012,7,12,0,2012-07-12
"1354","mitsui",2012,7,13,0,2012-07-13
"1355","mitsui",2012,7,14,0,2012-07-14
"1356","mitsui",2012,7,15,0,2012-07-15
"1357","mitsui",2012,7,16,0,2012-07-16
"1358","mitsui",2012,7,17,0,2012-07-17
"1359","mitsui",2012,7,18,0.01,2012-07-18
"1360","mitsui",2012,7,19,0,2012-07-19
"1361","mitsui",2012,7,20,0,2012-07-20
"1362","mitsui",2012,7,21,0,2012-07-21
"1363","mitsui",2012,7,22,0,2012-07-22
"1364","mitsui",2012,7,23,0,2012-07-23
"1365","mitsui",2012,7,24,0,2012-07-24
"1366","mitsui",2012,7,25,0,2012-07-25
"1367","mitsui",2012,7,26,0,2012-07-26
"1368","mitsui",2012,7,27,0,2012-07-27
"1369","mitsui",2012,7,28,0,2012-07-28
"1370","mitsui",2012,7,29,0,2012-07-29
"1371","mitsui",2012,7,30,0,2012-07-30
"1372","mitsui",2012,7,31,0,2012-07-31
"1373","mitsui",2012,8,1,0,2012-08-01
"1374","mitsui",2012,8,2,0,2012-08-02
"1375","mitsui",2012,8,3,0,2012-08-03
"1376","mitsui",2012,8,4,0,2012-08-04
"1377","mitsui",2012,8,5,0,2012-08-05
"1378","mitsui",2012,8,6,0,2012-08-06
"1379","mitsui",2012,8,7,0,2012-08-07
"1380","mitsui",2012,8,8,0,2012-08-08
"1381","mitsui",2012,8,9,0,2012-08-09
"1382","mitsui",2012,8,10,0,2012-08-10
"1383","mitsui",2012,8,11,0,2012-08-11
"1384","mitsui",2012,8,12,0,2012-08-12
"1385","mitsui",2012,8,13,0,2012-08-13
"1386","mitsui",2012,8,14,0,2012-08-14
"1387","mitsui",2012,8,15,0,2012-08-15
"1388","mitsui",2012,8,16,0,2012-08-16
"1389","mitsui",2012,8,17,0,2012-08-17
"1390","mitsui",2012,8,18,0,2012-08-18
"1391","mitsui",2012,8,19,0,2012-08-19
"1392","mitsui",2012,8,20,0,2012-08-20
"1393","mitsui",2012,8,21,0,2012-08-21
"1394","mitsui",2012,8,22,0,2012-08-22
"1395","mitsui",2012,8,23,0,2012-08-23
"1396","mitsui",2012,8,24,0,2012-08-24
"1397","mitsui",2012,8,25,0,2012-08-25
"1398","mitsui",2012,8,26,0,2012-08-26
"1399","mitsui",2012,8,27,0,2012-08-27
"1400","mitsui",2012,8,28,0,2012-08-28
"1401","mitsui",2012,8,29,0,2012-08-29
"1402","mitsui",2012,8,30,0,2012-08-30
"1403","mitsui",2012,8,31,0,2012-08-31
"1404","mitsui",2012,9,1,0,2012-09-01
"1405","mitsui",2012,9,2,0,2012-09-02
"1406","mitsui",2012,9,3,0,2012-09-03
"1407","mitsui",2012,9,4,0,2012-09-04
"1408","mitsui",2012,9,5,0,2012-09-05
"1409","mitsui",2012,9,6,0,2012-09-06
"1410","mitsui",2012,9,7,0,2012-09-07
"1411","mitsui",2012,9,8,0,2012-09-08
"1412","mitsui",2012,9,9,0,2012-09-09
"1413","mitsui",2012,9,10,0,2012-09-10
"1414","mitsui",2012,9,11,0,2012-09-11
"1415","mitsui",2012,9,12,0,2012-09-12
"1416","mitsui",2012,9,13,0,2012-09-13
"1417","mitsui",2012,9,14,0,2012-09-14
"1418","mitsui",2012,9,15,0,2012-09-15
"1419","mitsui",2012,9,16,0,2012-09-16
"1420","mitsui",2012,9,17,0,2012-09-17
"1421","mitsui",2012,9,18,0,2012-09-18
"1422","mitsui",2012,9,19,0,2012-09-19
"1423","mitsui",2012,9,20,0,2012-09-20
"1424","mitsui",2012,9,21,0,2012-09-21
"1425","mitsui",2012,9,22,0,2012-09-22
"1426","mitsui",2012,9,23,0,2012-09-23
"1427","mitsui",2012,9,24,0,2012-09-24
"1428","mitsui",2012,9,25,0,2012-09-25
"1429","mitsui",2012,9,26,0,2012-09-26
"1430","mitsui",2012,9,27,0,2012-09-27
"1431","mitsui",2012,9,28,0,2012-09-28
"1432","mitsui",2012,9,29,0,2012-09-29
"1433","mitsui",2012,9,30,0,2012-09-30
"1434","mitsui",2012,10,1,0,2012-10-01
"1435","mitsui",2012,10,2,0,2012-10-02
"1436","mitsui",2012,10,3,0,2012-10-03
"1437","mitsui",2012,10,4,0,2012-10-04
"1438","mitsui",2012,10,5,0,2012-10-05
"1439","mitsui",2012,10,6,0,2012-10-06
"1440","mitsui",2012,10,7,0,2012-10-07
"1441","mitsui",2012,10,8,0,2012-10-08
"1442","mitsui",2012,10,9,0,2012-10-09
"1443","mitsui",2012,10,10,0,2012-10-10
"1444","mitsui",2012,10,11,0,2012-10-11
"1445","mitsui",2012,10,12,0,2012-10-12
"1446","mitsui",2012,10,13,0,2012-10-13
"1447","mitsui",2012,10,14,0,2012-10-14
"1448","mitsui",2012,10,15,0.01,2012-10-15
"1449","mitsui",2012,10,16,0,2012-10-16
"1450","mitsui",2012,10,17,0,2012-10-17
"1451","mitsui",2012,10,18,0,2012-10-18
"1452","mitsui",2012,10,19,0,2012-10-19
"1453","mitsui",2012,10,20,0,2012-10-20
"1454","mitsui",2012,10,21,0,2012-10-21
"1455","mitsui",2012,10,22,0,2012-10-22
"1456","mitsui",2012,10,23,0,2012-10-23
"1457","mitsui",2012,10,24,0,2012-10-24
"1458","mitsui",2012,10,25,0,2012-10-25
"1459","mitsui",2012,10,26,0,2012-10-26
"1460","mitsui",2012,10,27,0,2012-10-27
"1461","mitsui",2012,10,28,0.01,2012-10-28
"1462","mitsui",2012,10,29,0,2012-10-29
"1463","mitsui",2012,10,30,0,2012-10-30
"1464","mitsui",2012,10,31,0,2012-10-31
"1465","mitsui",2012,11,1,0,2012-11-01
"1466","mitsui",2012,11,2,0,2012-11-02
"1467","mitsui",2012,11,3,0,2012-11-03
"1468","mitsui",2012,11,4,0,2012-11-04
"1469","mitsui",2012,11,5,0.01,2012-11-05
"1470","mitsui",2012,11,6,0,2012-11-06
"1471","mitsui",2012,11,7,0,2012-11-07
"1472","mitsui",2012,11,8,0,2012-11-08
"1473","mitsui",2012,11,9,0,2012-11-09
"1474","mitsui",2012,11,10,0,2012-11-10
"1475","mitsui",2012,11,11,0,2012-11-11
"1476","mitsui",2012,11,12,0,2012-11-12
"1477","mitsui",2012,11,13,0,2012-11-13
"1478","mitsui",2012,11,14,0,2012-11-14
"1479","mitsui",2012,11,15,0,2012-11-15
"1480","mitsui",2012,11,16,0.01,2012-11-16
"1481","mitsui",2012,11,17,0,2012-11-17
"1482","mitsui",2012,11,18,0,2012-11-18
"1483","mitsui",2012,11,19,0,2012-11-19
"1484","mitsui",2012,11,20,0,2012-11-20
"1485","mitsui",2012,11,21,0,2012-11-21
"1486","mitsui",2012,11,22,0,2012-11-22
"1487","mitsui",2012,11,23,0,2012-11-23
"1488","mitsui",2012,11,24,0,2012-11-24
"1489","mitsui",2012,11,25,0,2012-11-25
"1490","mitsui",2012,11,26,0,2012-11-26
"1491","mitsui",2012,11,27,0,2012-11-27
"1492","mitsui",2012,11,28,0,2012-11-28
"1493","mitsui",2012,11,29,0,2012-11-29
"1494","mitsui",2012,11,30,0,2012-11-30
"1495","mitsui",2012,12,1,0,2012-12-01
"1496","mitsui",2012,12,2,0,2012-12-02
"1497","mitsui",2012,12,3,0,2012-12-03
"1498","mitsui",2012,12,4,0,2012-12-04
"1499","mitsui",2012,12,5,0,2012-12-05
"1500","mitsui",2012,12,6,0,2012-12-06
"1501","mitsui",2012,12,7,0,2012-12-07
"1502","mitsui",2012,12,8,0,2012-12-08
"1503","mitsui",2012,12,9,0.01,2012-12-09
"1504","mitsui",2012,12,10,0,2012-12-10
"1505","mitsui",2012,12,11,0,2012-12-11
"1506","mitsui",2012,12,12,0,2012-12-12
"1507","mitsui",2012,12,13,0,2012-12-13
"1508","mitsui",2012,12,14,0,2012-12-14
"1509","mitsui",2012,12,15,0,2012-12-15
"1510","mitsui",2012,12,16,0,2012-12-16
"1511","mitsui",2012,12,17,0,2012-12-17
"1512","mitsui",2012,12,18,0,2012-12-18
"1513","mitsui",2012,12,19,0,2012-12-19
"1514","mitsui",2012,12,20,0,2012-12-20
"1515","mitsui",2012,12,21,0,2012-12-21
"1516","mitsui",2012,12,22,0,2012-12-22
"1517","mitsui",2012,12,23,0,2012-12-23
"1518","mitsui",2012,12,24,0,2012-12-24
"1519","mitsui",2012,12,25,0,2012-12-25
"1520","mitsui",2012,12,26,0,2012-12-26
"1521","mitsui",2012,12,27,0,2012-12-27
"1522","mitsui",2012,12,28,0,2012-12-28
"1523","mitsui",2012,12,29,0,2012-12-29
"1524","mitsui",2012,12,30,0,2012-12-30
"1525","mitsui",2012,12,31,0,2012-12-31
"1526","mitsui",2013,1,1,0,2013-01-01
"1527","mitsui",2013,1,2,0,2013-01-02
"1528","mitsui",2013,1,3,0.01,2013-01-03
"1529","mitsui",2013,1,4,0,2013-01-04
"1530","mitsui",2013,1,5,0,2013-01-05
"1531","mitsui",2013,1,6,0,2013-01-06
"1532","mitsui",2013,1,7,0,2013-01-07
"1533","mitsui",2013,1,8,0,2013-01-08
"1534","mitsui",2013,1,9,0,2013-01-09
"1535","mitsui",2013,1,10,0,2013-01-10
"1536","mitsui",2013,1,11,0,2013-01-11
"1537","mitsui",2013,1,12,0,2013-01-12
"1538","mitsui",2013,1,13,0,2013-01-13
"1539","mitsui",2013,1,14,0,2013-01-14
"1540","mitsui",2013,1,15,0,2013-01-15
"1541","mitsui",2013,1,16,0.01,2013-01-16
"1542","mitsui",2013,1,17,0,2013-01-17
"1543","mitsui",2013,1,18,0,2013-01-18
"1544","mitsui",2013,1,19,0,2013-01-19
"1545","mitsui",2013,1,20,0,2013-01-20
"1546","mitsui",2013,1,21,0,2013-01-21
"1547","mitsui",2013,1,22,0,2013-01-22
"1548","mitsui",2013,1,23,0,2013-01-23
"1549","mitsui",2013,1,24,0,2013-01-24
"1550","mitsui",2013,1,25,0,2013-01-25
"1551","mitsui",2013,1,26,0,2013-01-26
"1552","mitsui",2013,1,27,0,2013-01-27
"1553","mitsui",2013,1,28,0,2013-01-28
"1554","mitsui",2013,1,29,0,2013-01-29
"1555","mitsui",2013,1,30,0,2013-01-30
"1556","mitsui",2013,1,31,0,2013-01-31
"1557","mitsui",2013,2,1,0.01,2013-02-01
"1558","mitsui",2013,2,2,0,2013-02-02
"1559","mitsui",2013,2,3,0,2013-02-03
"1560","mitsui",2013,2,4,0,2013-02-04
"1561","mitsui",2013,2,5,0,2013-02-05
"1562","mitsui",2013,2,6,0,2013-02-06
"1563","mitsui",2013,2,7,0,2013-02-07
"1564","mitsui",2013,2,8,0,2013-02-08
"1565","mitsui",2013,2,9,0,2013-02-09
"1566","mitsui",2013,2,10,0,2013-02-10
"1567","mitsui",2013,2,11,0,2013-02-11
"1568","mitsui",2013,2,12,0.01,2013-02-12
"1569","mitsui",2013,2,13,0,2013-02-13
"1570","mitsui",2013,2,14,0,2013-02-14
"1571","mitsui",2013,2,15,0,2013-02-15
"1572","mitsui",2013,2,16,0,2013-02-16
"1573","mitsui",2013,2,17,0,2013-02-17
"1574","mitsui",2013,2,18,0,2013-02-18
"1575","mitsui",2013,2,19,0,2013-02-19
"1576","mitsui",2013,2,20,0,2013-02-20
"1577","mitsui",2013,2,21,0,2013-02-21
"1578","mitsui",2013,2,22,0,2013-02-22
"1579","mitsui",2013,2,23,0,2013-02-23
"1580","mitsui",2013,2,24,0.01,2013-02-24
"1581","mitsui",2013,2,25,0,2013-02-25
"1582","mitsui",2013,2,26,0,2013-02-26
"1583","mitsui",2013,2,27,0,2013-02-27
"1584","mitsui",2013,2,28,0,2013-02-28
"1585","mitsui",2013,3,1,0,2013-03-01
"1586","mitsui",2013,3,2,0,2013-03-02
"1587","mitsui",2013,3,3,0,2013-03-03
"1588","mitsui",2013,3,4,0,2013-03-04
"1589","mitsui",2013,3,5,0,2013-03-05
"1590","mitsui",2013,3,6,0,2013-03-06
"1591","mitsui",2013,3,7,0,2013-03-07
"1592","mitsui",2013,3,8,0,2013-03-08
"1593","mitsui",2013,3,9,0,2013-03-09
"1594","mitsui",2013,3,10,0,2013-03-10
"1595","mitsui",2013,3,11,0.01,2013-03-11
"1596","mitsui",2013,3,12,0,2013-03-12
"1597","mitsui",2013,3,13,0,2013-03-13
"1598","mitsui",2013,3,14,0,2013-03-14
"1599","mitsui",2013,3,15,0,2013-03-15
"1600","mitsui",2013,3,16,0,2013-03-16
"1601","mitsui",2013,3,17,0,2013-03-17
"1602","mitsui",2013,3,18,0,2013-03-18
"1603","mitsui",2013,3,19,0,2013-03-19
"1604","mitsui",2013,3,20,0,2013-03-20
"1605","mitsui",2013,3,21,0,2013-03-21
"1606","mitsui",2013,3,22,0,2013-03-22
"1607","mitsui",2013,3,23,0,2013-03-23
"1608","mitsui",2013,3,24,0.01,2013-03-24
"1609","mitsui",2013,3,25,0,2013-03-25
"1610","mitsui",2013,3,26,0,2013-03-26
"1611","mitsui",2013,3,27,0,2013-03-27
"1612","mitsui",2013,3,28,0,2013-03-28
"1613","mitsui",2013,3,29,0,2013-03-29
"1614","mitsui",2013,3,30,0,2013-03-30
"1615","mitsui",2013,3,31,0,2013-03-31
"1616","mitsui",2013,4,1,0,2013-04-01
"1617","mitsui",2013,4,2,0,2013-04-02
"1618","mitsui",2013,4,3,0,2013-04-03
"1619","mitsui",2013,4,4,0,2013-04-04
"1620","mitsui",2013,4,5,0,2013-04-05
"1621","mitsui",2013,4,6,0,2013-04-06
"1622","mitsui",2013,4,7,0,2013-04-07
"1623","mitsui",2013,4,8,0,2013-04-08
"1624","mitsui",2013,4,9,0,2013-04-09
"1625","mitsui",2013,4,10,0.01,2013-04-10
"1626","mitsui",2013,4,11,0,2013-04-11
"1627","mitsui",2013,4,12,0,2013-04-12
"1628","mitsui",2013,4,13,0,2013-04-13
"1629","mitsui",2013,4,14,0,2013-04-14
"1630","mitsui",2013,4,15,0,2013-04-15
"1631","mitsui",2013,4,16,0,2013-04-16
"1632","mitsui",2013,4,17,0,2013-04-17
"1633","mitsui",2013,4,18,0,2013-04-18
"1634","mitsui",2013,4,19,0,2013-04-19
"1635","mitsui",2013,4,20,0,2013-04-20
"1636","mitsui",2013,4,21,0,2013-04-21
"1637","mitsui",2013,4,22,0,2013-04-22
"1638","mitsui",2013,4,23,0,2013-04-23
"1639","mitsui",2013,4,24,0,2013-04-24
"1640","mitsui",2013,4,25,0,2013-04-25
"1641","mitsui",2013,4,26,0,2013-04-26
"1642","mitsui",2013,4,27,0,2013-04-27
"1643","mitsui",2013,4,28,0,2013-04-28
"1644","mitsui",2013,4,29,0,2013-04-29
"1645","mitsui",2013,4,30,0,2013-04-30
"1646","mitsui",2013,5,1,0,2013-05-01
"1647","mitsui",2013,5,2,0,2013-05-02
"1648","mitsui",2013,5,3,0,2013-05-03
"1649","mitsui",2013,5,4,0,2013-05-04
"1650","mitsui",2013,5,5,0,2013-05-05
"1651","mitsui",2013,5,6,0,2013-05-06
"1652","mitsui",2013,5,7,0,2013-05-07
"1653","mitsui",2013,5,8,0,2013-05-08
"1654","mitsui",2013,5,9,0,2013-05-09
"1655","mitsui",2013,5,10,0,2013-05-10
"1656","mitsui",2013,5,11,0,2013-05-11
"1657","mitsui",2013,5,12,0,2013-05-12
"1658","mitsui",2013,5,13,0,2013-05-13
"1659","mitsui",2013,5,14,0,2013-05-14
"1660","mitsui",2013,5,15,0,2013-05-15
"1661","mitsui",2013,5,16,0,2013-05-16
"1662","mitsui",2013,5,17,0,2013-05-17
"1663","mitsui",2013,5,18,0,2013-05-18
"1664","mitsui",2013,5,19,0,2013-05-19
"1665","mitsui",2013,5,20,0,2013-05-20
"1666","mitsui",2013,5,21,0,2013-05-21
"1667","mitsui",2013,5,22,0,2013-05-22
"1668","mitsui",2013,5,23,0,2013-05-23
"1669","mitsui",2013,5,24,0,2013-05-24
"1670","mitsui",2013,5,25,0,2013-05-25
"1671","mitsui",2013,5,26,0,2013-05-26
"1672","mitsui",2013,5,27,0,2013-05-27
"1673","mitsui",2013,5,28,0,2013-05-28
"1674","mitsui",2013,5,29,0,2013-05-29
"1675","mitsui",2013,5,30,0,2013-05-30
"1676","mitsui",2013,5,31,0,2013-05-31
"1677","mitsui",2013,6,1,0.01,2013-06-01
"1678","mitsui",2013,6,2,0,2013-06-02
"1679","mitsui",2013,6,3,0,2013-06-03
"1680","mitsui",2013,6,4,0,2013-06-04
"1681","mitsui",2013,6,5,0,2013-06-05
"1682","mitsui",2013,6,6,0,2013-06-06
"1683","mitsui",2013,6,7,0,2013-06-07
"1684","mitsui",2013,6,8,0,2013-06-08
"1685","mitsui",2013,6,9,0,2013-06-09
"1686","mitsui",2013,6,10,0,2013-06-10
"1687","mitsui",2013,6,11,0,2013-06-11
"1688","mitsui",2013,6,12,0,2013-06-12
"1689","mitsui",2013,6,13,0,2013-06-13
"1690","mitsui",2013,6,14,0,2013-06-14
"1691","mitsui",2013,6,15,0,2013-06-15
"1692","mitsui",2013,6,16,0,2013-06-16
"1693","mitsui",2013,6,17,0,2013-06-17
"1694","mitsui",2013,6,18,0,2013-06-18
"1695","mitsui",2013,6,19,0,2013-06-19
"1696","mitsui",2013,6,20,0,2013-06-20
"1697","mitsui",2013,6,21,0,2013-06-21
"1698","mitsui",2013,6,22,0,2013-06-22
"1699","mitsui",2013,6,23,0,2013-06-23
"1700","mitsui",2013,6,24,0,2013-06-24
"1701","mitsui",2013,6,25,0,2013-06-25
"1702","mitsui",2013,6,26,0,2013-06-26
"1703","mitsui",2013,6,27,0,2013-06-27
"1704","mitsui",2013,6,28,0,2013-06-28
"1705","mitsui",2013,6,29,0,2013-06-29
"1706","mitsui",2013,6,30,0,2013-06-30
"1707","mitsui",2013,7,1,0,2013-07-01
"1708","mitsui",2013,7,2,0,2013-07-02
"1709","mitsui",2013,7,3,0,2013-07-03
"1710","mitsui",2013,7,4,0,2013-07-04
"1711","mitsui",2013,7,5,0,2013-07-05
"1712","mitsui",2013,7,6,0,2013-07-06
"1713","mitsui",2013,7,7,0,2013-07-07
"1714","mitsui",2013,7,8,0,2013-07-08
"1715","mitsui",2013,7,9,0,2013-07-09
"1716","mitsui",2013,7,10,0,2013-07-10
"1717","mitsui",2013,7,11,0,2013-07-11
"1718","mitsui",2013,7,12,0,2013-07-12
"1719","mitsui",2013,7,13,0,2013-07-13
"1720","mitsui",2013,7,14,0,2013-07-14
"1721","mitsui",2013,7,15,0,2013-07-15
"1722","mitsui",2013,7,16,0,2013-07-16
"1723","mitsui",2013,7,17,0,2013-07-17
"1724","mitsui",2013,7,18,0,2013-07-18
"1725","mitsui",2013,7,19,0,2013-07-19
"1726","mitsui",2013,7,20,0,2013-07-20
"1727","mitsui",2013,7,21,0,2013-07-21
"1728","mitsui",2013,7,22,0,2013-07-22
"1729","mitsui",2013,7,23,0,2013-07-23
"1730","mitsui",2013,7,24,0,2013-07-24
"1731","mitsui",2013,7,25,0,2013-07-25
"1732","mitsui",2013,7,26,0,2013-07-26
"1733","mitsui",2013,7,27,0,2013-07-27
"1734","mitsui",2013,7,28,0,2013-07-28
"1735","mitsui",2013,7,29,0,2013-07-29
"1736","mitsui",2013,7,30,0,2013-07-30
"1737","mitsui",2013,7,31,0,2013-07-31
"1738","mitsui",2013,8,1,0,2013-08-01
"1739","mitsui",2013,8,2,0,2013-08-02
"1740","mitsui",2013,8,3,0,2013-08-03
"1741","mitsui",2013,8,4,0,2013-08-04
"1742","mitsui",2013,8,5,0,2013-08-05
"1743","mitsui",2013,8,6,0,2013-08-06
"1744","mitsui",2013,8,7,0,2013-08-07
"1745","mitsui",2013,8,8,0,2013-08-08
"1746","mitsui",2013,8,9,0,2013-08-09
"1747","mitsui",2013,8,10,0,2013-08-10
"1748","mitsui",2013,8,11,0,2013-08-11
"1749","mitsui",2013,8,12,0,2013-08-12
"1750","mitsui",2013,8,13,0,2013-08-13
"1751","mitsui",2013,8,14,0,2013-08-14
"1752","mitsui",2013,8,15,0,2013-08-15
"1753","mitsui",2013,8,16,0,2013-08-16
"1754","mitsui",2013,8,17,0,2013-08-17
"1755","mitsui",2013,8,18,0,2013-08-18
"1756","mitsui",2013,8,19,0,2013-08-19
"1757","mitsui",2013,8,20,0,2013-08-20
"1758","mitsui",2013,8,21,0,2013-08-21
"1759","mitsui",2013,8,22,0,2013-08-22
"1760","mitsui",2013,8,23,0,2013-08-23
"1761","mitsui",2013,8,24,0,2013-08-24
"1762","mitsui",2013,8,25,0,2013-08-25
"1763","mitsui",2013,8,26,0,2013-08-26
"1764","mitsui",2013,8,27,0,2013-08-27
"1765","mitsui",2013,8,28,0,2013-08-28
"1766","mitsui",2013,8,29,0,2013-08-29
"1767","mitsui",2013,8,30,0,2013-08-30
"1768","mitsui",2013,8,31,0,2013-08-31
"1769","mitsui",2013,9,1,0,2013-09-01
"1770","mitsui",2013,9,2,0,2013-09-02
"1771","mitsui",2013,9,3,0,2013-09-03
"1772","mitsui",2013,9,4,0,2013-09-04
"1773","mitsui",2013,9,5,0,2013-09-05
"1774","mitsui",2013,9,6,0,2013-09-06
"1775","mitsui",2013,9,7,0,2013-09-07
"1776","mitsui",2013,9,8,0,2013-09-08
"1777","mitsui",2013,9,9,0,2013-09-09
"1778","mitsui",2013,9,10,0,2013-09-10
"1779","mitsui",2013,9,11,0,2013-09-11
"1780","mitsui",2013,9,12,0,2013-09-12
"1781","mitsui",2013,9,13,0,2013-09-13
"1782","mitsui",2013,9,14,0,2013-09-14
"1783","mitsui",2013,9,15,0,2013-09-15
"1784","mitsui",2013,9,16,0,2013-09-16
"1785","mitsui",2013,9,17,0,2013-09-17
"1786","mitsui",2013,9,18,0,2013-09-18
"1787","mitsui",2013,9,19,0,2013-09-19
"1788","mitsui",2013,9,20,0,2013-09-20
"1789","mitsui",2013,9,21,0,2013-09-21
"1790","mitsui",2013,9,22,0,2013-09-22
"1791","mitsui",2013,9,23,0,2013-09-23
"1792","mitsui",2013,9,24,0,2013-09-24
"1793","mitsui",2013,9,25,0,2013-09-25
"1794","mitsui",2013,9,26,0,2013-09-26
"1795","mitsui",2013,9,27,0,2013-09-27
"1796","mitsui",2013,9,28,0,2013-09-28
"1797","mitsui",2013,9,29,0,2013-09-29
"1798","mitsui",2013,9,30,0,2013-09-30
"1799","mitsui",2013,10,1,0,2013-10-01
"1800","mitsui",2013,10,2,0,2013-10-02
"1801","mitsui",2013,10,3,0,2013-10-03
"1802","mitsui",2013,10,4,0,2013-10-04
"1803","mitsui",2013,10,5,0,2013-10-05
"1804","mitsui",2013,10,6,0,2013-10-06
"1805","mitsui",2013,10,7,0,2013-10-07
"1806","mitsui",2013,10,8,0,2013-10-08
"1807","mitsui",2013,10,9,0,2013-10-09
"1808","mitsui",2013,10,10,0,2013-10-10
"1809","mitsui",2013,10,11,0,2013-10-11
"1810","mitsui",2013,10,12,0,2013-10-12
"1811","mitsui",2013,10,13,0,2013-10-13
"1812","mitsui",2013,10,14,0,2013-10-14
"1813","mitsui",2013,10,15,0,2013-10-15
"1814","mitsui",2013,10,16,0,2013-10-16
"1815","mitsui",2013,10,17,0,2013-10-17
"1816","mitsui",2013,10,18,0,2013-10-18
"1817","mitsui",2013,10,19,0,2013-10-19
"1818","mitsui",2013,10,20,0,2013-10-20
"1819","mitsui",2013,10,21,0,2013-10-21
"1820","mitsui",2013,10,22,0,2013-10-22
"1821","mitsui",2013,10,23,0,2013-10-23
"1822","mitsui",2013,10,24,0,2013-10-24
"1823","mitsui",2013,10,25,0,2013-10-25
"1824","mitsui",2013,10,26,0,2013-10-26
"1825","mitsui",2013,10,27,0,2013-10-27
"1826","mitsui",2013,10,28,0,2013-10-28
"1827","mitsui",2013,10,29,0,2013-10-29
"1828","mitsui",2013,10,30,0,2013-10-30
"1829","mitsui",2013,10,31,0,2013-10-31
"1830","mitsui",2013,11,1,0,2013-11-01
"1831","mitsui",2013,11,2,0,2013-11-02
"1832","mitsui",2013,11,3,0,2013-11-03
"1833","mitsui",2013,11,4,0,2013-11-04
"1834","mitsui",2013,11,5,0,2013-11-05
"1835","mitsui",2013,11,6,0,2013-11-06
"1836","mitsui",2013,11,7,0,2013-11-07
"1837","mitsui",2013,11,8,0,2013-11-08
"1838","mitsui",2013,11,9,0,2013-11-09
"1839","mitsui",2013,11,10,0,2013-11-10
"1840","mitsui",2013,11,11,0,2013-11-11
"1841","mitsui",2013,11,12,0,2013-11-12
"1842","mitsui",2013,11,13,0,2013-11-13
"1843","mitsui",2013,11,14,0,2013-11-14
"1844","mitsui",2013,11,15,0,2013-11-15
"1845","mitsui",2013,11,16,0,2013-11-16
"1846","mitsui",2013,11,17,0,2013-11-17
"1847","mitsui",2013,11,18,0,2013-11-18
"1848","mitsui",2013,11,19,0,2013-11-19
"1849","mitsui",2013,11,20,0,2013-11-20
"1850","mitsui",2013,11,21,0,2013-11-21
"1851","mitsui",2013,11,22,0,2013-11-22
"1852","mitsui",2013,11,23,0,2013-11-23
"1853","mitsui",2013,11,24,0,2013-11-24
"1854","mitsui",2013,11,25,0,2013-11-25
"1855","mitsui",2013,11,26,0,2013-11-26
"1856","mitsui",2013,11,27,0,2013-11-27
"1857","mitsui",2013,11,28,0,2013-11-28
"1858","mitsui",2013,11,29,0,2013-11-29
"1859","mitsui",2013,11,30,0,2013-11-30
"1860","mitsui",2013,12,1,0,2013-12-01
"1861","mitsui",2013,12,2,0,2013-12-02
"1862","mitsui",2013,12,3,0,2013-12-03
"1863","mitsui",2013,12,4,0,2013-12-04
"1864","mitsui",2013,12,5,0,2013-12-05
"1865","mitsui",2013,12,6,0,2013-12-06
"1866","mitsui",2013,12,7,0,2013-12-07
"1867","mitsui",2013,12,8,0,2013-12-08
"1868","mitsui",2013,12,9,0,2013-12-09
"1869","mitsui",2013,12,10,0,2013-12-10
"1870","mitsui",2013,12,11,0,2013-12-11
"1871","mitsui",2013,12,12,0,2013-12-12
"1872","mitsui",2013,12,13,0,2013-12-13
"1873","mitsui",2013,12,14,0,2013-12-14
"1874","mitsui",2013,12,15,0,2013-12-15
"1875","mitsui",2013,12,16,0,2013-12-16
"1876","mitsui",2013,12,17,0,2013-12-17
"1877","mitsui",2013,12,18,0,2013-12-18
"1878","mitsui",2013,12,19,0,2013-12-19
"1879","mitsui",2013,12,20,0,2013-12-20
"1880","mitsui",2013,12,21,0,2013-12-21
"1881","mitsui",2013,12,22,0,2013-12-22
"1882","mitsui",2013,12,23,0,2013-12-23
"1883","mitsui",2013,12,24,0,2013-12-24
"1884","mitsui",2013,12,25,0,2013-12-25
"1885","mitsui",2013,12,26,0,2013-12-26
"1886","mitsui",2013,12,27,0,2013-12-27
"1887","mitsui",2013,12,28,0,2013-12-28
"1888","mitsui",2013,12,29,0,2013-12-29
"1889","mitsui",2013,12,30,0,2013-12-30
"1890","mitsui",2013,12,31,0,2013-12-31
"1891","mitsui",2014,1,1,0,2014-01-01
"1892","mitsui",2014,1,2,0,2014-01-02
"1893","mitsui",2014,1,3,0,2014-01-03
"1894","mitsui",2014,1,4,0,2014-01-04
"1895","mitsui",2014,1,5,0,2014-01-05
"1896","mitsui",2014,1,6,0,2014-01-06
"1897","mitsui",2014,1,7,0,2014-01-07
"1898","mitsui",2014,1,8,0,2014-01-08
"1899","mitsui",2014,1,9,0,2014-01-09
"1900","mitsui",2014,1,10,0,2014-01-10
"1901","mitsui",2014,1,11,0,2014-01-11
"1902","mitsui",2014,1,12,0,2014-01-12
"1903","mitsui",2014,1,13,0,2014-01-13
"1904","mitsui",2014,1,14,0,2014-01-14
"1905","mitsui",2014,1,15,0,2014-01-15
"1906","mitsui",2014,1,16,0,2014-01-16
"1907","mitsui",2014,1,17,0,2014-01-17
"1908","mitsui",2014,1,18,0,2014-01-18
"1909","mitsui",2014,1,19,0,2014-01-19
"1910","mitsui",2014,1,20,0,2014-01-20
"1911","mitsui",2014,1,21,0,2014-01-21
"1912","mitsui",2014,1,22,0,2014-01-22
"1913","mitsui",2014,1,23,0,2014-01-23
"1914","mitsui",2014,1,24,0,2014-01-24
"1915","mitsui",2014,1,25,0,2014-01-25
"1916","mitsui",2014,1,26,0,2014-01-26
"1917","mitsui",2014,1,27,0,2014-01-27
"1918","mitsui",2014,1,28,0,2014-01-28
"1919","mitsui",2014,1,29,0,2014-01-29
"1920","mitsui",2014,1,30,0,2014-01-30
"1921","mitsui",2014,1,31,0,2014-01-31
"1922","mitsui",2014,2,1,0,2014-02-01
"1923","mitsui",2014,2,2,0,2014-02-02
"1924","mitsui",2014,2,3,0,2014-02-03
"1925","mitsui",2014,2,4,0,2014-02-04
"1926","mitsui",2014,2,5,0,2014-02-05
"1927","mitsui",2014,2,6,0,2014-02-06
"1928","mitsui",2014,2,7,0,2014-02-07
"1929","mitsui",2014,2,8,0,2014-02-08
"1930","mitsui",2014,2,9,0,2014-02-09
"1931","mitsui",2014,2,10,0,2014-02-10
"1932","mitsui",2014,2,11,0,2014-02-11
"1933","mitsui",2014,2,12,0,2014-02-12
"1934","mitsui",2014,2,13,0,2014-02-13
"1935","mitsui",2014,2,14,0,2014-02-14
"1936","mitsui",2014,2,15,0,2014-02-15
"1937","mitsui",2014,2,16,0,2014-02-16
"1938","mitsui",2014,2,17,0,2014-02-17
"1939","mitsui",2014,2,18,0,2014-02-18
"1940","mitsui",2014,2,19,0,2014-02-19
"1941","mitsui",2014,2,20,0,2014-02-20
"1942","mitsui",2014,2,21,0,2014-02-21
"1943","mitsui",2014,2,22,0,2014-02-22
"1944","mitsui",2014,2,23,0,2014-02-23
"1945","mitsui",2014,2,24,0,2014-02-24
"1946","mitsui",2014,2,25,0,2014-02-25
"1947","mitsui",2014,2,26,0,2014-02-26
"1948","mitsui",2014,2,27,0,2014-02-27
"1949","mitsui",2014,2,28,0,2014-02-28
"1950","mitsui",2014,3,1,0,2014-03-01
"1951","mitsui",2014,3,2,0,2014-03-02
"1952","mitsui",2014,3,3,0,2014-03-03
"1953","mitsui",2014,3,4,0,2014-03-04
"1954","mitsui",2014,3,5,0,2014-03-05
"1955","mitsui",2014,3,6,0,2014-03-06
"1956","mitsui",2014,3,7,0,2014-03-07
"1957","mitsui",2014,3,8,0,2014-03-08
"1958","mitsui",2014,3,9,0,2014-03-09
"1959","mitsui",2014,3,10,0,2014-03-10
"1960","mitsui",2014,3,11,0,2014-03-11
"1961","mitsui",2014,3,12,0,2014-03-12
"1962","mitsui",2014,3,13,0,2014-03-13
"1963","mitsui",2014,3,14,0,2014-03-14
"1964","mitsui",2014,3,15,0,2014-03-15
"1965","mitsui",2014,3,16,0,2014-03-16
"1966","mitsui",2014,3,17,0,2014-03-17
"1967","mitsui",2014,3,18,0,2014-03-18
"1968","mitsui",2014,3,19,0,2014-03-19
"1969","mitsui",2014,3,20,0,2014-03-20
"1970","mitsui",2014,3,21,0,2014-03-21
"1971","mitsui",2014,3,22,0,2014-03-22
"1972","mitsui",2014,3,23,0,2014-03-23
"1973","mitsui",2014,3,24,0,2014-03-24
"1974","mitsui",2014,3,25,0,2014-03-25
"1975","mitsui",2014,3,26,0,2014-03-26
"1976","mitsui",2014,3,27,0,2014-03-27
"1977","mitsui",2014,3,28,0,2014-03-28
"1978","mitsui",2014,3,29,0,2014-03-29
"1979","mitsui",2014,3,30,0,2014-03-30
"1980","mitsui",2014,3,31,0,2014-03-31
"1981","mitsui",2014,4,1,0,2014-04-01
"1982","mitsui",2014,4,2,0,2014-04-02
"1983","mitsui",2014,4,3,0,2014-04-03
"1984","mitsui",2014,4,4,0,2014-04-04
"1985","mitsui",2014,4,5,0,2014-04-05
"1986","mitsui",2014,4,6,0.01,2014-04-06
"1987","mitsui",2014,4,7,0,2014-04-07
"1988","mitsui",2014,4,8,0,2014-04-08
"1989","mitsui",2014,4,9,0,2014-04-09
"1990","mitsui",2014,4,10,0,2014-04-10
"1991","mitsui",2014,4,11,0,2014-04-11
"1992","mitsui",2014,4,12,0,2014-04-12
"1993","mitsui",2014,4,13,0,2014-04-13
"1994","mitsui",2014,4,14,0,2014-04-14
"1995","mitsui",2014,4,15,0,2014-04-15
"1996","mitsui",2014,4,16,0,2014-04-16
"1997","mitsui",2014,4,17,0,2014-04-17
"1998","mitsui",2014,4,18,0,2014-04-18
"1999","mitsui",2014,4,19,0,2014-04-19
"2000","mitsui",2014,4,20,0,2014-04-20
"2001","mitsui",2014,4,21,0.01,2014-04-21
"2002","mitsui",2014,4,22,0.01,2014-04-22
"2003","mitsui",2014,4,23,0,2014-04-23
"2004","mitsui",2014,4,24,0.02,2014-04-24
"2005","mitsui",2014,4,25,0,2014-04-25
"2006","mitsui",2014,4,26,0,2014-04-26
"2007","mitsui",2014,4,27,0,2014-04-27
"2008","mitsui",2014,4,28,0,2014-04-28
"2009","mitsui",2014,4,29,0,2014-04-29
"2010","mitsui",2014,4,30,0.03,2014-04-30
