Date,TemperatureHighF,TemperatureAvgF,TemperatureLowF,DewpointHighF,DewpointAvgF,DewpointLowF,HumidityHigh,HumidityAvg,HumidityLow,PressureMaxIn,PressureMinIn,WindSpeedMaxMPH,WindSpeedAvgMPH,GustSpeedMaxMPH,PrecipitationSumIn,stationid,lat_dd,lon_dd,elev_wund
2013-1-1,56.1,42.2,32.3,36.6,30.4,24.9,96,67,30,30.3,30.21,8,2,11,0,kcasanta225,38.462,-122.629,460
2013-1-2,56.1,39.6,27.6,36.9,30.8,25.2,92,73,44,30.26,30.15,6,1,7,0,kcasanta225,38.462,-122.629,460
2013-1-3,55.8,40.7,28.9,39.9,32.9,26.2,91,76,47,30.3,30.18,3,1,4,0,kcasanta225,38.462,-122.629,460
2013-1-4,58.6,42.8,32.4,41.5,35.5,30.1,94,77,50,30.31,30.19,3,1,4,0,kcasanta225,38.462,-122.629,460
2013-1-5,49.4,42.9,32.7,44.1,39.1,29.5,94,87,78,30.27,30.07,9,2,10,0.29,kcasanta225,38.462,-122.629,460
2013-1-6,53.9,45.4,38.5,44.3,41.1,36.7,95,85,66,30.21,30.08,7,1,9,0,kcasanta225,38.462,-122.629,460
2013-1-7,61.9,46.1,35.2,50.2,41,33.6,96,84,60,30.27,30.16,3,1,6,0,kcasanta225,38.462,-122.629,460
2013-1-15,35.7,34.3,33.1,31.6,30.6,29.7,88,86,84,30.45,30.44,3,1,4,0,kcasanta225,38.462,-122.629,460
2013-1-16,59.9,41.1,29.2,37.6,32.3,26.8,93,74,38,30.47,30.29,3,1,5,0,kcasanta225,38.462,-122.629,460
2013-1-17,63.4,42.9,29.3,40.8,33.8,27,95,73,37,30.3,30.17,2,1,4,0,kcasanta225,38.462,-122.629,460
2013-1-18,64.7,44.5,31.2,41.1,34.5,28.9,94,70,40,30.25,30.15,3,1,5,0,kcasanta225,38.462,-122.629,460
2013-1-19,67.9,45.7,31.3,40.7,31.1,26.2,85,60,22,30.27,30.17,8,1,10,0,kcasanta225,38.462,-122.629,460
2013-1-20,65.2,45.7,32.2,40.9,32.3,26.9,83,62,36,30.25,30.13,4,1,6,0,kcasanta225,38.462,-122.629,460
2013-1-21,64.2,45.7,30.8,39.4,33,26.3,85,63,38,30.19,30.1,5,1,7,0,kcasanta225,38.462,-122.629,460
2013-1-22,64.2,48.4,31.5,40.6,34.7,27.4,86,60,35,30.13,30,8,2,10,0,kcasanta225,38.462,-122.629,460
2013-1-23,54.2,49.3,46.7,48.6,42.6,35.7,96,79,56,30.1,29.97,7,2,10,0.41,kcasanta225,38.462,-122.629,460
2013-1-24,59.9,51,47.3,54.1,48.9,46.4,97,93,80,30.2,30.08,5,1,6,0,kcasanta225,38.462,-122.629,460
2013-1-25,62.2,53.7,47.1,54.3,50.3,46,97,89,71,30.21,30.05,3,1,4,0.01,kcasanta225,38.462,-122.629,460
2013-1-26,58.5,49.2,38.8,48.1,40.3,33.7,97,74,43,30.08,29.97,5,1,11,0,kcasanta225,38.462,-122.629,460
2013-1-27,56.6,43.3,33,37.1,33.4,30.3,95,71,38,30.2,30.07,3,1,6,0,kcasanta225,38.462,-122.629,460
2013-1-28,59.1,44.9,34.7,39.1,36,31.6,90,73,44,30.31,30.18,3,1,6,0,kcasanta225,38.462,-122.629,460
2013-1-29,63.7,48.5,36.6,41.7,38.2,33.4,88,70,40,30.37,30.28,4,2,7,0,kcasanta225,38.462,-122.629,460
2013-1-30,67.4,50.3,38.1,47.2,41,35.1,93,73,42,30.35,30.26,4,1,6,0,kcasanta225,38.462,-122.629,460
2013-1-31,67.1,49.7,37.8,47.1,41.4,34.5,92,75,45,30.31,30.19,3,1,5,0,kcasanta225,38.462,-122.629,460
2013-2-1,69.6,50.4,36.8,47.6,41.1,34.3,96,74,33,30.23,30.12,6,1,8,0,kcasanta225,38.462,-122.629,460
2013-2-2,59.2,46.5,39.4,49.1,42.7,37.3,96,87,69,30.32,30.22,3,1,5,0,kcasanta225,38.462,-122.629,460
2013-2-3,60.8,47.9,40.2,48.3,43.7,37.4,97,87,61,30.27,30.15,4,1,6,0.01,kcasanta225,38.462,-122.629,460
2013-2-4,56.8,44.4,34.8,47.9,41.4,33.8,97,90,69,30.19,30.08,3,1,5,0.01,kcasanta225,38.462,-122.629,460
2013-2-5,61.3,47.5,40.2,47.5,42.2,37,94,83,58,30.18,30.06,5,1,6,0,kcasanta225,38.462,-122.629,460
2013-2-6,59.3,44.8,33.6,43.4,37.6,31.1,93,78,46,30.22,30.11,5,2,8,0,kcasanta225,38.462,-122.629,460
2013-2-7,56.1,45.1,35.7,45.7,38.7,33.4,96,80,43,30.17,30,6,2,11,0.27,kcasanta225,38.462,-122.629,460
2013-2-8,58.7,44,33.1,40.6,34,27.6,96,71,33,30.03,29.95,4,1,7,0,kcasanta225,38.462,-122.629,460
2013-2-9,61.1,44.8,31.2,34.1,29.9,23.3,85,59,27,30.11,30.01,5,2,7,0,kcasanta225,38.462,-122.629,460
2013-2-10,64.5,44.7,31.4,43.7,33.9,26.9,86,68,33,30.14,30.02,4,1,9,0,kcasanta225,38.462,-122.629,460
2013-2-11,67.7,50.4,37.8,37.6,31.5,26.5,82,52,23,30.24,30.1,7,2,10,0,kcasanta225,38.462,-122.629,460
2013-2-12,62,44.7,33.2,46.1,38.1,30.6,90,78,51,30.34,30.24,4,1,5,0,kcasanta225,38.462,-122.629,460
2013-2-13,48,39.9,33.9,41.8,36.9,31.8,96,89,77,30.35,30.23,2,0,2,0,kcasanta225,38.462,-122.629,460
2013-2-14,71.6,51,35.3,48.1,41.3,33.9,96,73,36,30.26,30.17,3,1,6,0,kcasanta225,38.462,-122.629,460
2013-2-15,72.8,53.1,37.2,46.7,40.9,33.5,89,67,35,30.28,30.22,4,1,6,0,kcasanta225,38.462,-122.629,460
2013-2-16,71.1,52.7,41.7,46,41.1,37.5,89,68,31,30.26,30.05,3,1,4,0,kcasanta225,38.462,-122.629,460
2013-2-17,63.3,48.1,35.7,43.5,38.1,33.6,95,71,41,30.06,29.98,4,1,7,0,kcasanta225,38.462,-122.629,460
2013-2-18,52.8,42.8,33,41.9,37.3,30.4,94,82,64,30.04,29.93,5,1,8,0,kcasanta225,38.462,-122.629,460
2013-2-19,50.3,41.2,32.3,42.6,34.9,29.1,94,79,49,29.98,29.75,5,1,12,0.22,kcasanta225,38.462,-122.629,460
2013-2-20,60.3,44.1,30.1,36.9,32.8,27.5,92,68,33,30.08,29.87,4,2,7,0,kcasanta225,38.462,-122.629,460
2013-2-21,63.2,46.6,32.3,37,32.3,24.4,91,63,26,30.19,30.07,5,2,8,0,kcasanta225,38.462,-122.629,460
2013-2-22,63.5,48.4,34.6,43.1,37,30.8,88,68,35,30.26,30.17,5,1,7,0,kcasanta225,38.462,-122.629,460
2013-2-23,60.2,48.9,37.4,41.4,34,27.3,90,60,30,30.28,30.17,4,2,12,0,kcasanta225,38.462,-122.629,460
2013-2-24,68.2,50.4,36.5,33.6,26.1,13,77,44,12,30.28,30.16,6,2,14,0,kcasanta225,38.462,-122.629,460
2013-2-25,39.8,38.2,36.1,33.6,32.5,31.1,86,80,74,30.27,30.23,2,1,4,0,kcasanta225,38.462,-122.629,460
2013-2-27,54.8,52.8,51.1,43.3,41.6,40.6,72,66,59,30.37,30.3,2,1,2,0,kcasanta225,38.462,-122.629,460
2013-2-28,70,56.5,45.7,53.1,47.7,41.7,93,74,52,30.45,30.37,5,1,9,0,kcasanta225,38.462,-122.629,460
2013-3-1,73.8,56.3,41.8,52,47.3,39.9,96,75,43,30.44,30.25,5,1,8,0,kcasanta225,38.462,-122.629,460
2013-3-2,70.8,57.1,46,53.6,48.8,44.2,95,76,50,30.26,30.06,6,1,8,0,kcasanta225,38.462,-122.629,460
2013-3-3,66.4,52.7,43.1,49.9,45.9,41.1,94,79,50,30.1,30.02,5,1,8,0,kcasanta225,38.462,-122.629,460
2013-3-4,57.1,45.9,36.7,47,41.9,33.9,96,87,66,30.16,30.07,3,1,7,0,kcasanta225,38.462,-122.629,460
2013-3-5,53.2,45.2,35.1,45.6,40,32.9,95,83,67,30.09,29.81,13,3,18,0.3,kcasanta225,38.462,-122.629,460
2013-3-6,54.9,47.3,37.2,46.3,40.2,34.6,92,78,52,30.07,29.81,9,4,14,0.18,kcasanta225,38.462,-122.629,460
2013-3-7,53.9,44.6,34.4,42.6,36.8,32.7,95,76,50,30.01,29.89,5,1,9,0,kcasanta225,38.462,-122.629,460
2013-3-8,64.8,48.7,35.9,43.3,36,31,88,66,29,30.05,29.85,4,2,8,0,kcasanta225,38.462,-122.629,460
2013-3-9,70.3,51.7,36.1,43.1,37.9,28.6,91,64,22,30.33,30.05,6,2,8,0,kcasanta225,38.462,-122.629,460
2013-3-10,70,52.8,36.6,44.7,37,27.8,87,59,25,30.35,30.25,5,2,8,0,kcasanta225,38.462,-122.629,460
2013-3-11,72,52.9,37.3,46.4,40.3,34.2,91,67,31,30.27,30.11,5,1,8,0,kcasanta225,38.462,-122.629,460
2013-3-12,74.3,54.7,40,54.9,45.8,38.2,96,75,46,30.17,30.08,4,1,7,0,kcasanta225,38.462,-122.629,460
2013-3-13,79.8,58.1,40.9,56.1,48.1,39.4,97,73,36,30.17,30.07,4,1,6,0,kcasanta225,38.462,-122.629,460
2013-3-14,70.8,56.4,44.4,54.2,47.8,41.3,95,75,49,30.17,30.09,5,1,8,0,kcasanta225,38.462,-122.629,460
2013-3-15,74.1,56.6,42.5,51.8,45,38.7,88,67,39,30.14,30.03,5,1,7,0,kcasanta225,38.462,-122.629,460
2013-3-16,75.8,57.9,42.3,48.2,42,31.7,92,61,20,30.12,30.01,5,2,9,0,kcasanta225,38.462,-122.629,460
2013-3-17,69.5,53.9,40,44.1,39.8,35.1,86,62,29,30.16,30.04,5,1,8,0,kcasanta225,38.462,-122.629,460
2013-3-18,67.9,52.5,39.2,46.1,41.3,35.9,92,69,40,30.13,30.03,3,1,7,0,kcasanta225,38.462,-122.629,460
2013-3-19,61.3,51,42.1,47.1,42.1,38.3,91,73,43,30.14,30.06,5,1,6,0.07,kcasanta225,38.462,-122.629,460
2013-3-20,57.6,50.7,45.3,54.1,48.4,41.8,96,92,85,30.15,30.07,5,1,6,0.49,kcasanta225,38.462,-122.629,460
2013-3-21,66.4,50.6,36.6,47.4,41.7,35,95,74,41,30.14,30.02,6,2,8,0,kcasanta225,38.462,-122.629,460
2013-3-22,67.7,51.4,36.9,39.8,34.9,27.8,91,59,24,30.13,30.04,6,2,9,0,kcasanta225,38.462,-122.629,460
2013-3-23,68.8,51.5,34.8,39.9,35.1,29.7,84,58,26,30.15,30.05,6,1,8,0,kcasanta225,38.462,-122.629,460
2013-3-24,70.5,53.5,38.4,48.5,42,35.5,92,68,40,30.1,29.97,5,1,8,0,kcasanta225,38.462,-122.629,460
2013-3-25,60.3,47,37,46.8,41.5,35.7,96,82,53,30.03,29.95,6,1,11,0,kcasanta225,38.462,-122.629,460
2013-3-26,65.7,50.8,41.2,49.3,43.5,39.7,96,78,50,30.01,29.95,4,1,6,0,kcasanta225,38.462,-122.629,460
2013-3-27,59.4,51,41.6,52.2,46.5,39.4,93,85,72,30.03,29.96,4,1,7,0,kcasanta225,38.462,-122.629,460
2013-3-28,63.7,53.6,46.3,56,49.5,44.4,95,87,70,30.1,30.02,4,1,6,0.06,kcasanta225,38.462,-122.629,460
2013-3-29,76.1,57.6,43.8,56.9,49.5,43,97,78,35,30.1,30.02,6,1,10,0,kcasanta225,38.462,-122.629,460
2013-3-30,65.1,55.4,49.8,56,50.7,47.8,95,85,64,30.08,30,5,1,5,0.14,kcasanta225,38.462,-122.629,460
2013-3-31,63.1,54.6,49.5,54.4,51.8,48.4,96,91,66,30.08,30,6,1,8,0.29,kcasanta225,38.462,-122.629,460
2013-4-1,62,53.5,46.4,55.2,50.5,45.1,96,90,73,30.17,30.06,4,1,6,0.29,kcasanta225,38.462,-122.629,460
2013-4-2,67.1,52.9,43.7,55.5,48.3,42.9,97,86,58,30.2,30.1,4,1,7,0.01,kcasanta225,38.462,-122.629,460
2013-4-3,73.7,54.6,44,57,49,43,97,83,48,30.15,29.99,5,1,8,0,kcasanta225,38.462,-122.629,460
2013-4-4,57.6,52.5,47.7,55.5,51.1,46.1,97,95,91,30.13,29.99,5,2,7,0.96,kcasanta225,38.462,-122.629,460
2013-4-5,61.7,54.8,51,54.2,51.5,49,97,89,69,30.2,30.12,5,1,7,0.07,kcasanta225,38.462,-122.629,460
2013-4-6,67.1,55.5,49.4,55.3,50.9,47.3,95,85,59,30.19,30.13,6,1,8,0,kcasanta225,38.462,-122.629,460
2013-4-7,62.4,53.3,48.3,55.2,48.9,43.9,96,86,66,30.19,29.81,8,2,13,0.1,kcasanta225,38.462,-122.629,460
2013-4-8,69,54.4,42.7,45.8,37.5,23.1,91,57,18,30.06,29.81,7,2,13,0,kcasanta225,38.462,-122.629,460
2013-4-9,77.1,55.4,38.9,42.7,35.8,19.4,90,57,12,30.13,30.06,6,2,10,0,kcasanta225,38.462,-122.629,460
2013-4-10,85.1,66.8,50.2,56.8,47,41.7,74,52,25,30.18,30.03,6,2,8,0,kcasanta225,38.462,-122.629,460
2013-4-11,77,61.3,46.7,50.2,46.1,42.2,88,60,30,30.06,29.83,5,2,8,0,kcasanta225,38.462,-122.629,460
2013-4-12,74.2,57.1,42.3,51.5,44.5,39.3,92,67,29,29.92,29.82,5,1,9,0,kcasanta225,38.462,-122.629,460
2013-4-13,75.7,58.6,44.1,49.1,42.3,36.8,89,59,33,29.91,29.8,5,1,10,0,kcasanta225,38.462,-122.629,460
2013-4-14,72.7,55.4,40.6,44,38.5,28.9,85,57,25,29.94,29.84,8,2,14,0,kcasanta225,38.462,-122.629,460
2013-4-15,61.5,49.8,38.9,43,35.4,29.7,92,62,32,29.98,29.86,8,2,10,0,kcasanta225,38.462,-122.629,460
2013-4-16,69.3,54.6,34.2,35.7,28.2,13.7,86,43,14,30.19,29.98,14,2,15,0,kcasanta225,38.462,-122.629,460
2013-4-17,70.3,59.2,48.6,30,24.7,14.5,44,28,13,30.29,30.18,8,3,17,0,kcasanta225,38.462,-122.629,460
2013-4-18,76.8,61.3,45.4,40.7,35.9,26.6,68,41,23,30.26,30.19,7,2,12,0,kcasanta225,38.462,-122.629,460
2013-4-19,80.4,62.7,45.4,54.6,45.6,39.4,83,56,29,30.23,30.07,5,2,8,0,kcasanta225,38.462,-122.629,460
2013-4-20,81.6,63.7,47.7,49.3,43.4,37.9,77,51,23,30.12,29.98,6,1,10,0,kcasanta225,38.462,-122.629,460
2013-4-21,84.7,65.2,47.1,52.3,44.5,34.8,86,53,19,30.03,29.93,4,1,7,0,kcasanta225,38.462,-122.629,460
2013-4-22,90.8,68.9,49,52.3,45,23.9,84,49,9,29.96,29.85,7,2,10,0,kcasanta225,38.462,-122.629,460
2013-4-23,84.3,68.2,44.8,46.4,29.3,11.4,92,31,9,29.92,29.84,11,3,24,0,kcasanta225,38.462,-122.629,460
2013-4-24,62.9,51.4,43.9,49,45.1,42.3,95,80,58,29.97,29.84,6,2,9,0,kcasanta225,38.462,-122.629,460
2013-4-25,64.2,53.1,44.9,50,46.2,42.7,93,78,59,30.14,29.98,5,2,11,0,kcasanta225,38.462,-122.629,460
2013-4-26,69.9,53.8,45.1,54.4,47.6,42.9,93,81,57,30.24,30.13,4,1,7,0,kcasanta225,38.462,-122.629,460
2013-4-27,75.6,55.4,45.2,56.1,48.1,43.6,96,79,48,30.24,30.07,4,1,8,0,kcasanta225,38.462,-122.629,460
2013-4-28,83.7,62.9,42.8,56.2,49.3,41.1,96,66,34,30.07,29.89,4,1,7,0,kcasanta225,38.462,-122.629,460
2013-4-29,89.2,71.3,53.7,55.1,49.7,46.6,81,50,27,29.9,29.76,4,2,7,0,kcasanta225,38.462,-122.629,460
2013-4-30,86.9,70.3,50.3,48.5,29,-12.8,83,36,2,29.87,29.78,12,3,17,0,kcasanta225,38.462,-122.629,460
2013-5-1,72.3,72,71.3,9.9,8,7.2,9,8,8,29.86,29.84,7,5,8,0,kcasanta225,38.462,-122.629,460
2013-5-14,85.1,73.7,53.1,51.9,48.7,45.1,75,44,29,29.97,29.87,4,2,7,0,kcasanta225,38.462,-122.629,460
2013-5-15,79,61.4,44.4,49.7,45.2,41.5,91,59,30,30.02,29.96,5,2,8,0,kcasanta225,38.462,-122.629,460
2013-5-16,72.4,60.4,49.9,53.4,48.2,44.8,83,65,42,30.01,29.93,9,2,15,0,kcasanta225,38.462,-122.629,460
2013-5-17,70.5,56.8,44.1,47.1,43.7,40.8,90,65,38,30.07,29.96,6,2,10,0,kcasanta225,38.462,-122.629,460
2013-5-18,81.9,62.2,42.8,49.2,44.7,39.5,89,57,26,30.13,30.05,7,2,11,0,kcasanta225,38.462,-122.629,460
2013-5-19,83.6,66.4,46.8,47.8,42.8,30,83,48,15,30.13,29.98,8,2,15,0,kcasanta225,38.462,-122.629,460
2013-5-20,88.8,72.5,51,48.3,41.7,31.5,81,38,16,30,29.89,6,2,12,0,kcasanta225,38.462,-122.629,460
2013-5-21,74.1,60.2,48.6,46.7,42.3,34.5,88,55,29,29.99,29.89,6,2,11,0,kcasanta225,38.462,-122.629,460
2013-5-22,70.7,55.3,38,39.2,32.8,25.5,71,46,21,30.04,29.89,7,2,10,0,kcasanta225,38.462,-122.629,460
2013-5-23,70.8,56.5,39.8,43.1,38.7,35.1,85,55,31,30.01,29.91,8,2,10,0,kcasanta225,38.462,-122.629,460
2013-5-24,73.7,57.8,40.4,44.1,40.5,35.9,84,56,28,30,29.91,5,2,8,0,kcasanta225,38.462,-122.629,460
2013-5-25,72.8,59,43.9,47.1,43.2,38.6,82,58,35,30.03,29.95,5,2,10,0,kcasanta225,38.462,-122.629,460
2013-5-26,71.4,59.8,48.5,52.7,48,44.6,92,67,45,30.11,30.02,8,3,13,0,kcasanta225,38.462,-122.629,460
2013-5-27,62.1,54.6,47,56.3,49.6,43,95,84,68,30.11,30,5,1,11,0.26,kcasanta225,38.462,-122.629,460
2013-5-28,73.3,60.9,54.5,57.6,53.6,49.5,97,79,53,30.01,29.92,6,1,9,0.03,kcasanta225,38.462,-122.629,460
2013-5-29,76.2,63.9,54.3,55.3,50.4,42.3,85,64,31,29.96,29.87,5,2,10,0,kcasanta225,38.462,-122.629,460
2013-5-30,81.3,64.2,44.7,47.3,44,37.2,89,54,22,29.99,29.91,6,2,8,0,kcasanta225,38.462,-122.629,460
2013-5-31,89,69.7,49.2,51.5,47.1,43.3,82,49,22,30.01,29.9,5,2,8,0,kcasanta225,38.462,-122.629,460
2013-6-1,93.5,74.2,53.9,54.3,48.4,44,77,44,23,29.93,29.76,5,2,10,0,kcasanta225,38.462,-122.629,460
2013-6-2,86.8,70.3,54.4,53.8,48.9,45.9,78,50,29,29.77,29.63,5,2,9,0,kcasanta225,38.462,-122.629,460
2013-6-3,69.6,59,47.8,53.5,50.2,45.6,93,74,54,29.89,29.7,5,2,10,0,kcasanta225,38.462,-122.629,460
2013-6-4,65,56.5,52,52.4,50,48.8,89,80,62,29.98,29.86,5,2,10,0,kcasanta225,38.462,-122.629,460
2013-6-5,72.3,57.7,50.3,54.5,50.4,48.2,93,78,52,30.01,29.92,5,2,9,0,kcasanta225,38.462,-122.629,460
2013-6-6,77.1,58.5,48.7,56.6,50.6,47.1,95,78,47,29.96,29.85,5,2,8,0,kcasanta225,38.462,-122.629,460
2013-6-7,94.5,68.9,48.9,60,53.1,47.5,95,64,25,29.89,29.71,4,1,5,0,kcasanta225,38.462,-122.629,460
2013-6-8,93.6,71.1,54.4,61,55.6,50.6,88,62,33,29.84,29.69,4,1,7,0,kcasanta225,38.462,-122.629,460
2013-6-9,64.2,57.7,54.4,54.2,52.7,51.1,93,84,69,29.9,29.83,6,2,8,0,kcasanta225,38.462,-122.629,460
2013-6-10,60.2,57.5,54.3,56.4,53.7,52.2,94,87,78,29.97,29.87,3,1,8,0.06,kcasanta225,38.462,-122.629,460
2013-6-11,76.6,63.3,51,58.3,53.5,49.3,94,73,49,30,29.88,4,1,11,0,kcasanta225,38.462,-122.629,460
2013-6-12,84.4,65.6,45.5,50.5,43.8,29.6,89,52,14,29.98,29.9,6,2,13,0,kcasanta225,38.462,-122.629,460
2013-6-13,84.6,66,46.6,45.9,42.8,38.4,77,47,20,30.08,29.98,5,2,11,0,kcasanta225,38.462,-122.629,460
2013-6-14,87.5,69.7,51.6,48.2,43.5,28.3,80,45,14,30,29.81,7,2,14,0,kcasanta225,38.462,-122.629,460
2013-6-15,82.2,64,45.2,52.4,47.3,37.3,82,58,33,29.97,29.82,5,1,12,0,kcasanta225,38.462,-122.629,460
2013-6-16,86.8,67.2,45.6,52.8,47.8,43,92,55,28,30.06,29.97,8,2,16,0,kcasanta225,38.462,-122.629,460
2013-6-17,81.9,65.4,49.9,54.3,50,45,85,60,37,30.07,29.99,8,2,17,0,kcasanta225,38.462,-122.629,460
2013-6-18,75.8,62.4,49.3,50.5,46.9,39.4,92,61,30,30.01,29.92,9,3,16,0,kcasanta225,38.462,-122.629,460
2013-6-19,78.5,63.8,46.4,47.4,44.7,41.2,85,54,27,30.05,29.97,7,2,16,0,kcasanta225,38.462,-122.629,460
2013-6-20,81.3,66,47.9,46.8,43.5,37.8,80,49,23,30.01,29.9,7,2,14,0,kcasanta225,38.462,-122.629,460
2013-6-21,85.2,69.9,49,49.3,44.9,40.1,77,45,22,29.97,29.88,6,2,14,0,kcasanta225,38.462,-122.629,460
2013-6-22,89.6,71.8,53,50.1,45.6,39.7,68,43,18,29.92,29.81,6,2,14,0,kcasanta225,38.462,-122.629,460
2013-6-23,68.1,61.5,55.6,59.3,54.8,48.8,91,79,57,29.85,29.81,6,1,14,0,kcasanta225,38.462,-122.629,460
2013-6-24,63.5,58,55,57.6,54.8,52.5,95,89,79,29.91,29.79,4,1,7,0.18,kcasanta225,38.462,-122.629,460
2013-6-25,64,61,57.4,62.6,59.7,55.8,97,96,93,29.99,29.88,4,2,9,1.26,kcasanta225,38.462,-122.629,460
2013-6-26,78.5,67.4,60.6,67.3,61.8,58.2,98,84,56,30.06,29.97,4,1,9,0.02,kcasanta225,38.462,-122.629,460
2013-6-27,90.8,71.5,55.2,64.7,59.8,54.1,97,71,34,30.09,30,5,1,11,0,kcasanta225,38.462,-122.629,460
2013-6-28,98.4,79.8,60.7,67.1,61,56,93,58,30,30.03,29.87,4,1,12,0,kcasanta225,38.462,-122.629,460
2013-6-29,96.5,78.1,63.6,62.7,57.3,54,72,50,31,29.91,29.78,7,2,9,0,kcasanta225,38.462,-122.629,460
2013-6-30,97,78.5,60.2,61.2,57.6,54.3,84,52,28,29.82,29.72,9,1,9,0,kcasanta225,38.462,-122.629,460
2013-7-1,97.8,76.5,56.5,63.6,58.5,54.1,92,59,27,29.83,29.77,8,1,8,0,kcasanta225,38.462,-122.629,460
2013-7-2,95.4,72.9,57.8,64.2,58.7,54.4,89,64,34,29.91,29.79,11,2,11,0,kcasanta225,38.462,-122.629,460
2013-7-3,88.8,69.9,57.1,62.9,57.4,54.3,92,68,40,29.91,29.76,10,1,10,0,kcasanta225,38.462,-122.629,460
2013-7-4,97.5,78.8,62.7,63.5,55.6,42.1,79,50,18,29.81,29.64,10,1,13,0,kcasanta225,38.462,-122.629,460
2013-7-5,83.9,69.6,55.7,56.7,51.2,42.3,85,54,33,29.73,29.66,5,2,13,0,kcasanta225,38.462,-122.629,460
2013-7-6,78.8,62.8,52.1,57.8,53,49.1,91,73,47,29.79,29.73,5,2,11,0,kcasanta225,38.462,-122.629,460
2013-7-7,79.3,60.6,51.3,57.8,52.3,49.1,94,77,47,29.87,29.78,4,1,11,0,kcasanta225,38.462,-122.629,460
2013-7-8,81.4,61.9,50.8,59,52.6,48.8,94,75,45,29.98,29.87,4,1,11,0,kcasanta225,38.462,-122.629,460
2013-7-9,91,68,51,57.9,52.4,47.7,96,65,24,30.03,29.93,4,1,10,0,kcasanta225,38.462,-122.629,460
2013-7-10,79.5,60.6,49.7,56.6,50.9,48.1,95,74,41,29.98,29.9,4,1,10,0,kcasanta225,38.462,-122.629,460
2013-7-11,76.2,58,48.5,56.9,50.6,47.3,96,79,46,29.95,29.86,4,1,11,0,kcasanta225,38.462,-122.629,460
2013-7-12,78.1,59.9,50.6,57.3,51.4,48.1,93,76,47,29.95,29.85,5,1,14,0,kcasanta225,38.462,-122.629,460
2013-7-13,83.5,63.4,46,57.6,51.2,44.1,96,69,39,29.95,29.89,5,1,12,0,kcasanta225,38.462,-122.629,460
2013-7-14,77.8,60.2,49.2,56.6,51.2,46.4,95,76,45,30,29.89,5,1,10,0,kcasanta225,38.462,-122.629,460
2013-7-15,69.2,55.3,48,54.6,50,46.6,96,84,57,29.93,29.85,4,1,12,0,kcasanta225,38.462,-122.629,460
2013-7-16,66.8,57,51.7,55.6,51.8,49.1,94,84,65,30.03,29.88,6,1,12,0,kcasanta225,38.462,-122.629,460
2013-7-17,78,58.6,48.8,58.1,52.3,46.9,96,82,49,30.1,30.02,4,1,9,0,kcasanta225,38.462,-122.629,460
2013-7-18,81.3,63.2,50.1,59.1,53.2,48.7,96,74,40,30.06,29.92,4,1,9,0,kcasanta225,38.462,-122.629,460
2013-7-19,86.8,63.5,46.3,60.3,52,44.6,96,71,37,29.95,29.81,4,1,9,0,kcasanta225,38.462,-122.629,460
2013-7-20,86.8,63.1,47.9,59.5,52.5,45.7,96,72,39,29.84,29.73,4,1,10,0,kcasanta225,38.462,-122.629,460
2013-7-21,82.4,62.5,50.8,58,52.1,48.8,94,72,42,29.89,29.76,5,1,12,0,kcasanta225,38.462,-122.629,460
2013-7-22,85.4,65.3,50.8,59,53.1,-99.9,92,70,36,29.97,29.89,4,1,11,0,kcasanta225,38.462,-122.629,460
2013-7-23,78.1,66.7,57.9,58.7,55.1,53.1,85,68,46,30,29.93,5,1,10,0,kcasanta225,38.462,-122.629,460
2013-7-24,85.2,66.4,53.3,57.6,53.8,51.6,94,68,36,29.99,29.9,4,1,9,0,kcasanta225,38.462,-122.629,460
2013-7-25,78.8,62,52,57.4,52.6,50,94,74,45,30.03,29.92,4,1,10,0,kcasanta225,38.462,-122.629,460
2013-7-26,77.3,59.7,50.7,57.8,52.5,49.3,96,80,50,30.1,30,4,2,12,0,kcasanta225,38.462,-122.629,460
2013-7-27,75.8,59.1,51.1,57.2,52.5,49.9,96,81,51,30.04,29.87,4,1,11,0,kcasanta225,38.462,-122.629,460
2013-7-28,74.6,57.3,50.2,57.6,51.5,48.8,96,83,54,29.89,29.81,4,1,13,0,kcasanta225,38.462,-122.629,460
2013-7-29,73,57.8,52,56.4,51.7,49.5,93,81,53,30.02,29.84,5,1,11,0,kcasanta225,38.462,-122.629,460
2013-7-30,72.8,58.2,51.4,57.2,52,49.6,95,82,55,30.11,30.03,4,1,11,0,kcasanta225,38.462,-122.629,460
2013-7-31,78,61.3,50.8,56.5,52.3,49.4,96,76,46,30.09,29.97,4,1,10,0,kcasanta225,38.462,-122.629,460
2013-8-1,81.1,64.1,47.5,53.5,50.5,45,93,65,35,30.05,29.93,5,1,10,0,kcasanta225,38.462,-122.629,460
2013-8-2,83.6,64.3,49.2,54.4,49.8,44.9,87,63,33,29.97,29.86,3,1,11,0,kcasanta225,38.462,-122.629,460
2013-8-3,80.1,61,51,57.5,52.2,48.3,93,75,44,29.96,29.9,5,2,12,0,kcasanta225,38.462,-122.629,460
2013-8-4,74.9,57.9,50.1,56.4,51.2,48.4,95,81,51,30.01,29.95,5,2,11,0,kcasanta225,38.462,-122.629,460
2013-8-5,75.3,58.4,49.5,57,51,47.8,95,79,51,30.03,29.94,4,2,6,0,kcasanta225,38.462,-122.629,460
2013-8-6,73.2,57.9,49.9,54.9,51.4,48.3,95,81,52,30.05,29.98,6,2,10,0,kcasanta225,38.462,-122.629,460
2013-8-7,69.7,59.7,53.6,56.4,53.5,51.1,93,81,62,30.1,30.04,5,1,9,0,kcasanta225,38.462,-122.629,460
2013-8-8,74.1,60.3,53.4,58.1,53.7,50.5,95,80,56,30.04,29.94,5,1,10,0,kcasanta225,38.462,-122.629,460
2013-8-9,74.1,58.7,50.5,57.4,52.3,48.6,95,81,54,30,29.92,4,2,7,0,kcasanta225,38.462,-122.629,460
2013-8-10,76,61.2,54.5,58,54.4,52.1,92,80,51,30.05,29.99,4,1,8,0,kcasanta225,38.462,-122.629,460
2013-8-11,79,62.6,52.7,59,54.4,51.3,97,78,47,30.02,29.92,4,1,7,0,kcasanta225,38.462,-122.629,460
2013-8-12,81.6,62,51.2,57.7,52.7,50.1,96,75,41,29.99,29.93,3,1,6,0,kcasanta225,38.462,-122.629,460
2013-8-13,60.2,50.5,46.3,53.4,48.5,44.8,96,93,78,29.99,29.96,1,0,2,0,kcasanta225,38.462,-122.629,460
2013-8-16,86.4,72,58,58.5,56.3,54.2,88,61,37,29.95,29.91,4,1,9,0,kcasanta225,38.462,-122.629,460
2013-8-17,88.4,70.8,53,59.2,55.7,50.5,94,63,33,29.97,29.82,3,1,5,0,kcasanta225,38.462,-122.629,460
2013-8-18,92.6,73.8,55.5,62.2,57.7,53.8,96,63,32,29.88,29.76,4,2,7,0,kcasanta225,38.462,-122.629,460
2013-8-19,85.9,71.3,57.2,61.6,57.1,54.2,92,63,35,29.89,29.79,4,1,7,0,kcasanta225,38.462,-122.629,460
2013-8-20,81.7,64.1,57.2,61.1,57,54.6,94,80,46,29.91,29.82,4,1,8,0,kcasanta225,38.462,-122.629,460
2013-8-21,77,61.7,52.7,57.4,54.1,49.3,92,78,48,29.95,29.87,5,1,7,0,kcasanta225,38.462,-122.629,460
2013-8-22,73.2,59.6,52.1,56.8,53,49.3,95,80,53,29.98,29.9,5,1,6,0,kcasanta225,38.462,-122.629,460
2013-8-23,80.5,63.9,53.5,57.8,54,50.6,90,73,45,29.93,29.78,4,1,7,0,kcasanta225,38.462,-122.629,460
2013-8-24,82.1,64.7,49.7,58,53.7,46.6,94,70,42,29.88,29.82,6,1,10,0,kcasanta225,38.462,-122.629,460
2013-8-25,78.8,66.3,56.1,62.4,57.9,53.2,93,76,55,29.94,29.86,6,2,9,0,kcasanta225,38.462,-122.629,460
2013-8-26,82.3,65.8,57.2,60.6,56.2,51.6,96,74,40,30.01,29.88,5,1,9,0.03,kcasanta225,38.462,-122.629,460
2013-8-27,64.1,54.8,51.5,52.7,49.8,47.6,88,83,67,29.9,29.87,2,0,3,0,kcasanta225,38.462,-122.629,460
2013-9-19,89.1,72.9,51.9,50,43.4,-99.9,83,42,17,29.86,29.75,6,1,12,0,kcasanta225,38.462,-122.629,460
2013-9-20,77.9,60.4,45,61,49.8,31.7,89,69,45,29.84,29.76,8,2,18,0.01,kcasanta225,38.462,-122.629,460
2013-9-21,69,61.4,51.9,61.1,55.3,49.6,96,82,54,29.9,29.78,17,2,17,0.45,kcasanta225,38.462,-122.629,460
2013-9-22,75.8,60.4,46.1,54.1,50.4,44.5,96,72,35,30.01,29.9,6,2,11,0,kcasanta225,38.462,-122.629,460
2013-9-23,83,65.1,49,58.9,53.7,46.9,94,69,40,30.02,29.92,6,2,12,0,kcasanta225,38.462,-122.629,460
2013-9-24,79,64.2,53.2,55.1,50.2,46.6,88,64,33,29.97,29.87,7,2,15,0,kcasanta225,38.462,-122.629,460
2013-9-25,73.3,59.6,49.3,48.3,43.8,38.6,87,60,30,29.93,29.81,5,2,13,0,kcasanta225,38.462,-122.629,460
2013-9-26,78.1,59.3,43.3,42.1,39,33,83,51,21,30.01,29.86,7,2,12,0,kcasanta225,38.462,-122.629,460
2013-9-27,80.4,63.2,47.9,44,36.5,31.2,69,40,18,30.09,30.01,7,2,10,0,kcasanta225,38.462,-122.629,460
2013-9-28,82.1,62.7,45.9,53.6,42.8,34.3,88,53,19,30.09,30.01,5,1,8,0,kcasanta225,38.462,-122.629,460
2013-9-29,71.2,60.6,52.8,61.2,56.7,49.2,96,87,70,30.1,30.05,5,1,11,0.07,kcasanta225,38.462,-122.629,460
2013-9-30,71,62.2,51.9,63.6,59.7,48.4,97,92,74,30.06,29.97,3,1,8,0.04,kcasanta225,38.462,-122.629,460
2013-10-1,78.6,59.7,45.8,52.9,48.1,44.2,95,70,32,30.02,29.91,4,2,7,0.01,kcasanta225,38.462,-122.629,460
2013-10-2,78.2,61.1,49,49.5,44.7,36.8,89,60,23,30.03,29.92,5,2,10,0,kcasanta225,38.462,-122.629,460
2013-10-3,75.3,61.2,42.9,43,31.4,19.2,79,41,13,30.1,29.97,11,4,21,0,kcasanta225,38.462,-122.629,460
2013-10-4,81.1,70.9,59.9,26.9,22.7,16.4,25,17,9,30.09,30.01,9,4,18,0,kcasanta225,38.462,-122.629,460
2013-10-5,86.1,71,54.1,38.3,26.9,16.6,41,21,11,30.18,30.08,7,2,11,0,kcasanta225,38.462,-122.629,460
2013-10-6,85.9,65,49.3,39.2,32.8,26.3,49,33,12,30.13,30,4,2,7,0,kcasanta225,38.462,-122.629,460
2013-10-7,83.3,64.4,47.9,43.7,32.8,19.9,49,33,10,30.01,29.86,4,1,8,0,kcasanta225,38.462,-122.629,460
2013-10-8,77.7,59.2,43.6,47.6,39.9,34.8,77,51,24,29.91,29.71,4,1,8,0,kcasanta225,38.462,-122.629,460
2013-10-9,73.1,57.5,44.4,44.5,40,34.6,82,56,26,29.76,29.63,7,2,11,0,kcasanta225,38.462,-122.629,460
2013-10-10,74.1,57.7,45.1,48.9,42.2,35.7,91,58,35,30.01,29.75,4,1,9,0,kcasanta225,38.462,-122.629,460
2013-10-11,68.6,50.4,39.7,49.8,44.1,38.4,97,81,45,30.11,29.99,4,1,8,0,kcasanta225,38.462,-122.629,460
2013-10-12,71.7,54,39.2,49.5,43.2,37,95,70,38,30.02,29.89,3,1,6,0,kcasanta225,38.462,-122.629,460
2013-10-13,63.9,50.1,44.5,47,41.7,38,84,73,55,30.07,29.94,3,1,6,0,kcasanta225,38.462,-122.629,460
2013-10-14,80.5,58.4,41.1,43.4,38.1,34.8,83,51,20,30.12,30,4,1,7,0,kcasanta225,38.462,-122.629,460
2013-10-15,83.8,61.2,42.6,41.4,32.9,20.3,69,40,10,30.05,29.95,4,1,6,0,kcasanta225,38.462,-122.629,460
2013-10-16,82.7,61.6,43.9,38.7,32,28,57,35,14,30.09,30,5,1,8,0,kcasanta225,38.462,-122.629,460
2013-10-17,82.5,61.8,44.8,41.3,33.5,28.3,71,38,15,30.09,29.97,4,1,5,0,kcasanta225,38.462,-122.629,460
2013-10-18,79.8,58,39.1,45.1,40.2,34.6,92,57,26,30.06,29.99,4,1,6,0,kcasanta225,38.462,-122.629,460
2013-10-19,84.6,60.5,40.7,44.1,39.9,35,85,52,19,30.09,29.99,3,1,5,0,kcasanta225,38.462,-122.629,460
2013-10-20,79.7,55.8,38.6,46.9,42.6,36.4,94,67,28,30.03,29.91,4,1,6,0,kcasanta225,38.462,-122.629,460
2013-10-21,74,54.2,40.6,51,46.1,39.5,97,77,44,30.01,29.92,3,1,6,0,kcasanta225,38.462,-122.629,460
2013-10-22,78,54.9,41.8,51.5,46.1,40.6,97,77,38,30.03,29.92,3,1,5,0,kcasanta225,38.462,-122.629,460
2013-10-23,75.3,52.6,42.8,51.1,45.7,41.7,97,81,35,29.99,29.9,2,1,6,0.01,kcasanta225,38.462,-122.629,460
2013-10-24,65.9,50.4,43.9,49.2,46,41.4,97,86,53,30.11,29.97,3,1,5,0,kcasanta225,38.462,-122.629,460
2013-10-25,70.1,53.4,40.4,50,45.2,38.6,96,76,47,30.18,30.09,3,1,6,0.01,kcasanta225,38.462,-122.629,460
2013-10-26,81.3,59.2,40.8,49.3,43,36.8,90,60,27,30.15,30.02,3,1,6,0,kcasanta225,38.462,-122.629,460
2013-10-27,61.9,49.3,42.6,50.3,44.7,40.9,97,85,58,30.03,29.64,6,1,12,0,kcasanta225,38.462,-122.629,460
2013-10-28,65.2,50.9,38,45.1,41.1,35.1,93,72,41,29.83,29.67,5,2,8,0,kcasanta225,38.462,-122.629,460
2013-10-29,64.2,50.2,40.3,47.5,42.9,37.5,94,78,52,30.06,29.83,4,1,7,0,kcasanta225,38.462,-122.629,460
2013-10-30,67.7,51,38.2,47.7,41.8,36.1,96,73,43,30.16,30.06,4,1,11,0,kcasanta225,38.462,-122.629,460
2013-10-31,74.8,55.1,39.2,46.8,42,36.2,93,65,33,30.19,30.07,3,1,7,0,kcasanta225,38.462,-122.629,460
2013-11-1,79.1,58.6,43.7,47.4,42.3,38.6,86,58,27,30.16,30.02,3,1,4,0,kcasanta225,38.462,-122.629,460
2013-11-2,73.1,57,43.1,51,43,37.6,82,61,35,30.03,29.89,4,1,7,0,kcasanta225,38.462,-122.629,460
2013-11-3,65.2,51,38.3,40.3,32.8,28.5,79,53,26,30.06,29.93,3,1,7,0,kcasanta225,38.462,-122.629,460
2013-11-4,72,53.5,37.4,36,29.5,18,80,47,13,30.11,29.93,6,2,9,0,kcasanta225,38.462,-122.629,460
2013-11-5,75.7,56,42.1,37.8,34,30.3,66,46,23,30.23,30.09,5,1,5,0,kcasanta225,38.462,-122.629,460
2013-11-6,75.3,59,46,41.9,37.1,34.1,66,46,25,30.27,30.17,4,1,5,0,kcasanta225,38.462,-122.629,460
2013-11-7,74.3,58.8,48.5,45.2,38.3,33.7,81,49,25,30.18,30.07,4,1,7,0,kcasanta225,38.462,-122.629,460
2013-11-8,74.3,55.4,40,51,42.1,33.2,87,64,36,30.09,29.96,5,1,8,0,kcasanta225,38.462,-122.629,460
2013-11-9,75,53.7,37.5,47.8,40,32.2,91,64,28,30.07,29.97,4,1,7,0,kcasanta225,38.462,-122.629,460
2013-11-10,67.4,51.1,41.8,50.9,44.7,38.3,94,80,53,30.13,30.02,3,1,5,0,kcasanta225,38.462,-122.629,460
2013-11-11,66,52.5,41.8,49.9,44.5,37.9,95,76,55,30.21,30.09,4,1,6,0,kcasanta225,38.462,-122.629,460
2013-11-12,68.6,57,52.6,48.7,46.5,44.5,80,69,47,30.29,30.16,4,1,5,0,kcasanta225,38.462,-122.629,460
2013-11-14,64.3,55.9,49.1,51.8,46.1,33.6,85,70,54,30.03,29.89,2,0,4,0,kcasanta225,38.462,-122.629,460
2013-11-15,67.1,51.6,39.9,40.8,36.2,32.9,77,58,33,29.9,29.73,5,2,9,0,kcasanta225,38.462,-122.629,460
2013-11-16,68.5,52,38.8,46.6,40.3,34.1,88,67,40,29.93,29.78,4,1,6,0,kcasanta225,38.462,-122.629,460
2013-11-17,61.9,48.8,38.7,48.9,43.3,36.5,94,82,62,30.09,29.93,6,1,8,0,kcasanta225,38.462,-122.629,460
2013-11-18,57.3,46,37.7,46.5,42.2,35.3,96,87,64,30.18,30.09,3,0,5,0,kcasanta225,38.462,-122.629,460
2013-11-19,54.5,51.9,47.8,53.7,50.5,45.8,97,95,90,30.11,29.94,6,2,10,0.57,kcasanta225,38.462,-122.629,460
2013-11-20,57.9,54.5,49.7,55.8,53.4,48.9,97,96,90,29.93,29.84,3,1,4,0.6,kcasanta225,38.462,-122.629,460
2013-11-21,62.1,54.7,46.8,48.8,30.5,11.2,97,50,16,29.99,29.9,14,4,22,0,kcasanta225,38.462,-122.629,460
2013-11-22,72.4,66.1,56.4,11.5,5.6,-0.3,16,9,6,30,29.9,14,7,29,0,kcasanta225,38.462,-122.629,460
2013-11-23,68.4,58.6,40.8,35.1,21,6.5,58,28,10,30.11,29.94,15,3,17,0,kcasanta225,38.462,-122.629,460
2013-11-24,64.9,47.9,34.7,44,34.5,26.9,88,62,35,30.27,30.1,3,1,5,0,kcasanta225,38.462,-122.629,460
2013-11-25,64.5,47.8,35.6,44.3,39.4,32.7,94,75,47,30.34,30.26,3,1,5,0,kcasanta225,38.462,-122.629,460
2013-11-26,64.7,49,38.3,44,39.3,34.6,90,71,45,30.29,30.06,3,1,4,0,kcasanta225,38.462,-122.629,460
2013-11-27,66.7,51.2,36.5,43.5,39,33.3,91,65,41,30.05,29.85,6,2,8,0,kcasanta225,38.462,-122.629,460
2013-11-28,69.5,51.8,39.1,43.9,39.9,35.4,90,67,36,30.09,29.88,3,1,6,0,kcasanta225,38.462,-122.629,460
2013-11-29,68.7,52.5,42,46.3,41,36.3,83,67,40,30.23,30.09,3,1,6,0,kcasanta225,38.462,-122.629,460
2013-11-30,69,52.8,42.5,45.9,41.9,38.1,87,68,40,30.28,30.19,3,1,6,0,kcasanta225,38.462,-122.629,460
2013-12-1,70.9,53.7,40.7,47.6,42.6,37,91,68,38,30.34,30.23,3,1,5,0,kcasanta225,38.462,-122.629,460
2013-12-2,65.3,53.1,41.5,51.2,45.1,36.3,90,75,52,30.24,29.96,4,1,8,0,kcasanta225,38.462,-122.629,460
2013-12-3,56.3,48.5,37.2,51.1,31.5,17.8,91,54,32,29.95,29.84,5,2,10,0,kcasanta225,38.462,-122.629,460
2013-12-4,52.3,40.8,29.6,27.6,21.9,-99.9,80,51,30,30.1,29.95,7,2,12,0,kcasanta225,38.462,-122.629,460
2013-12-5,49.9,35.3,22.7,28.9,20.4,14.2,79,57,29,30.17,30.09,4,1,5,0,kcasanta225,38.462,-122.629,460
2013-12-6,46.6,36.4,24,42.4,30,20.3,96,79,42,30.2,29.92,6,1,8,0.63,kcasanta225,38.462,-122.629,460
2013-12-7,45.5,36.7,26.4,41.2,28.9,23.1,96,76,42,30.28,29.94,6,1,9,0.01,kcasanta225,38.462,-122.629,460
2013-12-8,47.3,33.1,24.4,28.7,21.6,-99.9,92,69,32,30.33,30.25,3,-12,5,0,kcasanta225,38.462,-122.629,460
2013-12-9,50.9,34.6,23.1,28.1,22.7,17.8,82,64,35,30.44,30.33,3,1,9,0,kcasanta225,38.462,-122.629,460
2013-12-10,53.9,37,23.3,29.7,24.7,19,84,64,34,30.44,30.23,3,1,6,0,kcasanta225,38.462,-122.629,460
2013-12-11,59.1,40.9,28.5,34.4,29.7,24.8,88,67,39,30.26,30.19,3,1,7,0,kcasanta225,38.462,-122.629,460
2013-12-12,59.1,42.1,27.3,35.1,31.1,24.2,91,67,38,30.29,30.18,5,1,9,0,kcasanta225,38.462,-122.629,460
2013-12-13,62.5,44.5,31.1,36.6,32.7,27.1,89,66,31,30.35,30.24,3,1,8,0,kcasanta225,38.462,-122.629,460
2013-12-14,64.3,45.6,32.9,40.8,35.9,29.5,92,71,40,30.41,30.32,2,1,7,0,kcasanta225,38.462,-122.629,460
2013-12-15,64,45.5,31.2,40.6,35.4,27.9,92,70,38,30.39,30.25,2,1,5,0,kcasanta225,38.462,-122.629,460
2013-12-16,65,48.3,35.6,42.5,36.6,30.9,87,66,41,30.26,30.14,3,1,6,0,kcasanta225,38.462,-122.629,460
2013-12-17,65.4,48.2,36.8,42.8,36.9,31.1,82,66,43,30.19,30.05,4,1,7,0,kcasanta225,38.462,-122.629,460
2013-12-18,61.5,48.2,39.9,45.4,38.9,33.2,90,71,44,30.05,29.76,4,1,7,0,kcasanta225,38.462,-122.629,460
2013-12-19,60.3,49.3,34.6,38.1,25.5,6.6,91,47,16,29.95,29.74,8,3,24,0,kcasanta225,38.462,-122.629,460
2013-12-20,66.7,49.8,37.7,34.9,22.1,6,66,36,15,30.02,29.93,4,2,13,0,kcasanta225,38.462,-122.629,460
2013-12-21,67.5,51,40.3,47.3,40.6,33.6,87,69,45,30.09,29.98,3,1,10,0,kcasanta225,38.462,-122.629,460
2013-12-26,46.9,44.2,40.8,31,29,28.1,62,55,51,30.23,30.22,2,1,3,0,kcasanta225,38.462,-122.629,460
2013-12-27,57.8,45.7,35.6,38.7,32.5,27.3,74,60,46,30.25,30.14,3,1,4,0,kcasanta225,38.462,-122.629,460
2013-12-28,67.7,50.2,32.5,37.8,28.6,17,79,48,16,30.17,30.05,4,1,7,0,kcasanta225,38.462,-122.629,460
2013-12-29,66.9,50.2,37.8,33.9,26.5,19.8,58,41,25,30.2,30.09,3,1,5,0,kcasanta225,38.462,-122.629,460
2013-12-30,63.9,47.5,32.5,35.7,30,21.7,74,52,32,30.26,30.18,4,1,5,0,kcasanta225,38.462,-122.629,460
2013-12-31,62.2,45.7,35.7,38.1,32.7,27.7,80,62,40,30.29,30.17,3,1,5,0,kcasanta225,38.462,-122.629,460
2014-1-1,66.9,48.6,34.1,36.4,31,25.1,75,53,28,30.22,30.14,2,1,4,0,kcasanta225,38.462,-122.629,460
2014-1-2,64.3,50.2,37.5,39.9,34.9,29.8,75,57,37,30.19,30.07,3,1,4,0,kcasanta225,38.462,-122.629,460
2014-1-3,69.7,52,39.3,40.7,36.9,32.9,80,59,31,30.08,29.96,3,1,4,0,kcasanta225,38.462,-122.629,460
2014-1-4,68.7,50.7,38.4,42.3,36.5,28.5,84,61,35,30.08,29.99,3,1,4,0,kcasanta225,38.462,-122.629,460
2014-1-5,67.5,48.3,34,37.1,27.4,17.1,85,49,20,30.22,30.08,3,1,6,0,kcasanta225,38.462,-122.629,460
2014-1-6,59,47.7,36.6,31.9,26.6,17.8,61,44,30,30.3,30.17,6,1,9,0,kcasanta225,38.462,-122.629,460
2014-1-7,62,48.6,38.9,43.1,33.4,26.7,86,58,32,30.23,30.13,3,1,4,0,kcasanta225,38.462,-122.629,460
2014-1-8,59.7,47.8,40.3,49.7,43.9,38.3,97,87,66,30.25,30.15,3,1,6,0,kcasanta225,38.462,-122.629,460
2014-1-9,64.3,48.5,40.6,48.4,40.1,31.8,96,75,32,30.28,30.18,4,1,9,0,kcasanta225,38.462,-122.629,460
2014-1-10,63.4,49.4,38.7,47.4,41.9,35.8,93,76,55,30.32,30.19,3,1,7,0,kcasanta225,38.462,-122.629,460
2014-1-11,54.2,46.6,40.7,52.1,44.4,38,96,92,82,30.3,30.15,2,0,6,0.09,kcasanta225,38.462,-122.629,460
2014-1-12,62.8,48.1,36.6,44.8,38.2,32,96,72,40,30.43,30.28,4,1,7,0.01,kcasanta225,38.462,-122.629,460
2014-1-13,67.2,50.8,37.8,42.7,38.2,33.7,87,64,38,30.48,30.35,2,1,4,0,kcasanta225,38.462,-122.629,460
2014-1-14,70,48.1,32.3,41.6,35.4,28.9,91,65,34,30.48,30.34,2,1,5,0,kcasanta225,38.462,-122.629,460
2014-1-15,70.3,51.5,37.2,41.7,33.6,27.1,73,52,30,30.37,30.22,4,1,5,0,kcasanta225,38.462,-122.629,460
2014-1-16,72.2,51.2,35.1,36.9,30.3,21,73,48,23,30.25,30.14,3,1,5,0,kcasanta225,38.462,-122.629,460
2014-1-17,72.5,52.5,36.3,39.6,29.7,21.1,63,43,26,30.21,30.11,4,1,6,0,kcasanta225,38.462,-122.629,460
2014-1-18,73.3,52,35.5,35.4,28.7,24.1,70,43,21,30.19,30.07,4,1,6,0,kcasanta225,38.462,-122.629,460
2014-1-19,71.5,52,34.7,34.6,28.6,23.7,67,42,23,30.15,30.06,6,2,8,0,kcasanta225,38.462,-122.629,460
2014-1-20,69.8,50.4,35.7,35.4,29.7,24.7,68,47,27,30.25,30.13,3,1,4,0,kcasanta225,38.462,-122.629,460
2014-1-21,72.8,51.9,37.7,34,27.1,20.4,54,39,20,30.28,30.17,3,1,5,0,kcasanta225,38.462,-122.629,460
2014-1-22,74.3,53.9,38.5,31.9,25.2,20.9,52,35,14,30.19,29.92,3,1,5,0,kcasanta225,38.462,-122.629,460
2014-1-23,71.7,54.2,38.4,35.9,25.3,17.8,79,38,13,30.02,29.86,13,3,14,0,kcasanta225,38.462,-122.629,460
2014-1-24,71.5,55.4,44.3,38.8,31,25.5,59,41,18,30.28,30.02,7,2,12,0,kcasanta225,38.462,-122.629,460
2014-1-25,75.4,56.5,43.7,40.2,33.1,26,64,44,16,30.28,30.12,5,1,6,0,kcasanta225,38.462,-122.629,460
2014-1-26,72.7,54.8,42.5,42.1,36.1,29.9,91,52,26,30.14,30.03,4,1,5,0,kcasanta225,38.462,-122.629,460
2014-1-27,61.8,49.1,37.3,48,43.6,34.1,96,83,48,30.2,30.07,2,0,4,0,kcasanta225,38.462,-122.629,460
2014-1-28,65.3,56.5,48.7,56.6,51.1,45.6,95,83,56,30.27,30.18,2,1,5,0,kcasanta225,38.462,-122.629,460
2014-1-29,57.4,53.7,49.4,56.2,52.4,47.8,97,95,87,30.2,29.99,4,0,5,0.07,kcasanta225,38.462,-122.629,460
2014-1-30,64.5,52.4,46.3,49.5,44.7,33.6,96,78,37,29.99,29.83,5,1,6,0,kcasanta225,38.462,-122.629,460
2014-1-31,63,48.7,35.5,41.4,31.9,17.3,91,59,18,30.1,29.9,5,2,8,0,kcasanta225,38.462,-122.629,460
2014-2-1,59.1,43.7,32.3,36.1,30.8,25.5,82,63,29,30.17,30.06,5,2,10,0,kcasanta225,38.462,-122.629,460
2014-2-2,44.2,41.7,37,40,37.9,32,91,86,80,30.05,29.88,14,6,16,0.52,kcasanta225,38.462,-122.629,460
2014-2-3,56.4,42.5,32.2,43,35.8,30.9,96,79,46,30.09,29.99,4,1,7,0.01,kcasanta225,38.462,-122.629,460
2014-2-4,54,41.7,31.8,38.5,33.7,29.5,94,75,49,30.19,30.08,3,1,5,0,kcasanta225,38.462,-122.629,460
2014-2-5,51,41.3,30.3,40.8,35.3,27.7,94,81,54,30.21,30.07,4,1,6,0.28,kcasanta225,38.462,-122.629,460
2014-2-6,49.7,46.1,42,45.8,43.5,40.4,96,91,82,30.08,29.92,9,3,11,0.55,kcasanta225,38.462,-122.629,460
2014-2-7,52.9,49.3,46.4,51.5,48,45.3,96,95,90,30.07,29.97,6,2,8,1.12,kcasanta225,38.462,-122.629,460
2014-2-8,57.1,54.1,51.1,55.8,53,49.7,97,96,95,30.14,30.01,9,3,13,5.07,kcasanta225,38.462,-122.629,460
2014-2-9,56.7,55.6,53.4,55.9,54.6,52.6,97,97,96,30.13,30.03,4,1,12,2.7,kcasanta225,38.462,-122.629,460
2014-2-10,62.9,54.6,48.1,55.5,52.5,47.3,98,93,76,30.28,30.09,3,0,10,0.02,kcasanta225,38.462,-122.629,460
2014-2-11,62.5,50.2,40.5,52.2,46.7,39.4,97,88,66,30.26,30.17,4,1,9,0.01,kcasanta225,38.462,-122.629,460
2014-2-12,58,50.2,44.4,51.6,47.8,43.6,98,92,75,30.29,30.19,2,0,5,0,kcasanta225,38.462,-122.629,460
2014-2-13,66.8,56,49.4,58.6,53.4,48.6,98,92,74,30.24,30.1,4,0,11,0.01,kcasanta225,38.462,-122.629,460
2014-2-14,62.9,56.5,53.2,56.4,53.4,51.9,98,90,70,30.18,30.06,4,0,9,0.04,kcasanta225,38.462,-122.629,460
2014-2-15,56.4,54.1,52.8,53.4,52.3,51.5,97,94,86,30.06,29.97,5,1,12,0.1,kcasanta225,38.462,-122.629,460
2014-2-16,64.6,51.4,40.6,51.7,43.7,39.3,97,78,42,30.22,30.02,4,1,10,0,kcasanta225,38.462,-122.629,460
2014-2-17,64,48.8,36.3,45.2,40.5,34.3,95,76,41,30.2,30.1,3,1,9,0.01,kcasanta225,38.462,-122.629,460
2014-2-18,63.4,50.6,40.3,50.6,44.7,38.2,94,81,54,30.22,30.09,4,1,9,0,kcasanta225,38.462,-122.629,460
2014-2-19,65.8,53.8,43,50.7,44.3,39.1,95,73,41,30.22,30.08,5,1,10,0,kcasanta225,38.462,-122.629,460
2014-2-20,71.2,52.2,39.3,46,41,36.1,93,69,32,30.24,30.12,5,1,9,0,kcasanta225,38.462,-122.629,460
2014-2-21,70.9,54.9,41.2,47,42.4,37.6,89,67,32,30.13,29.98,4,1,9,0,kcasanta225,38.462,-122.629,460
2014-2-22,69.8,53.3,40.9,49.4,43.8,37.6,96,73,39,30.02,29.93,4,1,11,0,kcasanta225,38.462,-122.629,460
2014-2-23,44.3,43.8,43.4,43.2,42.6,42.3,96,96,95,29.99,29.98,1,1,2,0,kcasanta225,38.462,-122.629,460
2014-2-24,74,62.5,47.7,51.5,46.6,42.6,83,58,37,30.01,29.9,4,2,9,0,kcasanta225,38.462,-122.629,460
2014-2-25,64.3,50.5,40.9,52.3,45.3,38.3,95,83,63,29.99,29.91,5,1,11,0,kcasanta225,38.462,-122.629,460
2014-2-26,55.7,52.6,48.4,53.6,50.4,45.3,96,92,88,29.98,29.65,19,4,19,1.27,kcasanta225,38.462,-122.629,460
2014-2-27,61.6,56,52.2,51,48.5,42.7,91,77,56,29.89,29.51,17,4,25,0.01,kcasanta225,38.462,-122.629,460
2014-2-28,58.5,52.9,49.8,53.2,49.2,43.9,95,88,60,29.53,29.37,18,5,35,1.11,kcasanta225,38.462,-122.629,460
2014-3-1,53.1,51.9,50.8,48.4,47.8,46.8,90,86,79,29.52,29.49,15,6,27,0.02,kcasanta225,38.462,-122.629,460
2014-3-2,57.5,53.3,49.4,54.4,50.7,48,95,91,82,30.17,29.95,5,2,7,0.01,kcasanta225,38.462,-122.629,460
2014-3-3,55.5,52.4,49.8,51.3,50.1,48.4,96,92,84,30.16,30.04,7,4,12,0.4,kcasanta225,38.462,-122.629,460
2014-3-4,62.7,55.9,50.5,55,52,48.7,96,87,71,30.13,30.06,6,2,10,0,kcasanta225,38.462,-122.629,460
2014-3-5,62.4,57.1,54,55.9,54,52,96,90,75,30.1,29.97,5,2,8,0.55,kcasanta225,38.462,-122.629,460
2014-3-6,63.9,54.7,46.2,56,50.5,44.8,98,87,63,30.21,30.03,7,2,11,0,kcasanta225,38.462,-122.629,460
2014-3-7,69,53.7,42,50.2,45.3,40.1,94,76,43,30.2,30.1,5,2,7,0.01,kcasanta225,38.462,-122.629,460
2014-3-8,72.3,57,41.7,52.7,47.2,39.8,95,73,40,30.21,30.12,3,1,7,0,kcasanta225,38.462,-122.629,460
2014-3-9,71,60,51.4,56,50,43.8,88,71,52,30.2,30.07,4,1,5,0,kcasanta225,38.462,-122.629,460
2014-3-10,69.1,57.9,47.7,52.2,45.9,39.9,96,68,36,30.25,30.09,5,1,9,0.08,kcasanta225,38.462,-122.629,460
2014-3-11,71.2,61.2,45.2,41.1,26.3,17.5,82,30,17,30.23,30.03,8,3,15,0,kcasanta225,38.462,-122.629,460
2014-3-12,72.5,62.7,52.2,31.8,24.5,17.1,43,24,14,30.14,30.01,11,4,18,0,kcasanta225,38.462,-122.629,460
2014-3-13,76.8,59.5,44.1,45.2,35.5,27,80,44,18,30.06,29.97,7,2,12,0,kcasanta225,38.462,-122.629,460
2014-3-14,75.3,57,40.3,51.1,44.2,35.8,91,65,33,30.23,30.04,4,1,7,0,kcasanta225,38.462,-122.629,460
2014-3-15,79.4,60.9,44.2,51.1,45,38.4,90,61,24,30.31,30.22,4,1,7,0,kcasanta225,38.462,-122.629,460
2014-3-16,77.5,58.5,43,47.8,41.8,36.1,83,57,23,30.31,30.18,4,1,5,0,kcasanta225,38.462,-122.629,460
2014-3-17,70.2,55.7,45.3,47.4,43.2,40.3,89,65,37,30.21,29.99,5,1,8,0,kcasanta225,38.462,-122.629,460
2014-3-18,72.6,55.1,39.5,41.6,35.4,27.5,82,52,24,30,29.92,6,2,10,0,kcasanta225,38.462,-122.629,460
2014-3-19,75.1,56.7,39.6,41.2,35.5,29.8,69,48,26,30.09,29.98,6,2,7,0,kcasanta225,38.462,-122.629,460
2014-3-20,74.4,56.7,43.6,44.7,39.8,31.2,89,58,22,30.06,29.94,5,1,10,0,kcasanta225,38.462,-122.629,460
2014-3-21,68.4,49.7,35.5,50.3,41.5,30.3,92,75,50,30,29.94,6,1,9,0,kcasanta225,38.462,-122.629,460
2014-3-22,68.6,52,37.1,49.4,41.6,34.8,95,71,40,30.11,29.99,4,1,7,0,kcasanta225,38.462,-122.629,460
2014-3-23,71.8,54,41.4,51.2,44.7,38.4,94,74,38,30.17,30.09,3,1,7,0,kcasanta225,38.462,-122.629,460
2014-3-24,76.5,55.7,38.7,48.5,39.2,29.4,95,62,20,30.16,30.02,4,1,9,0,kcasanta225,38.462,-122.629,460
2014-3-25,60.4,48.9,36.9,53.1,43.1,28.3,95,81,52,30.04,29.86,5,1,7,0.16,kcasanta225,38.462,-122.629,460
2014-3-26,60.1,51.1,46.7,52.3,46.8,44.8,96,86,63,29.96,29.8,7,2,12,0.61,kcasanta225,38.462,-122.629,460
2014-3-27,58.5,52,47.1,51.2,48.2,45.9,96,87,67,30.13,29.96,5,1,9,0.09,kcasanta225,38.462,-122.629,460
2014-3-28,63.1,55.2,50.5,53.6,51,49.2,96,86,64,30.18,30.11,6,2,10,0.02,kcasanta225,38.462,-122.629,460
2014-3-29,56.4,52.8,44.7,53.6,50.4,43.5,96,92,85,30.1,30,5,2,10,1.07,kcasanta225,38.462,-122.629,460
2014-3-30,60.4,48.9,37.8,47.7,42.3,36.5,97,80,52,30.12,30.03,7,2,12,0.01,kcasanta225,38.462,-122.629,460
2014-3-31,49.9,45,40.4,46,42.6,38.5,96,91,82,30.08,29.83,8,2,14,0.84,kcasanta225,38.462,-122.629,460
2014-4-1,52,44.1,41.3,47.8,42.1,40,96,93,80,29.95,29.83,7,2,10,1.27,kcasanta225,38.462,-122.629,460
2014-4-2,62.3,49.8,41.7,48.1,42.7,39,95,78,52,30.11,29.88,6,2,8,0.01,kcasanta225,38.462,-122.629,460
2014-4-3,62.9,49.5,39.6,48.8,43.2,38,95,80,56,30.13,30.04,6,1,10,0,kcasanta225,38.462,-122.629,460
2014-4-4,57.3,49.5,46,50.3,46.7,44.1,96,90,73,30.07,29.98,4,1,7,0.65,kcasanta225,38.462,-122.629,460
2014-4-5,68.6,53.9,40,51.3,46.3,38.6,96,78,49,30.2,30.06,5,2,9,0.01,kcasanta225,38.462,-122.629,460
2014-4-6,78.3,60.8,43.5,55.5,49.3,41.6,95,70,39,30.24,30.1,5,2,8,0,kcasanta225,38.462,-122.629,460
2014-4-7,84.2,65.9,49.2,56.9,51.7,46.7,93,64,30,30.16,30.06,5,2,9,0,kcasanta225,38.462,-122.629,460
2014-4-8,82.5,65.5,50.2,61.5,54.3,47.4,93,70,45,30.1,30.01,4,1,6,0,kcasanta225,38.462,-122.629,460
2014-4-9,72.3,56,46.8,57.8,50,45.4,96,82,49,30.08,29.99,4,1,7,0,kcasanta225,38.462,-122.629,460
2014-4-10,79.3,58.6,43.7,61.1,50.4,42.6,97,77,46,30.03,29.89,4,1,5,0,kcasanta225,38.462,-122.629,460
2014-4-11,67.3,53.8,46.7,56.2,49.4,45.1,97,86,66,29.95,29.86,3,1,5,0,kcasanta225,38.462,-122.629,460
2014-4-12,65.6,53.8,49.1,52.7,47.8,45.6,92,81,60,29.94,29.87,4,2,7,0,kcasanta225,38.462,-122.629,460
2014-4-13,73.2,57.3,48.5,58.5,50.3,46.3,93,79,53,30.05,29.94,4,1,8,0,kcasanta225,38.462,-122.629,460
2014-4-14,74.8,55.7,41.6,59.8,49.5,40.5,97,82,50,30.11,30.01,4,1,7,0,kcasanta225,38.462,-122.629,460
2014-4-15,73.6,58,46.1,57,50.1,45,97,78,47,30.07,29.88,4,1,9,0,kcasanta225,38.462,-122.629,460
2014-4-16,78.7,61.5,45.6,54,48,43.3,95,66,33,29.92,29.8,5,1,7,0,kcasanta225,38.462,-122.629,460
2014-4-17,77.2,60.7,47.3,56.8,47.7,42,93,65,34,29.86,29.78,4,1,8,0,kcasanta225,38.462,-122.629,460
2014-4-18,73.4,59.2,46.8,52.5,47.4,42.8,92,67,44,29.92,29.85,6,1,9,0,kcasanta225,38.462,-122.629,460
2014-4-19,69.7,55.9,42.5,54.3,46.9,39.1,96,75,38,30.11,29.91,7,2,10,0,kcasanta225,38.462,-122.629,460
2014-4-20,81.8,61.9,45.1,53.7,46.2,39.4,94,63,25,30.15,30.04,6,1,8,0,kcasanta225,38.462,-122.629,460
2014-4-21,70.9,56.5,46.6,49.2,41.8,33.5,87,59,31,30.07,29.96,5,1,7,0,kcasanta225,38.462,-122.629,460
2014-4-22,65.1,55.3,45.4,49.1,39.1,32.2,91,57,32,30.13,29.95,7,2,13,0,kcasanta225,38.462,-122.629,460
2014-4-23,70.2,55.3,38.5,47.7,41.1,34.1,84,61,34,30.15,30.08,7,2,13,0,kcasanta225,38.462,-122.629,460
2014-4-24,69,57.5,47.6,54.4,50.2,45.1,93,78,51,30.11,29.97,7,2,12,0,kcasanta225,38.462,-122.629,460
2014-4-25,55.7,50.9,43.3,52.2,47.8,41.7,95,89,75,29.97,29.77,4,0,6,0.29,kcasanta225,38.462,-122.629,460
2014-4-26,63.2,50.3,38.1,44.5,40,35,96,71,36,30.08,29.86,7,2,11,0.01,kcasanta225,38.462,-122.629,460
2014-4-27,66.2,54.8,46.9,52.8,46.8,42.1,96,76,46,30.13,30.02,6,2,9,0.05,kcasanta225,38.462,-122.629,460
2014-4-28,66.2,48.3,42.2,52.1,43.6,40,93,85,59,30.23,30.13,2,1,4,0,kcasanta225,38.462,-122.629,460
2014-5-17,79,64.1,48.3,54.2,49.1,41,91,61,39,29.96,29.89,5,2,9,0,kcasanta225,38.462,-122.629,460
2014-5-18,77.4,63.6,49.9,52.4,45.8,37.1,79,54,25,29.97,29.89,7,2,12,0,kcasanta225,38.462,-122.629,460
2014-5-19,70.6,59.6,50.9,49.9,46.8,43.7,83,64,39,29.94,29.88,8,2,13,0,kcasanta225,38.462,-122.629,460
2014-5-20,73.8,60.4,48.8,50.8,47.6,44.8,87,65,41,29.98,29.92,7,2,11,0,kcasanta225,38.462,-122.629,460
2014-5-21,78.4,61.4,47.8,55.5,50,45.1,94,70,38,29.97,29.88,5,2,9,0,kcasanta225,38.462,-122.629,460
2014-5-22,77.7,59.9,48.3,58.4,51.1,45.5,94,75,51,30.01,29.9,4,1,8,0,kcasanta225,38.462,-122.629,460
2014-5-23,82,63.9,49.9,59.4,53.3,47.7,94,71,44,30.02,29.89,4,1,6,0,kcasanta225,38.462,-122.629,460
2014-5-24,85.9,69.6,55.5,58.6,53.1,49,79,58,33,29.97,29.87,4,1,6,0,kcasanta225,38.462,-122.629,460
2014-5-25,92.7,71.9,51.2,54.2,47.6,41,85,48,20,29.96,29.86,6,2,9,0,kcasanta225,38.462,-122.629,460
2014-5-26,91.3,72.3,54.3,55.3,47.3,38.4,65,44,17,29.99,29.91,6,2,11,0,kcasanta225,38.462,-122.629,460
2014-5-27,83.4,65.9,46.5,48.9,44,36.1,87,49,24,30.02,29.93,5,1,9,0,kcasanta225,38.462,-122.629,460
2014-5-28,80.9,64.5,44,45.2,39.1,33.6,72,43,19,30.07,29.93,7,2,10,0,kcasanta225,38.462,-122.629,460
2014-5-29,82.8,65.4,47.6,46.6,41.7,31.9,79,47,18,29.96,29.86,7,2,9,0,kcasanta225,38.462,-122.629,460
2014-5-30,73.9,57,42.3,52.2,45.8,36.5,90,68,45,29.93,29.88,4,1,8,0,kcasanta225,38.462,-122.629,460
2014-5-31,79.3,58.5,44.3,55.8,48,41.8,93,72,36,29.97,29.89,4,1,7,0,kcasanta225,38.462,-122.629,460
