id	date	time	events
annadel	4/6/2006	9:52:19	6248
annadel	4/7/2006	15:43:43	6249
annadel	4/7/2006	58:53.5	6250
annadel	4/7/2006	05:58.5	6251
annadel	4/7/2006	10:22.5	6252
annadel	4/7/2006	13:16.5	6253
annadel	4/7/2006	16:16:19	6254
annadel	4/7/2006	20:54.5	6255
annadel	4/7/2006	16:25:43	6256
annadel	4/7/2006	16:32:33	6257
annadel	4/7/2006	16:37:50	6258
annadel	4/7/2006	45:26.5	6259
annadel	4/7/2006	49:35.5	6260
annadel	4/7/2006	53:16.5	6261
annadel	4/7/2006	55:50.5	6262
annadel	4/7/2006	16:58:40	6263
annadel	4/7/2006	17:01:20	6264
annadel	4/7/2006	04:42.5	6265
annadel	4/7/2006	17:08:16	6266
annadel	4/7/2006	12:18.5	6267
annadel	4/7/2006	15:56.5	6268
annadel	4/7/2006	17:19:11	6269
annadel	4/7/2006	22:41.5	6270
annadel	4/7/2006	17:26:42	6271
annadel	4/7/2006	30:01.5	6272
annadel	4/7/2006	33:44.5	6273
annadel	4/7/2006	17:36:22	6274
annadel	4/7/2006	38:45.5	6275
annadel	4/7/2006	44:03.5	6276
annadel	4/7/2006	17:52:17	6277
annadel	4/7/2006	59:18.5	6278
annadel	4/7/2006	10:11.5	6279
annadel	4/7/2006	20:28:14	6280
annadel	4/7/2006	21:13:45	6281
annadel	4/7/2006	21:22:35	6282
annadel	4/7/2006	46:21.5	6283
annadel	4/7/2006	21:58.5	6284
annadel	4/8/2006	0:43:10	6285
annadel	4/8/2006	0:50:43	6286
annadel	4/8/2006	00:23.5	6287
annadel	4/8/2006	1:07:02	6288
annadel	4/8/2006	13:37.5	6289
annadel	4/8/2006	1:23:34	6290
annadel	4/8/2006	1:37:43	6291
annadel	4/9/2006	3:04:51	6292
annadel	4/9/2006	53:05.5	6293
annadel	4/9/2006	42:30.5	6294
annadel	4/9/2006	14:44:26	6295
annadel	4/9/2006	45:29.5	6296
annadel	4/9/2006	47:15.5	6297
annadel	4/9/2006	14:57:08	6298
annadel	4/9/2006	15:01:29	6299
annadel	4/9/2006	15:07:35	6300
annadel	4/9/2006	20:24.5	6301
annadel	4/9/2006	15:20:52	6302
annadel	4/9/2006	15:21:19	6303
annadel	4/9/2006	15:21:36	6304
annadel	4/9/2006	21:56.5	6305
annadel	4/9/2006	22:17.5	6306
annadel	4/9/2006	26:56.5	6307
annadel	4/10/2006	12:55.5	6308
annadel	4/10/2006	11:47:08	6309
annadel	4/10/2006	49:05.5	6310
annadel	4/10/2006	11:53:05	6311
annadel	4/10/2006	13:02:05	6312
annadel	4/10/2006	07:16.5	6313
annadel	4/10/2006	13:10:39	6314
annadel	4/10/2006	13:18:22	6315
annadel	4/10/2006	43:27.5	6316
annadel	4/10/2006	49:38.5	6317
annadel	4/11/2006	0:34:55	6318
annadel	4/11/2006	27:13.5	6319
annadel	4/11/2006	44:02.5	6320
annadel	4/11/2006	3:57:01	6321
annadel	4/11/2006	4:24:37	6322
annadel	4/11/2006	4:31:54	6323
annadel	4/11/2006	42:58.5	6324
annadel	4/11/2006	4:51:07	6325
annadel	4/11/2006	12:52.5	6326
annadel	4/11/2006	32:00.5	6327
annadel	4/11/2006	5:42:46	6328
annadel	4/11/2006	6:02:30	6329
annadel	4/11/2006	6:16:00	6330
annadel	4/11/2006	37:28.5	6331
annadel	4/11/2006	6:50:31	6332
annadel	4/11/2006	7:11:20	6333
annadel	4/11/2006	18:44.5	6334
annadel	4/11/2006	8:31:11	6335
annadel	4/11/2006	10:01:23	6336
annadel	4/11/2006	20:17.5	6337
annadel	4/11/2006	10:24:21	6338
annadel	4/11/2006	34:42.5	6339
annadel	4/11/2006	39:52.5	6340
annadel	4/11/2006	43:49.5	6341
annadel	4/11/2006	47:26.5	6342
annadel	4/11/2006	10:54:24	6343
annadel	4/11/2006	10:58:54	6344
annadel	4/11/2006	11:05:20	6345
annadel	4/11/2006	11:16:52	6346
annadel	4/11/2006	11:23:01	6347
annadel	4/11/2006	11:26:45	6348
annadel	4/11/2006	11:45:48	6349
annadel	4/11/2006	11:56:35	6350
annadel	4/11/2006	11:10.5	6351
annadel	4/11/2006	12:14:44	6352
annadel	4/11/2006	12:20:20	6353
annadel	4/11/2006	12:22:49	6354
annadel	4/11/2006	12:25:50	6355
annadel	4/11/2006	12:28:14	6356
annadel	4/11/2006	12:31:05	6357
annadel	4/11/2006	33:00.5	6358
annadel	4/11/2006	12:35:05	6359
annadel	4/11/2006	37:19.5	6360
annadel	4/11/2006	40:06.5	6361
annadel	4/11/2006	12:41:49	6362
annadel	4/11/2006	45:53.5	6363
annadel	4/11/2006	12:49:44	6364
annadel	4/11/2006	54:15.5	6365
annadel	4/11/2006	12:57:21	6366
annadel	4/11/2006	01:42.5	6367
annadel	4/11/2006	05:20.5	6368
annadel	4/11/2006	13:10:38	6369
annadel	4/11/2006	15:52.5	6370
annadel	4/11/2006	20:57.5	6371
annadel	4/11/2006	26:33.5	6372
annadel	4/11/2006	34:05.5	6373
annadel	4/11/2006	39:00.5	6374
annadel	4/11/2006	13:43:18	6375
annadel	4/11/2006	46:14.5	6376
annadel	4/11/2006	13:49:55	6377
annadel	4/11/2006	13:54:19	6378
annadel	4/11/2006	58:25.5	6379
annadel	4/11/2006	14:01:14	6380
annadel	4/11/2006	14:04:56	6381
annadel	4/11/2006	14:08:33	6382
annadel	4/11/2006	11:47.5	6383
annadel	4/11/2006	14:14:27	6384
annadel	4/11/2006	18:38.5	6385
annadel	4/11/2006	14:21:08	6386
annadel	4/11/2006	25:09.5	6387
annadel	4/11/2006	33:10.5	6388
annadel	4/11/2006	14:39:36	6389
annadel	4/11/2006	14:42:44	6390
annadel	4/11/2006	46:00.5	6391
annadel	4/11/2006	48:07.5	6392
annadel	4/11/2006	14:51:12	6393
annadel	4/11/2006	54:42.5	6394
annadel	4/11/2006	14:57:22	6395
annadel	4/11/2006	59:56.5	6396
annadel	4/11/2006	03:03.5	6397
annadel	4/11/2006	15:05:12	6398
annadel	4/11/2006	07:59.5	6399
annadel	4/11/2006	15:10:18	6400
annadel	4/11/2006	15:12:52	6401
annadel	4/11/2006	15:00.5	6402
annadel	4/11/2006	18:25.5	6403
annadel	4/11/2006	15:20:57	6404
annadel	4/11/2006	23:51.5	6405
annadel	4/11/2006	26:09.5	6406
annadel	4/11/2006	15:29:37	6407
annadel	4/11/2006	31:30.5	6408
annadel	4/11/2006	15:35:07	6409
annadel	4/11/2006	36:58.5	6410
annadel	4/11/2006	39:20.5	6411
annadel	4/11/2006	40:58.5	6412
annadel	4/11/2006	15:44:21	6413
annadel	4/11/2006	46:16.5	6414
annadel	4/11/2006	15:48:37	6415
annadel	4/11/2006	50:48.5	6416
annadel	4/11/2006	53:09.5	6417
annadel	4/11/2006	54:40.5	6418
annadel	4/11/2006	15:57:01	6419
annadel	4/11/2006	58:46.5	6420
annadel	4/11/2006	16:01:09	6421
annadel	4/11/2006	03:07.5	6422
annadel	4/11/2006	05:28.5	6423
annadel	4/11/2006	16:07:51	6424
annadel	4/11/2006	10:20.5	6425
annadel	4/11/2006	12:01.5	6426
annadel	4/11/2006	16:13:45	6427
annadel	4/11/2006	15:15.5	6428
annadel	4/11/2006	16:18:23	6429
annadel	4/11/2006	20:38.5	6430
annadel	4/11/2006	23:52.5	6431
annadel	4/11/2006	16:33:06	6432
annadel	4/11/2006	44:53.5	6433
annadel	4/11/2006	17:44:09	6434
annadel	4/11/2006	18:02:45	6435
annadel	4/11/2006	18:07:03	6436
annadel	4/11/2006	18:12:42	6437
annadel	4/11/2006	20:28.5	6438
annadel	4/11/2006	18:25:01	6439
annadel	4/11/2006	28:48.5	6440
annadel	4/11/2006	18:43:01	6441
annadel	4/11/2006	18:51:04	6442
annadel	4/11/2006	18:56:00	6443
annadel	4/11/2006	00:42.5	6444
annadel	4/11/2006	06:29.5	6445
annadel	4/11/2006	12:01.5	6446
annadel	4/11/2006	19:16:40	6447
annadel	4/11/2006	19:22:24	6448
annadel	4/11/2006	27:01.5	6449
annadel	4/11/2006	19:33:17	6450
annadel	4/11/2006	19:38:15	6451
annadel	4/11/2006	44:23.5	6452
annadel	4/11/2006	19:51:58	6453
annadel	4/11/2006	19:54:51	6454
annadel	4/11/2006	58:37.5	6455
annadel	4/11/2006	01:23.5	6456
annadel	4/11/2006	20:05:26	6457
annadel	4/11/2006	20:10:35	6458
annadel	4/11/2006	20:38:07	6459
annadel	4/11/2006	04:32.5	6460
annadel	4/11/2006	21:13:46	6461
annadel	4/11/2006	21:29:08	6462
annadel	4/11/2006	21:39:52	6463
annadel	4/11/2006	21:51:03	6464
annadel	4/11/2006	22:13:06	6465
annadel	4/11/2006	22:17:43	6466
annadel	4/11/2006	23:44.5	6467
annadel	4/11/2006	28:12.5	6468
annadel	4/11/2006	22:35:33	6469
annadel	4/11/2006	41:07.5	6470
annadel	4/11/2006	52:25.5	6471
annadel	4/11/2006	22:56:41	6472
annadel	4/11/2006	23:00:19	6473
annadel	4/11/2006	23:03:27	6474
annadel	4/11/2006	08:20.5	6475
annadel	4/11/2006	12:56.5	6476
annadel	4/11/2006	23:19:50	6477
annadel	4/11/2006	23:25:25	6478
annadel	4/11/2006	23:31:08	6479
annadel	4/11/2006	23:36:07	6480
annadel	4/11/2006	44:06.5	6481
annadel	4/11/2006	23:51:43	6482
annadel	4/12/2006	02:22.5	6483
annadel	4/12/2006	0:08:01	6484
annadel	4/12/2006	15:06.5	6485
annadel	4/12/2006	24:50.5	6486
annadel	4/12/2006	0:48:32	6487
annadel	4/12/2006	1:19:37	6488
annadel	4/12/2006	42:24.5	6489
annadel	4/12/2006	52:19.5	6490
annadel	4/12/2006	2:00:21	6491
annadel	4/12/2006	07:14.5	6492
annadel	4/12/2006	14:55.5	6493
annadel	4/12/2006	24:50.5	6494
annadel	4/12/2006	40:27.5	6495
annadel	4/12/2006	2:52:42	6496
annadel	4/12/2006	3:15:29	6497
annadel	4/12/2006	42:51.5	6498
annadel	4/12/2006	10:17.5	6499
annadel	4/12/2006	4:32:05	6500
annadel	4/12/2006	04:19.5	6501
annadel	4/12/2006	41:13.5	6502
annadel	4/12/2006	09:05.5	6503
annadel	4/12/2006	6:22:54	6504
annadel	4/12/2006	6:59:12	6505
annadel	4/12/2006	8:01:02	6506
annadel	4/12/2006	49:07.5	6507
annadel	4/12/2006	13:31:08	6508
annadel	4/12/2006	59:44.5	6509
annadel	4/12/2006	12:27.5	6510
annadel	4/12/2006	14:23:28	6511
annadel	4/12/2006	14:30:06	6512
annadel	4/12/2006	36:06.5	6513
annadel	4/12/2006	43:21.5	6514
annadel	4/12/2006	14:49:41	6515
annadel	4/12/2006	55:56.5	6516
annadel	4/12/2006	04:22.5	6517
annadel	4/12/2006	15:11:20	6518
annadel	4/12/2006	20:36.5	6519
annadel	4/12/2006	29:33.5	6520
annadel	4/12/2006	15:42:46	6521
annadel	4/12/2006	15:52:07	6522
annadel	4/12/2006	16:08:13	6523
annadel	4/12/2006	16:30:12	6524
annadel	4/14/2006	15:57.5	6525
annadel	4/14/2006	3:40:55	6526
annadel	4/15/2006	09:52.5	6527
annadel	4/15/2006	39:10.5	6528
annadel	4/15/2006	52:32.5	6529
annadel	4/15/2006	04:57.5	6530
annadel	4/15/2006	08:35.5	6531
annadel	4/15/2006	15:54.5	6532
annadel	4/15/2006	6:25:31	6533
annadel	4/15/2006	38:31.5	6534
annadel	4/15/2006	44:22.5	6535
annadel	4/15/2006	57:28.5	6536
annadel	4/15/2006	7:52:04	6537
annadel	4/15/2006	23:02.5	6538
annadel	4/15/2006	13:23:00	6539
annadel	4/15/2006	20:31.5	6540
annadel	4/15/2006	25:21.5	6541
annadel	4/15/2006	17:53:33	6542
annadel	4/15/2006	56:36.5	6543
annadel	4/15/2006	48:00.5	6544
annadel	4/15/2006	40:25.5	6545
annadel	4/15/2006	22:43:42	6546
annadel	4/15/2006	22:46:33	6547
annadel	4/15/2006	48:07.5	6548
annadel	4/15/2006	50:26.5	6549
annadel	4/15/2006	52:41.5	6550
annadel	4/15/2006	57:09.5	6551
annadel	4/15/2006	23:03:12	6552
annadel	4/15/2006	09:52.5	6553
annadel	4/15/2006	13:15.5	6554
annadel	4/15/2006	23:21:55	6555
annadel	4/15/2006	23:26:04	6556
annadel	4/15/2006	31:55.5	6557
annadel	4/15/2006	23:37:42	6558
annadel	4/15/2006	23:55:02	6559
annadel	4/16/2006	0:15:58	6560
annadel	4/16/2006	41:10.5	6561
annadel	4/16/2006	1:40:55	6562
annadel	4/16/2006	49:15.5	6563
annadel	4/16/2006	1:52:41	6564
annadel	4/16/2006	54:54.5	6565
annadel	4/16/2006	1:56:55	6566
annadel	4/16/2006	1:59:16	6567
annadel	4/16/2006	2:02:02	6568
annadel	4/16/2006	2:05:16	6569
annadel	4/16/2006	2:07:41	6570
annadel	4/16/2006	2:12:14	6571
annadel	4/16/2006	2:25:24	6572
annadel	4/16/2006	27:26.5	6573
annadel	4/16/2006	2:32:37	6574
annadel	4/16/2006	2:41:44	6575
annadel	4/16/2006	44:17.5	6576
annadel	4/16/2006	2:46:46	6577
annadel	4/16/2006	50:09.5	6578
annadel	4/16/2006	53:33.5	6579
annadel	4/16/2006	2:57:18	6580
annadel	4/16/2006	01:34.5	6581
annadel	4/16/2006	3:04:04	6582
annadel	4/16/2006	07:16.5	6583
annadel	4/16/2006	09:27.5	6584
annadel	4/16/2006	13:05.5	6585
annadel	4/16/2006	18:42.5	6586
annadel	4/16/2006	4:17:04	6587
annadel	4/16/2006	28:56.5	6588
annadel	4/16/2006	4:40:30	6589
annadel	4/16/2006	4:43:57	6590
annadel	4/16/2006	49:13.5	6591
annadel	4/16/2006	58:13.5	6592
annadel	4/16/2006	06:49.5	6593
annadel	4/16/2006	5:10:52	6594
annadel	4/16/2006	5:17:03	6595
annadel	4/16/2006	22:21.5	6596
annadel	4/16/2006	26:36.5	6597
annadel	4/16/2006	5:30:54	6598
annadel	4/16/2006	5:35:02	6599
annadel	4/16/2006	5:40:37	6600
annadel	4/16/2006	47:37.5	6601
annadel	4/16/2006	5:51:15	6602
annadel	4/16/2006	5:56:41	6603
annadel	4/16/2006	6:02:21	6604
annadel	4/16/2006	12:37.5	6605
annadel	4/16/2006	18:38.5	6606
annadel	4/16/2006	27:10.5	6607
annadel	4/16/2006	35:23.5	6608
annadel	4/16/2006	43:25.5	6609
annadel	4/16/2006	51:55.5	6610
annadel	4/16/2006	01:08.5	6611
annadel	4/16/2006	7:07:37	6612
annadel	4/16/2006	15:11.5	6613
annadel	4/16/2006	7:20:18	6614
annadel	4/16/2006	26:38.5	6615
annadel	4/16/2006	7:31:30	6616
annadel	4/16/2006	38:12.5	6617
annadel	4/16/2006	45:21.5	6618
annadel	4/16/2006	8:00:07	6619
annadel	4/16/2006	8:11:51	6620
annadel	4/16/2006	44:23.5	6621
annadel	4/16/2006	11:59.5	6622
annadel	4/16/2006	51:53.5	6623
annadel	4/16/2006	14:51:25	6624
annadel	4/16/2006	15:01:35	6625
annadel	4/16/2006	17:36:38	6626
annadel	4/16/2006	39:32.5	6627
annadel	4/16/2006	44:13.5	6628
annadel	4/16/2006	35:12.5	6629
annadel	4/16/2006	59:36.5	6630
annadel	4/16/2006	34:19.5	6631
annadel	4/17/2006	23:48.5	6632
annadel	4/24/2006	8:39:00	6633
annadel	5/19/2006	12:45:41	6634
annadel	5/19/2006	06:32.5	6635
annadel	5/19/2006	13:26:18	6636
annadel	5/19/2006	13:37:35	6637
annadel	5/19/2006	57:44.5	6638
annadel	5/19/2006	14:22:22	6639
annadel	5/19/2006	33:15.5	6640
annadel	5/19/2006	14:44:33	6641
annadel	5/19/2006	01:01.5	6642
annadel	5/19/2006	15:53:51	6643
annadel	5/19/2006	07:47.5	6644
annadel	5/19/2006	16:21:50	6645
annadel	5/19/2006	16:25:10	6646
annadel	5/19/2006	30:50.5	6647
annadel	5/19/2006	36:13.5	6648
annadel	5/19/2006	03:00.5	6649
annadel	5/19/2006	17:28:08	6650
annadel	5/19/2006	48:10.5	6651
annadel	5/19/2006	17:57:04	6652
annadel	5/19/2006	18:07:55	6653
annadel	5/19/2006	20:00.5	6654
annadel	5/19/2006	18:32:15	6655
annadel	5/19/2006	18:40:56	6656
annadel	5/19/2006	18:43:53	6657
annadel	5/19/2006	56:33.5	6658
annadel	5/19/2006	19:16:13	6659
annadel	5/21/2006	01:51.5	6660
annadel	5/21/2006	30:35.5	6661
annadel	5/21/2006	46:19.5	6662
annadel	5/21/2006	40:32.5	6663
annadel	5/21/2006	14:45:15	6664
annadel	5/21/2006	46:28.5	6665
annadel	5/21/2006	14:47:23	6666
annadel	5/21/2006	48:20.5	6667
annadel	5/21/2006	14:50:21	6668
annadel	5/21/2006	15:09:59	6669
annadel	5/21/2006	15:21:21	6670
annadel	5/21/2006	15:29:24	6671
annadel	5/21/2006	32:27.5	6672
annadel	5/21/2006	15:35:30	6673
annadel	5/21/2006	15:38:06	6674
annadel	5/21/2006	15:40:40	6675
annadel	5/21/2006	15:42:31	6676
annadel	5/21/2006	45:26.5	6677
annadel	5/21/2006	48:39.5	6678
annadel	5/21/2006	51:33.5	6679
annadel	5/21/2006	15:52:40	6680
annadel	5/21/2006	53:48.5	6681
annadel	5/21/2006	15:54:30	6682
annadel	5/21/2006	15:55:45	6683
annadel	5/21/2006	15:57:14	6684
annadel	5/21/2006	15:58:42	6685
annadel	5/21/2006	00:16.5	6686
annadel	5/21/2006	16:02:21	6687
annadel	5/21/2006	16:05:08	6688
annadel	5/21/2006	16:06:55	6689
annadel	5/21/2006	08:51.5	6690
annadel	5/21/2006	11:19.5	6691
annadel	5/21/2006	14:04.5	6692
annadel	5/21/2006	16:22:13	6693
annadel	5/21/2006	03:03.5	6694
annadel	5/21/2006	57:39.5	6695
annadel	5/21/2006	03:14.5	6696
annadel	5/21/2006	17:34.5	6697
annadel	5/21/2006	28:18.5	6698
annadel	5/21/2006	22:56:27	6699
annadel	5/21/2006	18:15.5	6700
annadel	5/22/2006	1:27:54	6701
annadel	5/23/2006	4:09:02	6702
annadel	5/24/2006	03:08.5	6703
annadel	5/24/2006	15:28.5	6704
annadel	5/24/2006	4:32:13	6705
annadel	5/24/2006	4:44:56	6706
annadel	5/24/2006	4:58:25	6707
annadel	5/24/2006	01:51.5	6708
annadel	5/24/2006	5:05:06	6709
annadel	5/24/2006	06:32.5	6710
annadel	5/24/2006	09:10.5	6711
annadel	5/24/2006	13:00.5	6712
annadel	5/24/2006	18:52.5	6713
annadel	5/24/2006	5:23:53	6714
annadel	5/24/2006	37:57.5	6715
annadel	6/12/2006	12:42:52	6716
annadel	6/14/2006	38:01.5	6717
annadel	10/4/2006	58:33.5	6718
annadel	10/4/2006	11:20:56	6719
annadel	10/4/2006	20:06:34	6720
annadel	10/4/2006	20:27:10	6721
annadel	10/4/2006	44:40.5	6722
annadel	10/4/2006	21:02:37	6723
annadel	10/4/2006	21:08:23	6724
annadel	10/4/2006	10:32.5	6725
annadel	10/4/2006	12:22.5	6726
annadel	10/4/2006	15:16.5	6727
annadel	10/4/2006	18:30.5	6728
annadel	10/4/2006	21:50.5	6729
annadel	10/4/2006	26:08.5	6730
annadel	10/4/2006	33:16.5	6731
annadel	10/4/2006	21:45:22	6732
annadel	10/4/2006	22:01:29	6733
annadel	10/4/2006	22:05:50	6734
annadel	10/4/2006	22:14:29	6735
annadel	10/4/2006	22:10.5	6736
annadel	10/4/2006	42:22.5	6737
annadel	10/4/2006	23:06:51	6738
annadel	10/4/2006	31:03.5	6739
annadel	10/4/2006	23:42:26	6740
annadel	10/4/2006	23:52:20	6741
annadel	10/5/2006	25:44.5	6742
annadel	10/5/2006	0:33:26	6743
annadel	10/5/2006	42:42.5	6744
annadel	10/5/2006	5:11:24	6745
annadel	10/5/2006	29:12.5	6746
annadel	10/5/2006	38:37.5	6747
annadel	10/5/2006	43:02.5	6748
annadel	10/5/2006	5:47:49	6749
annadel	10/5/2006	5:50:19	6750
annadel	10/5/2006	5:54:19	6751
annadel	10/5/2006	5:58:15	6752
annadel	10/5/2006	02:42.5	6753
annadel	10/5/2006	06:22.5	6754
annadel	10/5/2006	11:28.5	6755
annadel	10/5/2006	6:15:09	6756
annadel	10/5/2006	19:32.5	6757
annadel	10/5/2006	23:31.5	6758
annadel	10/5/2006	32:17.5	6759
annadel	10/5/2006	41:53.5	6760
annadel	10/5/2006	7:32:19	6761
annadel	10/5/2006	8:21:08	6762
annadel	10/5/2006	28:50.5	6763
annadel	10/5/2006	9:26:39	6764
annadel	10/5/2006	9:57:37	6765
annadel	10/5/2006	10:04:20	6766
annadel	10/5/2006	08:57.5	6767
annadel	10/5/2006	14:05.5	6768
annadel	10/5/2006	10:20:13	6769
annadel	10/5/2006	24:22.5	6770
annadel	10/5/2006	10:29:06	6771
annadel	10/5/2006	33:03.5	6772
annadel	10/5/2006	39:18.5	6773
annadel	10/5/2006	10:44:27	6774
annadel	10/5/2006	54:55.5	6775
annadel	10/5/2006	11:01:19	6776
annadel	10/5/2006	11:00.5	6777
annadel	10/16/2006	1:52:43	6778
annadel	10/16/2006	2:54:17	6779
annadel	10/16/2006	3:36:37	6780
annadel	10/16/2006	4:26:10	6781
annadel	10/16/2006	34:37.5	6782
annadel	10/16/2006	51:42.5	6783
annadel	10/16/2006	6:18:38	6784
annadel	11/1/2006	44:58.5	6785
annadel	11/1/2006	23:54:52	6786
annadel	11/1/2006	23:58:48	6787
annadel	11/2/2006	09:55.5	6788
annadel	11/2/2006	42:16.5	6789
annadel	11/2/2006	2:05:36	6790
annadel	11/2/2006	2:18:48	6791
annadel	11/2/2006	21:36.5	6792
annadel	11/2/2006	26:49.5	6793
annadel	11/2/2006	37:53.5	6794
annadel	11/2/2006	2:45:56	6795
annadel	11/2/2006	54:33.5	6796
annadel	11/2/2006	15:08.5	6797
annadel	11/2/2006	4:14:18	6798
annadel	11/2/2006	02:35.5	6799
annadel	11/2/2006	36:14.5	6800
annadel	11/2/2006	40:19.5	6801
annadel	11/2/2006	7:42:10	6802
annadel	11/2/2006	43:47.5	6803
annadel	11/2/2006	7:46:26	6804
annadel	11/2/2006	14:24.5	6805
annadel	11/2/2006	8:18:57	6806
annadel	11/2/2006	8:21:13	6807
annadel	11/2/2006	23:24.5	6808
annadel	11/2/2006	8:37:28	6809
annadel	11/2/2006	42:38.5	6810
annadel	11/2/2006	14:47.5	6811
annadel	11/2/2006	18:13.5	6812
annadel	11/2/2006	10:22:01	6813
annadel	11/2/2006	10:25:52	6814
annadel	11/2/2006	10:29:35	6815
annadel	11/2/2006	32:20.5	6816
annadel	11/2/2006	36:49.5	6817
annadel	11/2/2006	47:50.5	6818
annadel	11/2/2006	10:55:30	6819
annadel	11/2/2006	11:00:05	6820
annadel	11/2/2006	02:05.5	6821
annadel	11/2/2006	04:08.5	6822
annadel	11/2/2006	11:07:05	6823
annadel	11/2/2006	11:10:31	6824
annadel	11/2/2006	16:32.5	6825
annadel	11/2/2006	11:21:13	6826
annadel	11/2/2006	11:25:30	6827
annadel	11/2/2006	11:32:56	6828
annadel	11/2/2006	12:38:54	6829
annadel	11/2/2006	42:16.5	6830
annadel	11/2/2006	45:55.5	6831
annadel	11/2/2006	47:48.5	6832
annadel	11/2/2006	12:49:06	6833
annadel	11/2/2006	50:02.5	6834
annadel	11/2/2006	12:51:24	6835
annadel	11/2/2006	12:52:34	6836
annadel	11/2/2006	54:28.5	6837
annadel	11/2/2006	12:56:28	6838
annadel	11/2/2006	13:02:08	6839
annadel	11/2/2006	13:05:37	6840
annadel	11/2/2006	07:58.5	6841
annadel	11/2/2006	09:19.5	6842
annadel	11/2/2006	13:10:46	6843
annadel	11/2/2006	13:11:55	6844
annadel	11/2/2006	13:13:45	6845
annadel	11/2/2006	13:14:42	6846
annadel	11/2/2006	13:15:57	6847
annadel	11/2/2006	17:00.5	6848
annadel	11/2/2006	13:18:08	6849
annadel	11/2/2006	13:18:39	6850
annadel	11/2/2006	19:27.5	6851
annadel	11/2/2006	13:20:07	6852
annadel	11/2/2006	13:21:20	6853
annadel	11/2/2006	22:20.5	6854
annadel	11/2/2006	13:23:23	6855
annadel	11/2/2006	24:21.5	6856
annadel	11/2/2006	13:26:01	6857
annadel	11/2/2006	13:27:07	6858
annadel	11/2/2006	13:28:37	6859
annadel	11/2/2006	29:45.5	6860
annadel	11/2/2006	31:14.5	6861
annadel	11/2/2006	32:49.5	6862
annadel	11/2/2006	13:34:33	6863
annadel	11/2/2006	13:35:30	6864
annadel	11/2/2006	37:37.5	6865
annadel	11/2/2006	13:38:46	6866
annadel	11/2/2006	40:18.5	6867
annadel	11/2/2006	41:27.5	6868
annadel	11/2/2006	13:43:55	6869
annadel	11/2/2006	45:41.5	6870
annadel	11/2/2006	13:48:24	6871
annadel	11/2/2006	49:28.5	6872
annadel	11/2/2006	13:50:37	6873
annadel	11/2/2006	13:51:14	6874
annadel	11/2/2006	52:20.5	6875
annadel	11/2/2006	13:53:05	6876
annadel	11/2/2006	13:54:44	6877
annadel	11/2/2006	56:00.5	6878
annadel	11/2/2006	13:59:02	6879
annadel	11/2/2006	14:00:20	6880
annadel	11/2/2006	14:02:12	6881
annadel	11/2/2006	04:05.5	6882
annadel	11/2/2006	06:03.5	6883
annadel	11/2/2006	14:07:25	6884
annadel	11/2/2006	10:47.5	6885
annadel	11/2/2006	14:56.5	6886
annadel	11/2/2006	18:38.5	6887
annadel	11/2/2006	14:21:09	6888
annadel	11/2/2006	31:42.5	6889
annadel	11/2/2006	14:48:48	6890
annadel	11/2/2006	14:57:22	6891
annadel	11/2/2006	00:34.5	6892
annadel	11/2/2006	15:07:09	6893
annadel	11/2/2006	15:17:39	6894
annadel	11/2/2006	18:07:23	6895
annadel	11/2/2006	05:54.5	6896
annadel	11/3/2006	10:18.5	6897
annadel	11/8/2006	49:19.5	6898
annadel	11/8/2006	10:56.5	6899
annadel	11/8/2006	4:36:03	6900
annadel	11/8/2006	5:28:07	6901
annadel	11/11/2006	33:33.5	6902
annadel	11/11/2006	39:48.5	6903
annadel	11/11/2006	42:58.5	6904
annadel	11/11/2006	47:19.5	6905
annadel	11/11/2006	2:51:08	6906
annadel	11/11/2006	55:57.5	6907
annadel	11/11/2006	2:59:14	6908
annadel	11/11/2006	03:43.5	6909
annadel	11/11/2006	3:07:39	6910
annadel	11/11/2006	14:13.5	6911
annadel	11/11/2006	19:22.5	6912
annadel	11/11/2006	28:33.5	6913
annadel	11/11/2006	39:54.5	6914
annadel	11/11/2006	57:59.5	6915
annadel	11/11/2006	4:03:44	6916
annadel	11/11/2006	07:36.5	6917
annadel	11/11/2006	4:10:24	6918
annadel	11/11/2006	4:14:12	6919
annadel	11/11/2006	4:19:44	6920
annadel	11/11/2006	4:23:34	6921
annadel	11/11/2006	4:26:49	6922
annadel	11/11/2006	31:12.5	6923
annadel	11/11/2006	34:21.5	6924
annadel	11/11/2006	4:37:20	6925
annadel	11/11/2006	40:15.5	6926
annadel	11/11/2006	4:42:49	6927
annadel	11/11/2006	44:58.5	6928
annadel	11/11/2006	47:56.5	6929
annadel	11/11/2006	4:51:40	6930
annadel	11/11/2006	4:54:14	6931
annadel	11/11/2006	4:56:39	6932
annadel	11/11/2006	5:00:33	6933
annadel	11/11/2006	5:04:19	6934
annadel	11/11/2006	5:08:03	6935
annadel	11/11/2006	5:11:06	6936
annadel	11/11/2006	5:13:48	6937
annadel	11/11/2006	16:37.5	6938
annadel	11/11/2006	21:58.5	6939
annadel	11/11/2006	38:04.5	6940
annadel	11/11/2006	48:53.5	6941
annadel	11/11/2006	59:49.5	6942
annadel	11/11/2006	12:51.5	6943
annadel	11/11/2006	16:36.5	6944
annadel	11/11/2006	6:23:49	6945
annadel	11/11/2006	6:32:59	6946
annadel	11/11/2006	6:47:47	6947
annadel	11/11/2006	18:40.5	6948
annadel	11/11/2006	27:37.5	6949
annadel	11/12/2006	23:05:34	6950
annadel	11/12/2006	11:57.5	6951
annadel	11/12/2006	23:41:58	6952
annadel	11/12/2006	23:54:16	6953
annadel	11/13/2006	0:02:23	6954
annadel	11/13/2006	10:03.5	6955
annadel	11/13/2006	12:57.5	6956
annadel	11/13/2006	17:06.5	6957
annadel	11/13/2006	0:37:16	6958
annadel	11/13/2006	42:47.5	6959
annadel	11/13/2006	0:45:46	6960
annadel	11/13/2006	50:04.5	6961
annadel	11/13/2006	0:54:05	6962
annadel	11/13/2006	06:01.5	6963
annadel	11/13/2006	1:12:51	6964
annadel	11/13/2006	1:24:15	6965
annadel	11/13/2006	1:29:12	6966
annadel	11/13/2006	1:46:34	6967
annadel	11/13/2006	2:14:43	6968
annadel	11/13/2006	2:29:05	6969
annadel	11/13/2006	2:35:43	6970
annadel	11/13/2006	39:22.5	6971
annadel	11/13/2006	2:44:21	6972
annadel	11/13/2006	2:59:48	6973
annadel	11/13/2006	43:35.5	6974
annadel	11/13/2006	3:57:42	6975
annadel	11/13/2006	08:45.5	6976
annadel	11/13/2006	4:41:57	6977
annadel	11/13/2006	5:00:25	6978
annadel	11/13/2006	5:12:57	6979
annadel	11/13/2006	26:11.5	6980
annadel	11/13/2006	40:54.5	6981
annadel	11/13/2006	56:15.5	6982
annadel	11/13/2006	6:12:43	6983
annadel	11/13/2006	6:27:14	6984
annadel	11/13/2006	6:51:27	6985
annadel	11/13/2006	06:22.5	6986
annadel	11/13/2006	23:47.5	6987
annadel	11/13/2006	34:44.5	6988
annadel	11/13/2006	57:24.5	6989
annadel	11/13/2006	8:12:01	6990
annadel	11/13/2006	9:25:44	6991
annadel	11/13/2006	9:41:54	6992
annadel	11/13/2006	10:02:32	6993
annadel	11/13/2006	53:35.5	6994
annadel	11/13/2006	11:29:29	6995
annadel	11/13/2006	12:01:09	6996
annadel	11/13/2006	10:36.5	6997
annadel	11/13/2006	12:20:07	6998
annadel	11/13/2006	49:17.5	6999
annadel	11/13/2006	08:24.5	7000
annadel	11/13/2006	24:08.5	7001
annadel	11/13/2006	13:34:28	7002
annadel	11/13/2006	13:46:27	7003
annadel	11/13/2006	14:08:43	7004
annadel	11/13/2006	14:39:38	7005
annadel	11/13/2006	15:01:48	7006
annadel	11/13/2006	14:09.5	7007
annadel	11/13/2006	15:16:50	7008
annadel	11/13/2006	19:08.5	7009
annadel	11/13/2006	21:34.5	7010
annadel	11/13/2006	15:23:22	7011
annadel	11/13/2006	15:24:12	7012
annadel	11/13/2006	25:31.5	7013
annadel	11/13/2006	26:13.5	7014
annadel	11/13/2006	26:59.5	7015
annadel	11/13/2006	27:29.5	7016
annadel	11/13/2006	28:08.5	7017
annadel	11/13/2006	15:28:55	7018
annadel	11/13/2006	30:44.5	7019
annadel	11/13/2006	15:33:58	7020
annadel	11/13/2006	15:57:07	7021
annadel	11/13/2006	00:52.5	7022
annadel	11/13/2006	01:56.5	7023
annadel	11/13/2006	02:22.5	7024
annadel	11/13/2006	05:19.5	7025
annadel	11/13/2006	16:38:30	7026
annadel	11/13/2006	16:40:36	7027
annadel	11/13/2006	42:25.5	7028
annadel	11/13/2006	16:43:44	7029
annadel	11/13/2006	16:45:10	7030
annadel	11/13/2006	16:48:14	7031
annadel	11/13/2006	16:51:15	7032
annadel	11/13/2006	54:22.5	7033
annadel	11/13/2006	56:28.5	7034
annadel	11/13/2006	58:23.5	7035
annadel	11/13/2006	00:09.5	7036
annadel	11/13/2006	04:32.5	7037
annadel	11/13/2006	17:02.5	7038
annadel	11/13/2006	17:46:24	7039
annadel	11/13/2006	17:51:56	7040
annadel	11/13/2006	17:57:20	7041
annadel	11/13/2006	12:10.5	7042
annadel	11/13/2006	40:17.5	7043
annadel	11/13/2006	01:10.5	7044
annadel	11/13/2006	19:05:38	7045
annadel	11/13/2006	08:43.5	7046
annadel	11/13/2006	19:20:11	7047
annadel	11/13/2006	34:27.5	7048
annadel	11/13/2006	20:56:46	7049
annadel	11/13/2006	21:20:36	7050
annadel	11/14/2006	48:28.5	7051
annadel	11/16/2006	5:35:31	7052
annadel	11/16/2006	6:12:12	7053
annadel	11/16/2006	36:11.5	7054
annadel	11/16/2006	56:10.5	7055
annadel	11/16/2006	36:12.5	7056
annadel	11/16/2006	8:04:57	7057
annadel	11/16/2006	8:26:47	7058
annadel	11/16/2006	48:18.5	7059
annadel	11/16/2006	11:13.5	7060
annadel	11/16/2006	9:40:42	7061
annadel	11/16/2006	10:10:59	7062
annadel	11/16/2006	11:22:50	7063
annadel	11/16/2006	37:29.5	7064
annadel	11/16/2006	49:32.5	7065
annadel	11/16/2006	19:24:34	7066
annadel	11/16/2006	22:20:08	7067
annadel	11/17/2006	3:33:51	7068
annadel	11/22/2006	49:15.5	7069
annadel	11/22/2006	20:53:53	7070
annadel	11/22/2006	20:57:36	7071
annadel	11/22/2006	01:43.5	7072
annadel	11/22/2006	21:15:24	7073
annadel	11/22/2006	21:24:26	7074
annadel	11/22/2006	31:55.5	7075
annadel	11/22/2006	23:23.5	7076
annadel	11/26/2006	10:54:04	7077
annadel	11/26/2006	11:05:41	7078
annadel	11/26/2006	11:14:09	7079
annadel	11/26/2006	11:19:07	7080
annadel	11/26/2006	11:25:52	7081
annadel	11/26/2006	11:30:21	7082
annadel	11/26/2006	37:15.5	7083
annadel	11/26/2006	11:43:05	7084
annadel	11/26/2006	48:13.5	7085
annadel	11/26/2006	55:38.5	7086
annadel	11/26/2006	05:47.5	7087
annadel	11/26/2006	12:11:32	7088
annadel	11/26/2006	12:22:00	7089
annadel	11/26/2006	33:48.5	7090
annadel	11/26/2006	12:38:31	7091
annadel	11/26/2006	12:42:50	7092
annadel	11/26/2006	12:51:34	7093
annadel	11/26/2006	13:03:15	7094
annadel	11/26/2006	13:12:10	7095
annadel	11/26/2006	18:46.5	7096
annadel	11/26/2006	13:34:12	7097
annadel	11/26/2006	43:52.5	7098
annadel	11/26/2006	48:09.5	7099
annadel	11/26/2006	13:55:25	7100
annadel	11/26/2006	14:03:29	7101
annadel	11/26/2006	14:16:30	7102
annadel	11/26/2006	29:26.5	7103
annadel	11/26/2006	14:31:19	7104
annadel	11/26/2006	33:29.5	7105
annadel	11/26/2006	35:19.5	7106
annadel	11/26/2006	14:39:14	7107
annadel	11/26/2006	14:41:09	7108
annadel	11/26/2006	14:42:57	7109
annadel	11/26/2006	44:20.5	7110
annadel	11/26/2006	14:46:05	7111
annadel	11/26/2006	47:49.5	7112
annadel	11/26/2006	14:49:36	7113
annadel	11/26/2006	50:59.5	7114
annadel	11/26/2006	52:08.5	7115
annadel	11/26/2006	14:54:02	7116
annadel	11/26/2006	14:56:04	7117
annadel	11/26/2006	14:57:25	7118
annadel	11/26/2006	58:45.5	7119
annadel	11/26/2006	00:12.5	7120
annadel	11/26/2006	01:40.5	7121
annadel	11/26/2006	15:03:08	7122
annadel	11/26/2006	15:04:39	7123
annadel	11/26/2006	05:56.5	7124
annadel	11/26/2006	07:40.5	7125
annadel	11/26/2006	08:50.5	7126
annadel	11/26/2006	09:55.5	7127
annadel	11/26/2006	15:10:57	7128
annadel	11/26/2006	15:11:56	7129
annadel	11/26/2006	13:47.5	7130
annadel	11/26/2006	16:16.5	7131
annadel	11/26/2006	17:28.5	7132
annadel	11/26/2006	15:19:04	7133
annadel	11/26/2006	21:24.5	7134
annadel	11/26/2006	30:29.5	7135
annadel	11/26/2006	15:31:07	7136
annadel	11/26/2006	15:31:49	7137
annadel	11/26/2006	15:32:19	7138
annadel	11/26/2006	15:32:38	7139
annadel	11/26/2006	15:32:59	7140
annadel	11/26/2006	15:33:42	7141
annadel	11/26/2006	37:14.5	7142
annadel	11/27/2006	0:18:31	7143
annadel	11/27/2006	0:41:26	7144
annadel	11/27/2006	14:04.5	7145
annadel	11/27/2006	03:12.5	7146
annadel	11/27/2006	13:02:21	7147
annadel	11/27/2006	13:08:49	7148
annadel	12/8/2006	37:53.5	7149
annadel	12/8/2006	25:09.5	7150
annadel	12/8/2006	17:31.5	7151
annadel	12/8/2006	19:39:47	7152
annadel	12/8/2006	19:55:34	7153
annadel	12/8/2006	20:05:37	7154
annadel	12/8/2006	11:49.5	7155
annadel	12/8/2006	20:18:06	7156
annadel	12/8/2006	32:18.5	7157
annadel	12/8/2006	20:37:57	7158
annadel	12/8/2006	20:40:54	7159
annadel	12/8/2006	20:44:59	7160
annadel	12/8/2006	51:49.5	7161
annadel	12/8/2006	57:24.5	7162
annadel	12/8/2006	21:03:19	7163
annadel	12/8/2006	21:06:04	7164
annadel	12/8/2006	21:08:56	7165
annadel	12/8/2006	12:00.5	7166
annadel	12/8/2006	17:39.5	7167
annadel	12/8/2006	25:29.5	7168
annadel	12/8/2006	31:11.5	7169
annadel	12/8/2006	21:37:44	7170
annadel	12/8/2006	21:42:13	7171
annadel	12/8/2006	21:47:28	7172
annadel	12/8/2006	21:53:41	7173
annadel	12/8/2006	57:30.5	7174
annadel	12/8/2006	03:20.5	7175
annadel	12/8/2006	07:07.5	7176
annadel	12/8/2006	17:08.5	7177
annadel	12/8/2006	22:29:50	7178
annadel	12/8/2006	46:16.5	7179
annadel	12/8/2006	23:08:38	7180
annadel	12/8/2006	13:07.5	7181
annadel	12/8/2006	23:19:17	7182
annadel	12/8/2006	23:27:21	7183
annadel	12/9/2006	00:12.5	7184
annadel	12/9/2006	03:38.5	7185
annadel	12/9/2006	0:11:08	7186
annadel	12/9/2006	18:01.5	7187
annadel	12/9/2006	0:24:20	7188
annadel	12/9/2006	0:29:53	7189
annadel	12/9/2006	32:01.5	7190
annadel	12/9/2006	0:36:02	7191
annadel	12/9/2006	0:39:53	7192
annadel	12/9/2006	14:10.5	7193
annadel	12/9/2006	16:47.5	7194
annadel	12/9/2006	22:43.5	7195
annadel	12/9/2006	29:53.5	7196
annadel	12/9/2006	48:38.5	7197
annadel	12/9/2006	2:06:51	7198
annadel	12/9/2006	2:56:23	7199
annadel	12/9/2006	21:47.5	7200
annadel	12/9/2006	43:21.5	7201
annadel	12/9/2006	6:28:09	7202
annadel	12/9/2006	55:30.5	7203
annadel	12/9/2006	16:54:43	7204
annadel	12/9/2006	16:58:26	7205
annadel	12/9/2006	00:47.5	7206
annadel	12/9/2006	17:04:19	7207
annadel	12/9/2006	17:09:11	7208
annadel	12/9/2006	14:33.5	7209
annadel	12/9/2006	18:07.5	7210
annadel	12/9/2006	21:54.5	7211
annadel	12/9/2006	17:24:35	7212
annadel	12/9/2006	17:27:20	7213
annadel	12/9/2006	17:29:19	7214
annadel	12/9/2006	17:31:16	7215
annadel	12/9/2006	33:30.5	7216
annadel	12/9/2006	17:35:52	7217
annadel	12/9/2006	17:38:09	7218
annadel	12/9/2006	40:00.5	7219
annadel	12/9/2006	17:41:53	7220
annadel	12/9/2006	44:45.5	7221
annadel	12/9/2006	47:24.5	7222
annadel	12/9/2006	17:50:05	7223
annadel	12/9/2006	52:57.5	7224
annadel	12/9/2006	17:56:41	7225
annadel	12/9/2006	59:23.5	7226
annadel	12/9/2006	18:02:47	7227
annadel	12/9/2006	18:06:32	7228
annadel	12/9/2006	09:53.5	7229
annadel	12/9/2006	18:12:13	7230
annadel	12/9/2006	18:15:08	7231
annadel	12/9/2006	18:17:26	7232
annadel	12/9/2006	21:53.5	7233
annadel	12/9/2006	29:13.5	7234
annadel	12/9/2006	18:34:19	7235
annadel	12/9/2006	18:38:13	7236
annadel	12/9/2006	42:41.5	7237
annadel	12/9/2006	18:46:38	7238
annadel	12/9/2006	51:14.5	7239
annadel	12/9/2006	18:54:07	7240
annadel	12/9/2006	18:58:27	7241
annadel	12/9/2006	01:08.5	7242
annadel	12/9/2006	19:05:04	7243
annadel	12/9/2006	19:07:17	7244
annadel	12/9/2006	10:52.5	7245
annadel	12/9/2006	19:15:26	7246
annadel	12/9/2006	19:19:27	7247
annadel	12/9/2006	19:22:16	7248
annadel	12/9/2006	26:48.5	7249
annadel	12/9/2006	29:42.5	7250
annadel	12/9/2006	19:32:19	7251
annadel	12/9/2006	36:18.5	7252
annadel	12/9/2006	40:31.5	7253
annadel	12/9/2006	19:45:23	7254
annadel	12/9/2006	49:28.5	7255
annadel	12/9/2006	19:52:04	7256
annadel	12/9/2006	55:07.5	7257
annadel	12/9/2006	19:56:30	7258
annadel	12/9/2006	58:26.5	7259
annadel	12/9/2006	20:00:41	7260
annadel	12/9/2006	10:13.5	7261
annadel	12/9/2006	13:42.5	7262
annadel	12/9/2006	14:56.5	7263
annadel	12/9/2006	15:23.5	7264
annadel	12/9/2006	16:23.5	7265
annadel	12/9/2006	18:00.5	7266
annadel	12/9/2006	20:20:14	7267
annadel	12/9/2006	22:53.5	7268
annadel	12/9/2006	39:42.5	7269
annadel	12/10/2006	0:50:38	7270
annadel	12/10/2006	1:55:35	7271
annadel	12/10/2006	58:30.5	7272
annadel	12/10/2006	14:20.5	7273
annadel	12/10/2006	6:16:32	7274
annadel	12/10/2006	6:18:17	7275
annadel	12/10/2006	20:28.5	7276
annadel	12/10/2006	26:14.5	7277
annadel	12/10/2006	28:20.5	7278
annadel	12/10/2006	6:29:54	7279
annadel	12/10/2006	31:02.5	7280
annadel	12/10/2006	32:38.5	7281
annadel	12/10/2006	6:34:14	7282
annadel	12/10/2006	6:36:23	7283
annadel	12/10/2006	38:06.5	7284
annadel	12/10/2006	41:07.5	7285
annadel	12/10/2006	44:47.5	7286
annadel	12/10/2006	50:43.5	7287
annadel	12/10/2006	7:14:27	7288
annadel	12/10/2006	7:18:45	7289
annadel	12/10/2006	20:19.5	7290
annadel	12/10/2006	7:47:14	7291
annadel	12/10/2006	8:27:27	7292
annadel	12/10/2006	49:43.5	7293
annadel	12/10/2006	58:14.5	7294
annadel	12/10/2006	03:11.5	7295
annadel	12/10/2006	9:07:54	7296
annadel	12/10/2006	18:13.5	7297
annadel	12/10/2006	9:48:50	7298
annadel	12/10/2006	10:02:20	7299
annadel	12/11/2006	13:25:22	7300
annadel	12/11/2006	38:32.5	7301
annadel	12/11/2006	13:46:00	7302
annadel	12/11/2006	13:55:48	7303
annadel	12/11/2006	31:30.5	7304
annadel	12/11/2006	15:19:35	7305
annadel	12/11/2006	45:09.5	7306
annadel	12/11/2006	19:58:17	7307
annadel	12/11/2006	20:20:28	7308
annadel	12/11/2006	20:31:08	7309
annadel	12/11/2006	20:33:28	7310
annadel	12/11/2006	36:09.5	7311
annadel	12/11/2006	20:38:32	7312
annadel	12/11/2006	20:41:33	7313
annadel	12/11/2006	43:30.5	7314
annadel	12/11/2006	20:45:20	7315
annadel	12/11/2006	46:39.5	7316
annadel	12/11/2006	48:54.5	7317
annadel	12/11/2006	51:12.5	7318
annadel	12/11/2006	20:55:30	7319
annadel	12/11/2006	20:58:12	7320
annadel	12/11/2006	01:17.5	7321
annadel	12/11/2006	21:04:47	7322
annadel	12/11/2006	21:07:55	7323
annadel	12/11/2006	10:14.5	7324
annadel	12/11/2006	12:13.5	7325
annadel	12/11/2006	13:36.5	7326
annadel	12/11/2006	21:15:30	7327
annadel	12/11/2006	16:38.5	7328
annadel	12/11/2006	21:18:23	7329
annadel	12/11/2006	21:19:44	7330
annadel	12/11/2006	21:21:19	7331
annadel	12/11/2006	21:22:49	7332
annadel	12/11/2006	21:26:32	7333
annadel	12/11/2006	29:24.5	7334
annadel	12/11/2006	21:31:34	7335
annadel	12/11/2006	33:04.5	7336
annadel	12/11/2006	35:41.5	7337
annadel	12/11/2006	21:39:24	7338
annadel	12/11/2006	21:59:27	7339
annadel	12/11/2006	22:02:21	7340
annadel	12/11/2006	22:04:25	7341
annadel	12/11/2006	05:36.5	7342
annadel	12/11/2006	07:26.5	7343
annadel	12/11/2006	08:43.5	7344
annadel	12/11/2006	10:23.5	7345
annadel	12/11/2006	12:08.5	7346
annadel	12/11/2006	22:13:54	7347
annadel	12/11/2006	22:15:13	7348
annadel	12/11/2006	17:01.5	7349
annadel	12/11/2006	22:18:50	7350
annadel	12/11/2006	22:21:57	7351
annadel	12/11/2006	24:02.5	7352
annadel	12/11/2006	27:09.5	7353
annadel	12/11/2006	30:48.5	7354
annadel	12/11/2006	34:48.5	7355
annadel	12/11/2006	22:38:43	7356
annadel	12/11/2006	46:05.5	7357
annadel	12/11/2006	22:50:20	7358
annadel	12/11/2006	22:53:28	7359
annadel	12/11/2006	22:55:58	7360
annadel	12/11/2006	58:41.5	7361
annadel	12/11/2006	00:40.5	7362
annadel	12/11/2006	23:03:29	7363
annadel	12/11/2006	05:44.5	7364
annadel	12/11/2006	08:22.5	7365
annadel	12/11/2006	10:29.5	7366
annadel	12/11/2006	23:12:53	7367
annadel	12/11/2006	23:14:16	7368
annadel	12/11/2006	23:16:29	7369
annadel	12/11/2006	23:49.5	7370
annadel	12/11/2006	30:41.5	7371
annadel	12/11/2006	33:06.5	7372
annadel	12/11/2006	36:05.5	7373
annadel	12/11/2006	23:38:54	7374
annadel	12/11/2006	23:48:05	7375
annadel	12/11/2006	49:13.5	7376
annadel	12/11/2006	50:35.5	7377
annadel	12/11/2006	23:52:21	7378
annadel	12/11/2006	23:53:55	7379
annadel	12/11/2006	23:55:23	7380
annadel	12/11/2006	23:56:39	7381
annadel	12/11/2006	23:58:22	7382
annadel	12/11/2006	59:51.5	7383
annadel	12/12/2006	0:01:09	7384
annadel	12/12/2006	0:02:38	7385
annadel	12/12/2006	0:05:56	7386
annadel	12/12/2006	11:14.5	7387
annadel	12/12/2006	0:14:26	7388
annadel	12/12/2006	21:13.5	7389
annadel	12/12/2006	28:03.5	7390
annadel	12/12/2006	39:19.5	7391
annadel	12/12/2006	42:48.5	7392
annadel	12/12/2006	0:45:09	7393
annadel	12/12/2006	0:45:43	7394
annadel	12/12/2006	0:46:26	7395
annadel	12/12/2006	0:47:41	7396
annadel	12/12/2006	50:21.5	7397
annadel	12/12/2006	57:20.5	7398
annadel	12/12/2006	1:05:01	7399
annadel	12/12/2006	1:12:53	7400
annadel	12/12/2006	1:21:03	7401
annadel	12/12/2006	25:51.5	7402
annadel	12/12/2006	36:04.5	7403
annadel	12/12/2006	1:46:20	7404
annadel	12/12/2006	07:49.5	7405
annadel	12/12/2006	2:28:11	7406
annadel	12/12/2006	43:08.5	7407
annadel	12/12/2006	41:14.5	7408
annadel	12/12/2006	43:49.5	7409
annadel	12/12/2006	49:58.5	7410
annadel	12/12/2006	10:20.5	7411
annadel	12/12/2006	5:16:44	7412
annadel	12/12/2006	35:01.5	7413
annadel	12/12/2006	5:53:49	7414
annadel	12/12/2006	6:12:12	7415
annadel	12/12/2006	27:17.5	7416
annadel	12/12/2006	08:25.5	7417
annadel	12/12/2006	7:30:47	7418
annadel	12/12/2006	7:32:02	7419
annadel	12/12/2006	35:58.5	7420
annadel	12/12/2006	7:41:13	7421
annadel	12/12/2006	7:44:59	7422
annadel	12/12/2006	51:53.5	7423
annadel	12/12/2006	8:55:23	7424
annadel	12/12/2006	9:06:00	7425
annadel	12/12/2006	9:11:48	7426
annadel	12/12/2006	16:25.5	7427
annadel	12/12/2006	9:19:41	7428
annadel	12/12/2006	9:22:40	7429
annadel	12/12/2006	10:17:08	7430
annadel	12/12/2006	33:09.5	7431
annadel	12/12/2006	35:42.5	7432
annadel	12/12/2006	17:51:09	7433
annadel	12/13/2006	4:43:13	7434
annadel	12/13/2006	6:45:01	7435
annadel	12/13/2006	41:55.5	7436
annadel	12/13/2006	51:56.5	7437
annadel	12/13/2006	25:45.5	7438
annadel	12/13/2006	11:53:23	7439
annadel	12/13/2006	02:53.5	7440
annadel	12/13/2006	13:40:09	7441
annadel	12/13/2006	52:21.5	7442
annadel	12/13/2006	15:09:17	7443
annadel	12/13/2006	21:59.5	7444
annadel	12/13/2006	15:36:27	7445
annadel	12/13/2006	15:52:16	7446
annadel	12/13/2006	16:25:47	7447
annadel	12/13/2006	16:44:16	7448
annadel	12/13/2006	17:29:30	7449
annadel	12/13/2006	44:13.5	7450
annadel	12/13/2006	56:26.5	7451
annadel	12/14/2006	1:28:40	7452
annadel	12/14/2006	51:12.5	7453
annadel	12/14/2006	25:44.5	7454
annadel	12/14/2006	45:56.5	7455
annadel	12/14/2006	03:46.5	7456
annadel	12/14/2006	19:44.5	7457
annadel	12/14/2006	7:22:58	7458
annadel	12/14/2006	7:28:31	7459
annadel	12/14/2006	04:02.5	7460
annadel	12/14/2006	05:26.5	7461
annadel	12/14/2006	23:10:28	7462
annadel	12/14/2006	23:27:56	7463
annadel	12/14/2006	39:22.5	7464
annadel	12/14/2006	23:52:23	7465
annadel	12/15/2006	01:12.5	7466
annadel	12/15/2006	0:10:47	7467
annadel	12/15/2006	0:21:47	7468
annadel	12/15/2006	0:31:15	7469
annadel	12/15/2006	0:39:08	7470
annadel	12/15/2006	0:46:09	7471
annadel	12/15/2006	0:53:45	7472
annadel	12/15/2006	1:00:23	7473
annadel	12/15/2006	05:19.5	7474
annadel	12/15/2006	1:10:05	7475
annadel	12/15/2006	1:13:59	7476
annadel	12/15/2006	20:48.5	7477
annadel	12/15/2006	1:30:46	7478
annadel	12/15/2006	49:11.5	7479
annadel	12/15/2006	1:58:22	7480
annadel	12/15/2006	04:03.5	7481
annadel	12/15/2006	2:15:03	7482
annadel	12/15/2006	2:52:10	7483
annadel	12/15/2006	27:25.5	7484
annadel	12/21/2006	42:38.5	7485
annadel	12/21/2006	52:00.5	7486
annadel	12/21/2006	9:58:38	7487
annadel	12/21/2006	02:19.5	7488
annadel	12/21/2006	05:48.5	7489
annadel	12/21/2006	10:08:11	7490
annadel	12/21/2006	10:11:45	7491
annadel	12/21/2006	13:41.5	7492
annadel	12/21/2006	15:34.5	7493
annadel	12/21/2006	17:30.5	7494
annadel	12/21/2006	19:11.5	7495
annadel	12/21/2006	10:21:14	7496
annadel	12/21/2006	24:04.5	7497
annadel	12/21/2006	10:27:09	7498
annadel	12/21/2006	30:06.5	7499
annadel	12/21/2006	10:32:58	7500
annadel	12/21/2006	10:36:55	7501
annadel	12/21/2006	10:40:55	7502
annadel	12/21/2006	44:03.5	7503
annadel	12/21/2006	47:01.5	7504
annadel	12/21/2006	10:52:22	7505
annadel	12/21/2006	02:57.5	7506
annadel	12/21/2006	11:11:24	7507
annadel	12/21/2006	11:20:48	7508
annadel	12/21/2006	11:27:50	7509
annadel	12/21/2006	11:35:38	7510
annadel	12/21/2006	11:40:39	7511
annadel	12/21/2006	46:59.5	7512
annadel	12/21/2006	51:04.5	7513
annadel	12/21/2006	53:57.5	7514
annadel	12/21/2006	55:29.5	7515
annadel	12/21/2006	11:57:05	7516
annadel	12/21/2006	12:00:27	7517
annadel	12/21/2006	04:00.5	7518
annadel	12/21/2006	13:39.5	7519
annadel	12/21/2006	27:31.5	7520
annadel	12/21/2006	36:11.5	7521
annadel	12/21/2006	12:41:27	7522
annadel	12/21/2006	12:47:21	7523
annadel	12/21/2006	12:52:17	7524
annadel	12/21/2006	12:58:24	7525
annadel	12/21/2006	02:05.5	7526
annadel	12/21/2006	13:04:46	7527
annadel	12/21/2006	06:42.5	7528
annadel	12/21/2006	09:35.5	7529
annadel	12/21/2006	13:11.5	7530
annadel	12/21/2006	13:18:06	7531
annadel	12/21/2006	13:21:16	7532
annadel	12/21/2006	13:25:16	7533
annadel	12/21/2006	28:22.5	7534
annadel	12/21/2006	13:33:04	7535
annadel	12/21/2006	13:38:36	7536
annadel	12/21/2006	53:55.5	7537
annadel	12/21/2006	06:45.5	7538
annadel	12/21/2006	19:07.5	7539
annadel	12/21/2006	14:51:50	7540
annadel	12/21/2006	15:13:18	7541
annadel	12/21/2006	53:51.5	7542
annadel	12/21/2006	16:58:56	7543
annadel	12/21/2006	01:07.5	7544
annadel	12/21/2006	02:58.5	7545
annadel	12/21/2006	04:02.5	7546
annadel	12/21/2006	05:25.5	7547
annadel	12/21/2006	17:06:24	7548
annadel	12/21/2006	17:07:39	7549
annadel	12/21/2006	08:41.5	7550
annadel	12/21/2006	17:09:53	7551
annadel	12/21/2006	17:11:11	7552
annadel	12/21/2006	17:13:09	7553
annadel	12/21/2006	17:14:05	7554
annadel	12/21/2006	17:16:02	7555
annadel	12/21/2006	17:17:31	7556
annadel	12/21/2006	17:19:24	7557
annadel	12/21/2006	20:50.5	7558
annadel	12/21/2006	22:30.5	7559
annadel	12/21/2006	24:26.5	7560
annadel	12/21/2006	26:49.5	7561
annadel	12/21/2006	29:10.5	7562
annadel	12/21/2006	31:41.5	7563
annadel	12/21/2006	17:34:34	7564
annadel	12/21/2006	17:38:48	7565
annadel	12/21/2006	25:33.5	7566
annadel	12/21/2006	18:34:04	7567
annadel	12/21/2006	18:54:35	7568
annadel	12/22/2006	33:43.5	7569
annadel	12/26/2006	9:46:37	7570
annadel	12/26/2006	9:59:36	7571
annadel	12/26/2006	06:03.5	7572
annadel	12/26/2006	10:14:38	7573
annadel	12/26/2006	18:23.5	7574
annadel	12/26/2006	21:48.5	7575
annadel	12/26/2006	10:23:26	7576
annadel	12/26/2006	10:27:30	7577
annadel	12/26/2006	10:29:54	7578
annadel	12/26/2006	10:34:33	7579
annadel	12/26/2006	46:08.5	7580
annadel	12/26/2006	59:28.5	7581
annadel	12/26/2006	11:07:12	7582
annadel	12/26/2006	11:35:12	7583
annadel	12/26/2006	45:25.5	7584
annadel	12/26/2006	11:57:03	7585
annadel	12/26/2006	00:42.5	7586
annadel	12/26/2006	05:55.5	7587
annadel	12/26/2006	12:12:30	7588
annadel	12/26/2006	20:53.5	7589
annadel	12/26/2006	27:37.5	7590
annadel	12/26/2006	36:54.5	7591
annadel	12/26/2006	41:24.5	7592
annadel	12/26/2006	12:49:25	7593
annadel	12/26/2006	54:06.5	7594
annadel	12/26/2006	12:59:43	7595
annadel	12/26/2006	13:04:52	7596
annadel	12/26/2006	20:59.5	7597
annadel	12/26/2006	26:00.5	7598
annadel	12/26/2006	32:22.5	7599
annadel	12/26/2006	13:36:45	7600
annadel	12/26/2006	13:43:23	7601
annadel	12/26/2006	13:50:49	7602
annadel	12/26/2006	13:58:15	7603
annadel	12/26/2006	04:11.5	7604
annadel	12/26/2006	14:10:58	7605
annadel	12/26/2006	15:53.5	7606
annadel	12/26/2006	19:49.5	7607
annadel	12/26/2006	14:22:44	7608
annadel	12/26/2006	25:42.5	7609
annadel	12/26/2006	14:28:14	7610
annadel	12/26/2006	31:32.5	7611
annadel	12/26/2006	14:34:52	7612
annadel	12/26/2006	14:38:44	7613
annadel	12/26/2006	14:41:35	7614
annadel	12/26/2006	14:44:21	7615
annadel	12/26/2006	14:46:14	7616
annadel	12/26/2006	14:48:40	7617
annadel	12/26/2006	14:50:56	7618
annadel	12/26/2006	14:54:52	7619
annadel	12/26/2006	14:59:14	7620
annadel	12/26/2006	04:15.5	7621
annadel	12/26/2006	07:15.5	7622
annadel	12/26/2006	15:10:30	7623
annadel	12/26/2006	12:02.5	7624
annadel	12/26/2006	15:14:39	7625
annadel	12/26/2006	16:52.5	7626
annadel	12/26/2006	18:44.5	7627
annadel	12/26/2006	15:20:41	7628
annadel	12/26/2006	23:05.5	7629
annadel	12/26/2006	24:02.5	7630
annadel	12/26/2006	15:25:22	7631
annadel	12/26/2006	26:15.5	7632
annadel	12/26/2006	15:27:23	7633
annadel	12/26/2006	28:43.5	7634
annadel	12/26/2006	15:29:53	7635
annadel	12/26/2006	30:26.5	7636
annadel	12/26/2006	15:32:04	7637
annadel	12/26/2006	33:22.5	7638
annadel	12/26/2006	15:35:10	7639
annadel	12/26/2006	15:36:11	7640
annadel	12/26/2006	38:02.5	7641
annadel	12/26/2006	15:40:50	7642
annadel	12/26/2006	57:26.5	7643
annadel	12/26/2006	00:30.5	7644
annadel	12/26/2006	16:03:35	7645
annadel	12/26/2006	05:33.5	7646
annadel	12/26/2006	09:28.5	7647
annadel	12/26/2006	18:36.5	7648
annadel	12/26/2006	16:59:16	7649
annadel	12/26/2006	17:03:31	7650
annadel	12/26/2006	06:03.5	7651
annadel	12/26/2006	17:07:50	7652
annadel	12/26/2006	10:50.5	7653
annadel	12/26/2006	11:59.5	7654
annadel	12/26/2006	17:12:30	7655
annadel	12/26/2006	12:55.5	7656
annadel	12/26/2006	13:21.5	7657
annadel	12/26/2006	13:41.5	7658
annadel	12/26/2006	14:08.5	7659
annadel	12/26/2006	14:31.5	7660
annadel	12/26/2006	17:15:03	7661
annadel	12/26/2006	17:15:25	7662
annadel	12/26/2006	17:15:48	7663
annadel	12/26/2006	17:16:06	7664
annadel	12/26/2006	17:16:24	7665
annadel	12/26/2006	16:39.5	7666
annadel	12/26/2006	16:56.5	7667
annadel	12/26/2006	17:17:10	7668
annadel	12/26/2006	17:17:28	7669
annadel	12/26/2006	17:53.5	7670
annadel	12/26/2006	17:18:21	7671
annadel	12/26/2006	18:57.5	7672
annadel	12/26/2006	17:19:28	7673
annadel	12/26/2006	17:19:57	7674
annadel	12/26/2006	17:20:45	7675
annadel	12/26/2006	17:21:31	7676
annadel	12/26/2006	22:33.5	7677
annadel	12/26/2006	17:23:33	7678
annadel	12/26/2006	24:21.5	7679
annadel	12/26/2006	25:30.5	7680
annadel	12/26/2006	17:26:56	7681
annadel	12/26/2006	27:35.5	7682
annadel	12/26/2006	17:28:00	7683
annadel	12/26/2006	28:21.5	7684
annadel	12/26/2006	17:28:49	7685
annadel	12/26/2006	17:29:21	7686
annadel	12/26/2006	29:50.5	7687
annadel	12/26/2006	30:21.5	7688
annadel	12/26/2006	17:30:52	7689
annadel	12/26/2006	31:27.5	7690
annadel	12/26/2006	17:32:16	7691
annadel	12/26/2006	17:33:01	7692
annadel	12/26/2006	34:08.5	7693
annadel	12/26/2006	35:07.5	7694
annadel	12/26/2006	36:27.5	7695
annadel	12/26/2006	17:37:54	7696
annadel	12/26/2006	39:22.5	7697
annadel	12/26/2006	41:04.5	7698
annadel	12/26/2006	17:43:49	7699
annadel	12/26/2006	46:49.5	7700
annadel	12/26/2006	17:49:33	7701
annadel	12/26/2006	17:51:36	7702
annadel	12/26/2006	17:53:52	7703
annadel	12/26/2006	58:30.5	7704
annadel	12/26/2006	00:00.5	7705
annadel	12/26/2006	18:01:19	7706
annadel	12/26/2006	02:20.5	7707
annadel	12/26/2006	03:42.5	7708
annadel	12/26/2006	18:05:08	7709
annadel	12/26/2006	06:21.5	7710
annadel	12/26/2006	08:55.5	7711
annadel	12/26/2006	12:57.5	7712
annadel	12/26/2006	18:15:42	7713
annadel	12/26/2006	17:54.5	7714
annadel	12/26/2006	18:20:49	7715
annadel	12/26/2006	23:11.5	7716
annadel	12/26/2006	24:51.5	7717
annadel	12/26/2006	18:26:09	7718
annadel	12/26/2006	27:30.5	7719
annadel	12/26/2006	28:32.5	7720
annadel	12/26/2006	18:29:48	7721
annadel	12/26/2006	18:30:56	7722
annadel	12/26/2006	18:32:13	7723
annadel	12/26/2006	33:28.5	7724
annadel	12/26/2006	18:35:04	7725
annadel	12/26/2006	18:36:33	7726
annadel	12/26/2006	18:37:45	7727
annadel	12/26/2006	39:43.5	7728
annadel	12/26/2006	18:42:11	7729
annadel	12/26/2006	18:43:37	7730
annadel	12/26/2006	18:45:32	7731
annadel	12/26/2006	18:47:16	7732
annadel	12/26/2006	18:48:46	7733
annadel	12/26/2006	49:20.5	7734
annadel	12/26/2006	18:49:57	7735
annadel	12/26/2006	50:32.5	7736
annadel	12/26/2006	18:51:12	7737
annadel	12/26/2006	18:51:54	7738
annadel	12/26/2006	18:52:58	7739
annadel	12/26/2006	18:53:36	7740
annadel	12/26/2006	54:10.5	7741
annadel	12/26/2006	18:54:45	7742
annadel	12/26/2006	18:55:19	7743
annadel	12/26/2006	56:02.5	7744
annadel	12/26/2006	18:56:35	7745
annadel	12/26/2006	57:01.5	7746
annadel	12/26/2006	18:57:41	7747
annadel	12/26/2006	58:21.5	7748
annadel	12/26/2006	19:00:08	7749
annadel	12/26/2006	01:24.5	7750
annadel	12/26/2006	03:27.5	7751
annadel	12/26/2006	08:51.5	7752
annadel	12/26/2006	20:11.5	7753
annadel	12/26/2006	21:28:46	7754
annadel	12/26/2006	23:35:44	7755
annadel	12/26/2006	23:39:43	7756
annadel	12/26/2006	40:37.5	7757
annadel	12/26/2006	23:41:36	7758
annadel	12/26/2006	42:53.5	7759
annadel	12/26/2006	46:17.5	7760
annadel	12/27/2006	0:58:03	7761
annadel	12/27/2006	1:54:57	7762
annadel	12/27/2006	2:00:34	7763
annadel	12/27/2006	2:18:42	7764
annadel	12/27/2006	2:27:05	7765
annadel	12/27/2006	2:34:52	7766
annadel	12/27/2006	2:38:33	7767
annadel	12/27/2006	2:41:58	7768
annadel	12/27/2006	45:23.5	7769
annadel	12/27/2006	2:48:21	7770
annadel	12/27/2006	2:51:02	7771
annadel	12/27/2006	54:57.5	7772
annadel	12/27/2006	00:20.5	7773
annadel	12/27/2006	07:54.5	7774
annadel	12/27/2006	3:16:37	7775
annadel	1/3/2007	11:50:44	7776
annadel	1/3/2007	41:24.5	7777
annadel	1/3/2007	18:20.5	7778
annadel	1/3/2007	48:44.5	7779
annadel	1/3/2007	10:18.5	7780
annadel	1/3/2007	17:22:57	7781
annadel	1/3/2007	17:39:35	7782
annadel	1/3/2007	42:11.5	7783
annadel	1/3/2007	17:45:49	7784
annadel	1/3/2007	06:32.5	7785
annadel	1/3/2007	28:33.5	7786
annadel	1/3/2007	18:41:36	7787
annadel	1/3/2007	18:55:28	7788
annadel	1/3/2007	03:00.5	7789
annadel	1/3/2007	12:50.5	7790
annadel	1/3/2007	19:13.5	7791
annadel	1/3/2007	26:35.5	7792
annadel	1/3/2007	19:39:28	7793
annadel	1/3/2007	48:18.5	7794
annadel	1/3/2007	54:11.5	7795
annadel	1/3/2007	19:58:27	7796
annadel	1/3/2007	06:57.5	7797
annadel	1/3/2007	20:15:52	7798
annadel	1/3/2007	20:23:25	7799
annadel	1/3/2007	20:28:28	7800
annadel	1/3/2007	20:33:59	7801
annadel	1/3/2007	43:53.5	7802
annadel	1/3/2007	20:56:48	7803
annadel	1/3/2007	10:42.5	7804
annadel	1/3/2007	28:21.5	7805
annadel	1/3/2007	44:17.5	7806
annadel	1/3/2007	23:27:48	7807
annadel	1/4/2007	0:26:33	7808
annadel	1/4/2007	4:00:42	7809
annadel	1/4/2007	33:42.5	7810
annadel	1/4/2007	44:33.5	7811
annadel	1/4/2007	50:08.5	7812
annadel	1/4/2007	7:03:42	7813
annadel	1/4/2007	8:07:44	7814
annadel	1/4/2007	52:42.5	7815
annadel	1/4/2007	46:44.5	7816
annadel	1/4/2007	10:08:50	7817
annadel	1/4/2007	10:14:51	7818
annadel	1/4/2007	21:18.5	7819
annadel	1/4/2007	10:25:58	7820
annadel	1/4/2007	10:30:29	7821
annadel	1/4/2007	34:29.5	7822
annadel	1/16/2007	23:21.5	7823
annadel	1/26/2007	15:45:54	7824
annadel	1/26/2007	16:39:05	7825
annadel	1/26/2007	42:19.5	7826
annadel	1/26/2007	46:19.5	7827
annadel	1/26/2007	51:19.5	7828
annadel	1/26/2007	34:31.5	7829
annadel	1/26/2007	17:39:32	7830
annadel	1/26/2007	43:35.5	7831
annadel	1/26/2007	17:47:20	7832
annadel	1/26/2007	17:59:25	7833
annadel	1/26/2007	18:10:01	7834
annadel	1/27/2007	38:29.5	7835
annadel	1/27/2007	46:54.5	7836
annadel	1/27/2007	51:51.5	7837
annadel	1/27/2007	1:56:18	7838
annadel	1/27/2007	1:59:16	7839
annadel	1/27/2007	02:50.5	7840
annadel	1/27/2007	2:07:36	7841
annadel	1/27/2007	2:11:10	7842
annadel	1/27/2007	15:56.5	7843
annadel	1/27/2007	2:35:29	7844
annadel	1/27/2007	35:01.5	7845
annadel	1/27/2007	08:28.5	7846
annadel	2/7/2007	2:27:12	7847
annadel	2/7/2007	19:31.5	7848
annadel	2/7/2007	21:55.5	7849
annadel	2/7/2007	04:05.5	7850
annadel	2/7/2007	17:41.5	7851
annadel	2/7/2007	39:02.5	7852
annadel	2/7/2007	12:41:42	7853
annadel	2/7/2007	46:05.5	7854
annadel	2/7/2007	16:42.5	7855
annadel	2/7/2007	14:31:25	7856
annadel	2/7/2007	14:33:06	7857
annadel	2/7/2007	35:22.5	7858
annadel	2/7/2007	36:24.5	7859
annadel	2/7/2007	14:52:22	7860
annadel	2/7/2007	14:57:21	7861
annadel	2/7/2007	15:04:40	7862
annadel	2/7/2007	18:58.5	7863
annadel	2/7/2007	23:38.5	7864
annadel	2/7/2007	51:20.5	7865
annadel	2/7/2007	08:12.5	7866
annadel	2/7/2007	11:30.5	7867
annadel	2/7/2007	16:14:33	7868
annadel	2/7/2007	17:46.5	7869
annadel	2/7/2007	22:36.5	7870
annadel	2/7/2007	16:27:02	7871
annadel	2/7/2007	16:31:36	7872
annadel	2/7/2007	41:16.5	7873
annadel	2/7/2007	20:55.5	7874
annadel	2/7/2007	31:27.5	7875
annadel	2/7/2007	37:33.5	7876
annadel	2/7/2007	55:28.5	7877
annadel	2/7/2007	08:09.5	7878
annadel	2/7/2007	22:57.5	7879
annadel	2/7/2007	29:18.5	7880
annadel	2/7/2007	39:48.5	7881
annadel	2/7/2007	43:15.5	7882
annadel	2/7/2007	18:46:14	7883
annadel	2/7/2007	18:50:14	7884
annadel	2/7/2007	18:54:40	7885
annadel	2/7/2007	18:59:27	7886
annadel	2/7/2007	02:49.5	7887
annadel	2/7/2007	05:12.5	7888
annadel	2/7/2007	19:09:28	7889
annadel	2/7/2007	19:11:44	7890
annadel	2/7/2007	19:16:32	7891
annadel	2/7/2007	19:24:51	7892
annadel	2/7/2007	34:05.5	7893
annadel	2/7/2007	36:10.5	7894
annadel	2/7/2007	19:37:13	7895
annadel	2/7/2007	38:19.5	7896
annadel	2/7/2007	40:11.5	7897
annadel	2/7/2007	19:42:25	7898
annadel	2/7/2007	19:46:37	7899
annadel	2/7/2007	19:54:00	7900
annadel	2/7/2007	56:50.5	7901
annadel	2/7/2007	20:00:10	7902
annadel	2/7/2007	24:11.5	7903
annadel	2/8/2007	12:16.5	7904
annadel	2/8/2007	9:00:58	7905
annadel	2/8/2007	11:08:16	7906
annadel	2/8/2007	15:50.5	7907
annadel	2/8/2007	19:27.5	7908
annadel	2/8/2007	13:23:26	7909
annadel	2/8/2007	13:26:57	7910
annadel	2/8/2007	31:44.5	7911
annadel	2/8/2007	13:37:40	7912
annadel	2/8/2007	13:45:56	7913
annadel	2/8/2007	13:51:04	7914
annadel	2/8/2007	57:52.5	7915
annadel	2/8/2007	14:01:36	7916
annadel	2/8/2007	14:06:33	7917
annadel	2/8/2007	14:09:44	7918
annadel	2/8/2007	13:44.5	7919
annadel	2/8/2007	14:17:38	7920
annadel	2/8/2007	14:23:25	7921
annadel	2/8/2007	26:40.5	7922
annadel	2/8/2007	32:02.5	7923
annadel	2/8/2007	14:36:57	7924
annadel	2/8/2007	14:41:36	7925
annadel	2/8/2007	14:45:14	7926
annadel	2/8/2007	14:50:21	7927
annadel	2/8/2007	54:33.5	7928
annadel	2/8/2007	14:59:00	7929
annadel	2/8/2007	02:16.5	7930
annadel	2/8/2007	06:14.5	7931
annadel	2/8/2007	10:01.5	7932
annadel	2/8/2007	15:14:10	7933
annadel	2/8/2007	15:18:20	7934
annadel	2/8/2007	15:23:04	7935
annadel	2/8/2007	28:38.5	7936
annadel	2/8/2007	15:33:22	7937
annadel	2/8/2007	37:22.5	7938
annadel	2/8/2007	41:59.5	7939
annadel	2/8/2007	15:45:12	7940
annadel	2/8/2007	49:55.5	7941
annadel	2/8/2007	15:55:00	7942
annadel	2/8/2007	16:01:30	7943
annadel	2/8/2007	16:07:07	7944
annadel	2/8/2007	17:52.5	7945
annadel	2/8/2007	16:21:56	7946
annadel	2/8/2007	16:27:25	7947
annadel	2/8/2007	31:31.5	7948
annadel	2/8/2007	16:37:22	7949
annadel	2/8/2007	42:43.5	7950
annadel	2/8/2007	16:49:15	7951
annadel	2/8/2007	57:26.5	7952
annadel	2/8/2007	17:09:17	7953
annadel	2/8/2007	17:15:48	7954
annadel	2/8/2007	21:14.5	7955
annadel	2/8/2007	17:27:32	7956
annadel	2/8/2007	35:13.5	7957
annadel	2/8/2007	17:42:35	7958
annadel	2/8/2007	56:14.5	7959
annadel	2/8/2007	18:12:43	7960
annadel	2/8/2007	31:27.5	7961
annadel	2/8/2007	44:50.5	7962
annadel	2/8/2007	18:52:53	7963
annadel	2/8/2007	18:58:31	7964
annadel	2/8/2007	19:09:40	7965
annadel	2/8/2007	19:16:22	7966
annadel	2/8/2007	24:22.5	7967
annadel	2/8/2007	19:28:52	7968
annadel	2/8/2007	33:03.5	7969
annadel	2/8/2007	19:36:56	7970
annadel	2/8/2007	19:44:00	7971
annadel	2/8/2007	53:24.5	7972
annadel	2/8/2007	19:59:44	7973
annadel	2/8/2007	03:44.5	7974
annadel	2/8/2007	10:23.5	7975
annadel	2/8/2007	20:14:32	7976
annadel	2/8/2007	20:18:54	7977
annadel	2/8/2007	23:08.5	7978
annadel	2/8/2007	20:28:53	7979
annadel	2/8/2007	40:18.5	7980
annadel	2/8/2007	20:46:13	7981
annadel	2/8/2007	20:52:07	7982
annadel	2/8/2007	54:48.5	7983
annadel	2/8/2007	20:56:41	7984
annadel	2/8/2007	20:59:17	7985
annadel	2/8/2007	02:16.5	7986
annadel	2/8/2007	07:05.5	7987
annadel	2/8/2007	13:32.5	7988
annadel	2/8/2007	21:18:02	7989
annadel	2/8/2007	21:21:18	7990
annadel	2/8/2007	21:26:30	7991
annadel	2/8/2007	21:29:43	7992
annadel	2/8/2007	33:11.5	7993
annadel	2/8/2007	37:11.5	7994
annadel	2/8/2007	40:47.5	7995
annadel	2/8/2007	44:24.5	7996
annadel	2/8/2007	21:47:49	7997
annadel	2/8/2007	21:52:50	7998
annadel	2/8/2007	22:08:56	7999
annadel	2/8/2007	22:47.5	8000
annadel	2/8/2007	39:00.5	8001
annadel	2/8/2007	23:54:58	8002
annadel	2/9/2007	07:29.5	8003
annadel	2/9/2007	13:44.5	8004
annadel	2/9/2007	0:16:13	8005
annadel	2/9/2007	17:12.5	8006
annadel	2/9/2007	18:27.5	8007
annadel	2/9/2007	19:48.5	8008
annadel	2/9/2007	0:22:09	8009
annadel	2/9/2007	25:04.5	8010
annadel	2/9/2007	0:35:13	8011
annadel	2/9/2007	0:41:49	8012
annadel	2/9/2007	0:57:35	8013
annadel	2/9/2007	25:26.5	8014
annadel	2/9/2007	31:25.5	8015
annadel	2/9/2007	1:58:51	8016
annadel	2/9/2007	2:28:48	8017
annadel	2/9/2007	5:44:20	8018
annadel	2/9/2007	14:00.5	8019
annadel	2/9/2007	7:20:26	8020
annadel	2/9/2007	7:34:35	8021
annadel	2/9/2007	8:06:02	8022
annadel	2/9/2007	8:16:47	8023
annadel	2/9/2007	8:17:36	8024
annadel	2/9/2007	21:00.5	8025
annadel	2/9/2007	29:16.5	8026
annadel	2/9/2007	36:21.5	8027
annadel	2/9/2007	40:50.5	8028
annadel	2/9/2007	46:04.5	8029
annadel	2/9/2007	56:12.5	8030
annadel	2/9/2007	9:37:00	8031
annadel	2/9/2007	9:41:23	8032
annadel	2/9/2007	10:25:15	8033
annadel	2/9/2007	10:32:15	8034
annadel	2/9/2007	10:36:00	8035
annadel	2/9/2007	38:27.5	8036
annadel	2/9/2007	41:55.5	8037
annadel	2/9/2007	10:43:56	8038
annadel	2/9/2007	10:48:26	8039
annadel	2/9/2007	11:45:54	8040
annadel	2/9/2007	12:00:15	8041
annadel	2/9/2007	12:04:01	8042
annadel	2/9/2007	17:25.5	8043
annadel	2/9/2007	12:20:42	8044
annadel	2/9/2007	50:44.5	8045
annadel	2/9/2007	13:03:04	8046
annadel	2/9/2007	29:59.5	8047
annadel	2/9/2007	41:39.5	8048
annadel	2/9/2007	46:46.5	8049
annadel	2/9/2007	50:01.5	8050
annadel	2/9/2007	53:05.5	8051
annadel	2/9/2007	55:47.5	8052
annadel	2/9/2007	13:59:20	8053
annadel	2/9/2007	14:03:17	8054
annadel	2/9/2007	29:14.5	8055
annadel	2/9/2007	14:40:12	8056
annadel	2/9/2007	58:12.5	8057
annadel	2/9/2007	37:24.5	8058
annadel	2/9/2007	35:54.5	8059
annadel	2/9/2007	17:05:01	8060
annadel	2/9/2007	17:08:27	8061
annadel	2/9/2007	17:16:17	8062
annadel	2/9/2007	26:17.5	8063
annadel	2/9/2007	17:29:15	8064
annadel	2/9/2007	34:22.5	8065
annadel	2/9/2007	17:38:51	8066
annadel	2/9/2007	17:45:59	8067
annadel	2/9/2007	17:49:39	8068
annadel	2/9/2007	17:55:54	8069
annadel	2/9/2007	01:47.5	8070
annadel	2/9/2007	12:57.5	8071
annadel	2/9/2007	22:01.5	8072
annadel	2/9/2007	18:35:41	8073
annadel	2/9/2007	41:36.5	8074
annadel	2/9/2007	18:44:47	8075
annadel	2/9/2007	18:53:27	8076
annadel	2/9/2007	04:27.5	8077
annadel	2/9/2007	14:54.5	8078
annadel	2/9/2007	19:49:12	8079
annadel	2/9/2007	19:51:00	8080
annadel	2/9/2007	19:53:11	8081
annadel	2/9/2007	57:32.5	8082
annadel	2/9/2007	18:34.5	8083
annadel	2/9/2007	47:32.5	8084
annadel	2/9/2007	22:06:21	8085
annadel	2/9/2007	21:06.5	8086
annadel	2/9/2007	22:31:14	8087
annadel	2/9/2007	22:34:47	8088
annadel	2/9/2007	22:38:42	8089
annadel	2/9/2007	42:33.5	8090
annadel	2/9/2007	22:49:25	8091
annadel	2/9/2007	22:52:44	8092
annadel	2/9/2007	23:10:31	8093
annadel	2/9/2007	23:27:02	8094
annadel	2/9/2007	46:19.5	8095
annadel	2/9/2007	23:54:37	8096
annadel	2/10/2007	0:04:54	8097
annadel	2/10/2007	0:13:01	8098
annadel	2/10/2007	0:32:52	8099
annadel	2/10/2007	41:38.5	8100
annadel	2/10/2007	1:24:56	8101
annadel	2/10/2007	51:51.5	8102
annadel	2/10/2007	41:14.5	8103
annadel	2/10/2007	47:16.5	8104
annadel	2/10/2007	3:53:18	8105
annadel	2/10/2007	3:57:11	8106
annadel	2/10/2007	4:01:33	8107
annadel	2/10/2007	05:33.5	8108
annadel	2/10/2007	11:57.5	8109
annadel	2/10/2007	4:15:14	8110
annadel	2/10/2007	4:17:59	8111
annadel	2/10/2007	4:21:11	8112
annadel	2/10/2007	4:25:46	8113
annadel	2/10/2007	30:30.5	8114
annadel	2/10/2007	4:36:51	8115
annadel	2/10/2007	39:24.5	8116
annadel	2/10/2007	4:41:59	8117
annadel	2/10/2007	4:44:52	8118
annadel	2/10/2007	4:49:42	8119
annadel	2/10/2007	4:55:04	8120
annadel	2/10/2007	03:31.5	8121
annadel	2/10/2007	5:10:36	8122
annadel	2/10/2007	5:20:26	8123
annadel	2/10/2007	27:03.5	8124
annadel	2/10/2007	5:35:31	8125
annadel	2/10/2007	43:44.5	8126
annadel	2/10/2007	5:50:50	8127
annadel	2/10/2007	57:22.5	8128
annadel	2/10/2007	6:12:34	8129
annadel	2/10/2007	6:22:08	8130
annadel	2/10/2007	6:30:35	8131
annadel	2/10/2007	45:47.5	8132
annadel	2/10/2007	04:24.5	8133
annadel	2/10/2007	23:15.5	8134
annadel	2/10/2007	7:38:54	8135
annadel	2/10/2007	50:31.5	8136
annadel	2/10/2007	02:04.5	8137
annadel	2/10/2007	09:56.5	8138
annadel	2/10/2007	8:25:19	8139
annadel	2/10/2007	8:36:04	8140
annadel	2/10/2007	02:39.5	8141
annadel	2/10/2007	08:12.5	8142
annadel	2/10/2007	9:13:08	8143
annadel	2/10/2007	9:17:25	8144
annadel	2/10/2007	9:25:53	8145
annadel	2/10/2007	53:19.5	8146
annadel	2/10/2007	10:02:27	8147
annadel	2/10/2007	13:17.5	8148
annadel	2/10/2007	28:11.5	8149
annadel	2/10/2007	37:24.5	8150
annadel	2/10/2007	12:28:31	8151
annadel	2/10/2007	34:58.5	8152
annadel	2/10/2007	51:20.5	8153
annadel	2/10/2007	12:57:25	8154
annadel	2/10/2007	42:38.5	8155
annadel	2/10/2007	13:51:11	8156
annadel	2/10/2007	15:37.5	8157
annadel	2/10/2007	14:39:29	8158
annadel	2/10/2007	14:55:47	8159
annadel	2/10/2007	15:07:19	8160
annadel	2/10/2007	24:45.5	8161
annadel	2/10/2007	15:53:07	8162
annadel	2/10/2007	56:23.5	8163
annadel	2/10/2007	16:58:05	8164
annadel	2/10/2007	00:34.5	8165
annadel	2/10/2007	02:44.5	8166
annadel	2/10/2007	43:17.5	8167
annadel	2/10/2007	04:00.5	8168
annadel	2/10/2007	18:35:02	8169
annadel	2/10/2007	18:40:44	8170
annadel	2/10/2007	19:09:25	8171
annadel	2/10/2007	19:32:52	8172
annadel	2/10/2007	11:37.5	8173
annadel	2/10/2007	21:13:39	8174
annadel	2/10/2007	21:21:53	8175
annadel	2/10/2007	28:26.5	8176
annadel	2/10/2007	21:33:37	8177
annadel	2/10/2007	35:35.5	8178
annadel	2/10/2007	39:17.5	8179
annadel	2/10/2007	21:41:41	8180
annadel	2/10/2007	21:44:28	8181
annadel	2/10/2007	46:41.5	8182
annadel	2/10/2007	21:51:25	8183
annadel	2/10/2007	54:08.5	8184
annadel	2/10/2007	21:56:47	8185
annadel	2/10/2007	21:58:03	8186
annadel	2/10/2007	21:59:57	8187
annadel	2/10/2007	01:35.5	8188
annadel	2/10/2007	22:03:55	8189
annadel	2/10/2007	22:06:52	8190
annadel	2/10/2007	12:11.5	8191
annadel	2/10/2007	19:14.5	8192
annadel	2/10/2007	25:32.5	8193
annadel	2/10/2007	22:38:04	8194
annadel	2/10/2007	22:46:05	8195
annadel	2/10/2007	49:42.5	8196
annadel	2/10/2007	22:53:55	8197
annadel	2/10/2007	22:56:09	8198
annadel	2/10/2007	22:58:16	8199
annadel	2/10/2007	23:00:12	8200
annadel	2/10/2007	03:29.5	8201
annadel	2/10/2007	09:02.5	8202
annadel	2/10/2007	23:29:43	8203
annadel	2/11/2007	17:39.5	8204
annadel	2/11/2007	00:27.5	8205
annadel	2/11/2007	5:05:44	8206
annadel	2/11/2007	57:53.5	8207
annadel	2/11/2007	6:03:08	8208
annadel	2/11/2007	43:21.5	8209
annadel	2/12/2007	29:27.5	8210
annadel	2/12/2007	37:39.5	8211
annadel	2/12/2007	44:37.5	8212
annadel	2/12/2007	12:54:09	8213
annadel	2/12/2007	58:39.5	8214
annadel	2/12/2007	02:15.5	8215
annadel	2/12/2007	13:04:42	8216
annadel	2/12/2007	09:22.5	8217
annadel	2/12/2007	13:45.5	8218
annadel	2/12/2007	13:26:39	8219
annadel	2/12/2007	31:26.5	8220
annadel	2/12/2007	35:19.5	8221
annadel	2/12/2007	13:37:06	8222
annadel	2/12/2007	13:38:50	8223
annadel	2/12/2007	13:40:14	8224
annadel	2/12/2007	13:43:04	8225
annadel	2/12/2007	45:08.5	8226
annadel	2/12/2007	47:35.5	8227
annadel	2/12/2007	50:06.5	8228
annadel	2/12/2007	13:54:02	8229
annadel	2/12/2007	00:00.5	8230
annadel	2/12/2007	04:16.5	8231
annadel	2/12/2007	11:36.5	8232
annadel	2/12/2007	25:19.5	8233
annadel	2/12/2007	26:56.5	8234
annadel	2/12/2007	15:28:01	8235
annadel	2/12/2007	28:49.5	8236
annadel	2/12/2007	15:29:20	8237
annadel	2/12/2007	15:29:38	8238
annadel	2/12/2007	15:30:00	8239
annadel	2/12/2007	30:17.5	8240
annadel	2/12/2007	15:30:34	8241
annadel	2/12/2007	15:31:08	8242
annadel	2/12/2007	15:31:52	8243
annadel	2/12/2007	32:16.5	8244
annadel	2/12/2007	15:32:48	8245
annadel	2/12/2007	15:33:24	8246
annadel	2/12/2007	15:34:06	8247
annadel	2/12/2007	15:35:03	8248
annadel	2/12/2007	15:36:18	8249
annadel	2/12/2007	15:37:19	8250
annadel	2/12/2007	38:59.5	8251
annadel	2/12/2007	15:40:59	8252
annadel	2/12/2007	15:43:16	8253
annadel	2/12/2007	15:44:29	8254
annadel	2/12/2007	15:46:12	8255
annadel	2/12/2007	47:31.5	8256
annadel	2/12/2007	49:40.5	8257
annadel	2/12/2007	51:58.5	8258
annadel	2/12/2007	15:53:39	8259
annadel	2/12/2007	15:55:23	8260
annadel	2/12/2007	15:57:56	8261
annadel	2/12/2007	15:59:37	8262
annadel	2/12/2007	01:31.5	8263
annadel	2/12/2007	04:05.5	8264
annadel	2/12/2007	06:10.5	8265
annadel	2/12/2007	08:48.5	8266
annadel	2/12/2007	16:10:41	8267
annadel	2/12/2007	16:12:43	8268
annadel	2/12/2007	16:15:24	8269
annadel	2/12/2007	19:43.5	8270
annadel	2/12/2007	16:24:23	8271
annadel	2/12/2007	16:28:55	8272
annadel	2/12/2007	32:39.5	8273
annadel	2/12/2007	16:35:52	8274
annadel	2/12/2007	16:40:11	8275
annadel	2/12/2007	41:24.5	8276
annadel	2/12/2007	05:00.5	8277
annadel	2/13/2007	27:50.5	8278
annadel	2/21/2007	51:57.5	8279
annadel	2/21/2007	8:15:03	8280
annadel	2/21/2007	8:38:12	8281
annadel	2/21/2007	12:05:51	8282
annadel	2/21/2007	10:58.5	8283
annadel	2/21/2007	13:24:29	8284
annadel	2/21/2007	13:37:52	8285
annadel	2/21/2007	13:45:39	8286
annadel	2/21/2007	08:25.5	8287
annadel	2/21/2007	18:22:47	8288
annadel	2/21/2007	06:50.5	8289
annadel	2/21/2007	47:14.5	8290
annadel	2/21/2007	21:38.5	8291
annadel	2/21/2007	23:38:27	8292
annadel	2/21/2007	53:38.5	8293
annadel	2/22/2007	11:24.5	8294
annadel	2/22/2007	25:25.5	8295
annadel	2/22/2007	58:23.5	8296
annadel	2/22/2007	20:11.5	8297
annadel	2/22/2007	31:01.5	8298
annadel	2/22/2007	1:39:01	8299
annadel	2/22/2007	44:26.5	8300
annadel	2/22/2007	51:36.5	8301
annadel	2/22/2007	56:04.5	8302
annadel	2/22/2007	2:03:03	8303
annadel	2/22/2007	09:03.5	8304
annadel	2/22/2007	15:57.5	8305
annadel	2/22/2007	19:08.5	8306
annadel	2/22/2007	21:52.5	8307
annadel	2/22/2007	2:24:14	8308
annadel	2/22/2007	27:32.5	8309
annadel	2/22/2007	2:29:51	8310
annadel	2/22/2007	31:54.5	8311
annadel	2/22/2007	33:53.5	8312
annadel	2/22/2007	2:37:10	8313
annadel	2/22/2007	41:26.5	8314
annadel	2/22/2007	54:27.5	8315
annadel	2/22/2007	11:10.5	8316
annadel	2/22/2007	13:32.5	8317
annadel	2/22/2007	3:13:49	8318
annadel	2/22/2007	14:05.5	8319
annadel	2/22/2007	14:33.5	8320
annadel	2/22/2007	15:07.5	8321
annadel	2/22/2007	3:16:19	8322
annadel	2/22/2007	3:18:18	8323
annadel	2/22/2007	19:27.5	8324
annadel	2/22/2007	3:22:04	8325
annadel	2/22/2007	24:09.5	8326
annadel	2/22/2007	26:27.5	8327
annadel	2/22/2007	29:34.5	8328
annadel	2/22/2007	3:32:11	8329
annadel	2/22/2007	3:34:50	8330
annadel	2/22/2007	3:38:35	8331
annadel	2/22/2007	3:42:52	8332
annadel	2/22/2007	47:47.5	8333
annadel	2/22/2007	52:16.5	8334
annadel	2/22/2007	3:56:02	8335
annadel	2/22/2007	4:00:01	8336
annadel	2/22/2007	4:05:02	8337
annadel	2/22/2007	08:31.5	8338
annadel	2/22/2007	12:14.5	8339
annadel	2/22/2007	4:15:37	8340
annadel	2/22/2007	4:19:29	8341
annadel	2/22/2007	21:45.5	8342
annadel	2/22/2007	25:10.5	8343
annadel	2/22/2007	4:29:04	8344
annadel	2/22/2007	4:35:59	8345
annadel	2/22/2007	42:56.5	8346
annadel	2/22/2007	4:48:47	8347
annadel	2/22/2007	4:57:18	8348
annadel	2/22/2007	5:06:57	8349
annadel	2/22/2007	5:18:26	8350
annadel	2/22/2007	34:39.5	8351
annadel	2/22/2007	51:34.5	8352
annadel	2/22/2007	57:17.5	8353
annadel	2/22/2007	6:03:45	8354
annadel	2/22/2007	6:11:56	8355
annadel	2/22/2007	15:46.5	8356
annadel	2/22/2007	6:23:23	8357
annadel	2/22/2007	6:28:10	8358
annadel	2/22/2007	33:17.5	8359
annadel	2/22/2007	36:53.5	8360
annadel	2/22/2007	6:42:08	8361
annadel	2/22/2007	6:45:01	8362
annadel	2/22/2007	6:48:41	8363
annadel	2/22/2007	51:05.5	8364
annadel	2/22/2007	6:54:19	8365
annadel	2/22/2007	57:16.5	8366
annadel	2/22/2007	7:00:11	8367
annadel	2/22/2007	7:04:27	8368
annadel	2/22/2007	13:02.5	8369
annadel	2/22/2007	7:21:23	8370
annadel	2/22/2007	25:22.5	8371
annadel	2/22/2007	29:17.5	8372
annadel	2/22/2007	34:47.5	8373
annadel	2/22/2007	7:43:33	8374
annadel	2/22/2007	7:56:30	8375
annadel	2/22/2007	33:47.5	8376
annadel	2/22/2007	13:32:25	8377
annadel	2/22/2007	46:05.5	8378
annadel	2/22/2007	48:25.5	8379
annadel	2/22/2007	14:50:31	8380
annadel	2/22/2007	54:22.5	8381
annadel	2/22/2007	21:29:48	8382
annadel	2/22/2007	57:21.5	8383
annadel	2/24/2007	11:58:12	8384
annadel	2/24/2007	12:38:40	8385
annadel	2/24/2007	48:08.5	8386
annadel	2/24/2007	05:47.5	8387
annadel	2/24/2007	10:12.5	8388
annadel	2/24/2007	16:18.5	8389
annadel	2/24/2007	13:32:03	8390
annadel	2/24/2007	15:45:05	8391
annadel	2/24/2007	17:49:54	8392
annadel	2/24/2007	00:52.5	8393
annadel	2/24/2007	12:33.5	8394
annadel	2/24/2007	50:03.5	8395
annadel	2/24/2007	20:19.5	8396
annadel	2/24/2007	04:20.5	8397
annadel	2/24/2007	20:06:15	8398
annadel	2/24/2007	07:53.5	8399
annadel	2/24/2007	09:24.5	8400
annadel	2/24/2007	20:10:50	8401
annadel	2/24/2007	20:12:21	8402
annadel	2/24/2007	20:14:52	8403
annadel	2/24/2007	20:17:20	8404
annadel	2/24/2007	21:00.5	8405
annadel	2/24/2007	20:24:20	8406
annadel	2/24/2007	27:38.5	8407
annadel	2/24/2007	29:39.5	8408
annadel	2/24/2007	32:40.5	8409
annadel	2/24/2007	20:34:46	8410
annadel	2/24/2007	20:37:50	8411
annadel	2/24/2007	20:40:27	8412
annadel	2/24/2007	20:42:58	8413
annadel	2/24/2007	45:19.5	8414
annadel	2/24/2007	47:43.5	8415
annadel	2/24/2007	49:16.5	8416
annadel	2/24/2007	51:34.5	8417
annadel	2/24/2007	20:53:50	8418
annadel	2/24/2007	56:39.5	8419
annadel	2/24/2007	00:20.5	8420
annadel	2/24/2007	02:27.5	8421
annadel	2/24/2007	21:04:00	8422
annadel	2/24/2007	21:06:39	8423
annadel	2/24/2007	07:49.5	8424
annadel	2/24/2007	21:10:16	8425
annadel	2/24/2007	11:59.5	8426
annadel	2/24/2007	21:16:59	8427
annadel	2/24/2007	21:20:28	8428
annadel	2/24/2007	24:30.5	8429
annadel	2/24/2007	28:09.5	8430
annadel	2/24/2007	29:48.5	8431
annadel	2/24/2007	30:53.5	8432
annadel	2/24/2007	21:32:30	8433
annadel	2/24/2007	34:06.5	8434
annadel	2/24/2007	21:36:04	8435
annadel	2/24/2007	21:37:23	8436
annadel	2/24/2007	39:41.5	8437
annadel	2/24/2007	21:40:52	8438
annadel	2/24/2007	21:41:46	8439
annadel	2/24/2007	21:43:39	8440
annadel	2/24/2007	21:46:40	8441
annadel	2/24/2007	48:38.5	8442
annadel	2/24/2007	21:50:42	8443
annadel	2/24/2007	21:52:00	8444
annadel	2/24/2007	55:20.5	8445
annadel	2/24/2007	57:35.5	8446
annadel	2/24/2007	21:58:51	8447
annadel	2/24/2007	00:37.5	8448
annadel	2/24/2007	04:18.5	8449
annadel	2/24/2007	05:12.5	8450
annadel	2/24/2007	06:19.5	8451
annadel	2/24/2007	07:13.5	8452
annadel	2/24/2007	22:09:31	8453
annadel	2/24/2007	11:15.5	8454
annadel	2/24/2007	12:52.5	8455
annadel	2/24/2007	22:14:07	8456
annadel	2/24/2007	15:22.5	8457
annadel	2/24/2007	22:17:06	8458
annadel	2/24/2007	22:19:01	8459
annadel	2/24/2007	22:19:58	8460
annadel	2/24/2007	20:30.5	8461
annadel	2/24/2007	22:20:56	8462
annadel	2/24/2007	23:58.5	8463
annadel	2/24/2007	22:55:30	8464
annadel	2/24/2007	54:11.5	8465
annadel	2/25/2007	17:11.5	8466
annadel	2/25/2007	4:19:08	8467
annadel	2/25/2007	4:20:13	8468
annadel	2/25/2007	4:22:36	8469
annadel	2/25/2007	4:25:08	8470
annadel	2/25/2007	5:21:32	8471
annadel	2/25/2007	30:04.5	8472
annadel	2/25/2007	44:38.5	8473
annadel	2/25/2007	00:27.5	8474
annadel	2/25/2007	6:48:30	8475
annadel	2/25/2007	50:28.5	8476
annadel	2/25/2007	02:58.5	8477
annadel	2/25/2007	7:17:36	8478
annadel	2/25/2007	23:24.5	8479
annadel	2/25/2007	25:53.5	8480
annadel	2/25/2007	7:30:54	8481
annadel	2/25/2007	36:24.5	8482
annadel	2/25/2007	36:32.5	8483
annadel	2/25/2007	41:43.5	8484
annadel	2/25/2007	8:53:33	8485
annadel	2/25/2007	9:53:10	8486
annadel	2/25/2007	01:00.5	8487
annadel	2/25/2007	44:35.5	8488
annadel	2/26/2007	18:56.5	8489
annadel	2/26/2007	1:23:12	8490
annadel	2/26/2007	27:40.5	8491
annadel	2/26/2007	1:30:01	8492
annadel	2/26/2007	1:35:34	8493
annadel	2/26/2007	39:19.5	8494
annadel	2/26/2007	1:45:41	8495
annadel	2/26/2007	1:53:11	8496
annadel	2/26/2007	1:55:59	8497
annadel	2/26/2007	1:59:36	8498
annadel	2/26/2007	01:52.5	8499
annadel	2/26/2007	03:50.5	8500
annadel	2/26/2007	10:20.5	8501
annadel	2/26/2007	2:26:22	8502
annadel	2/26/2007	3:03:56	8503
annadel	2/26/2007	11:26.5	8504
annadel	2/26/2007	19:58.5	8505
annadel	2/26/2007	3:28:02	8506
annadel	2/26/2007	3:32:04	8507
annadel	2/26/2007	4:06:07	8508
annadel	2/26/2007	4:49:36	8509
annadel	2/26/2007	45:24.5	8510
annadel	2/26/2007	10:44:31	8511
annadel	2/26/2007	11:26:06	8512
annadel	2/26/2007	44:42.5	8513
annadel	2/26/2007	11:47:22	8514
annadel	2/26/2007	11:49:31	8515
annadel	2/26/2007	11:56:10	8516
annadel	2/26/2007	12:03:27	8517
annadel	2/26/2007	12:09:54	8518
annadel	2/26/2007	12:45:14	8519
annadel	2/26/2007	12:53:11	8520
annadel	2/26/2007	13:22:53	8521
annadel	2/26/2007	13:32:29	8522
annadel	2/26/2007	34:55.5	8523
annadel	2/26/2007	13:36:28	8524
annadel	2/26/2007	13:37:27	8525
annadel	2/26/2007	13:37:57	8526
annadel	2/26/2007	38:49.5	8527
annadel	2/26/2007	13:39:39	8528
annadel	2/26/2007	13:40:44	8529
annadel	2/26/2007	13:42:03	8530
annadel	2/26/2007	13:44:25	8531
annadel	2/26/2007	13:45:39	8532
annadel	2/26/2007	46:49.5	8533
annadel	2/26/2007	47:51.5	8534
annadel	2/26/2007	49:16.5	8535
annadel	2/26/2007	13:53:25	8536
annadel	2/26/2007	13:59:07	8537
annadel	2/26/2007	14:05:18	8538
annadel	2/26/2007	14:09:15	8539
annadel	2/26/2007	14:41.5	8540
annadel	2/26/2007	20:21.5	8541
annadel	2/26/2007	27:30.5	8542
annadel	2/26/2007	39:49.5	8543
annadel	2/26/2007	47:42.5	8544
annadel	2/26/2007	15:12:03	8545
annadel	2/26/2007	15:18:43	8546
annadel	2/26/2007	15:25:20	8547
annadel	2/26/2007	28:38.5	8548
annadel	2/26/2007	15:33:25	8549
annadel	2/26/2007	34:43.5	8550
annadel	2/26/2007	35:44.5	8551
annadel	2/26/2007	36:30.5	8552
annadel	2/26/2007	15:38:14	8553
annadel	2/26/2007	58:48.5	8554
annadel	2/26/2007	18:00:38	8555
annadel	2/26/2007	02:44.5	8556
annadel	2/26/2007	18:15:09	8557
annadel	2/26/2007	47:45.5	8558
annadel	2/26/2007	22:51:30	8559
annadel	2/26/2007	15:32.5	8560
annadel	2/27/2007	04:36.5	8561
annadel	2/27/2007	1:09:32	8562
annadel	2/27/2007	1:22:49	8563
annadel	2/27/2007	28:06.5	8564
annadel	2/27/2007	28:35.5	8565
annadel	2/27/2007	30:27.5	8566
annadel	2/27/2007	9:31:15	8567
annadel	2/27/2007	31:51.5	8568
annadel	2/27/2007	9:32:21	8569
annadel	2/27/2007	9:32:49	8570
annadel	2/27/2007	9:33:16	8571
annadel	2/27/2007	40:15.5	8572
annadel	2/27/2007	17:51.5	8573
annadel	2/27/2007	10:22:03	8574
annadel	2/27/2007	10:47:08	8575
annadel	2/27/2007	47:55.5	8576
annadel	2/27/2007	10:49:11	8577
annadel	2/27/2007	53:17.5	8578
annadel	2/27/2007	04:46.5	8579
annadel	2/27/2007	32:44.5	8580
annadel	2/27/2007	11:36:04	8581
annadel	2/27/2007	40:15.5	8582
annadel	2/27/2007	13:50:08	8583
annadel	2/27/2007	57:42.5	8584
annadel	2/27/2007	02:56.5	8585
annadel	2/27/2007	06:27.5	8586
annadel	2/27/2007	14:10:40	8587
annadel	2/27/2007	13:05.5	8588
annadel	2/27/2007	19:09.5	8589
annadel	2/27/2007	09:22.5	8590
annadel	2/27/2007	25:02.5	8591
annadel	2/27/2007	35:53.5	8592
annadel	2/27/2007	15:40:49	8593
annadel	2/27/2007	41:58.5	8594
annadel	2/27/2007	15:43:22	8595
annadel	2/27/2007	45:33.5	8596
annadel	2/27/2007	04:37.5	8597
annadel	2/27/2007	16:11:14	8598
annadel	2/27/2007	16:16:06	8599
annadel	2/27/2007	17:23.5	8600
annadel	2/27/2007	18:38.5	8601
annadel	2/27/2007	19:57.5	8602
annadel	2/27/2007	21:54.5	8603
annadel	2/27/2007	25:15.5	8604
annadel	2/27/2007	16:39:31	8605
annadel	2/27/2007	16:42:26	8606
annadel	2/27/2007	45:41.5	8607
annadel	2/27/2007	47:56.5	8608
annadel	2/27/2007	50:00.5	8609
annadel	2/27/2007	52:05.5	8610
annadel	2/27/2007	55:13.5	8611
annadel	2/27/2007	17:00:18	8612
annadel	2/27/2007	17:13:36	8613
annadel	2/27/2007	35:57.5	8614
annadel	2/27/2007	50:00.5	8615
annadel	2/27/2007	18:45:39	8616
annadel	2/27/2007	18:54:32	8617
annadel	2/27/2007	18:57:54	8618
annadel	2/27/2007	00:53.5	8619
annadel	2/27/2007	19:03:16	8620
annadel	2/27/2007	25:35.5	8621
annadel	2/27/2007	26:43.5	8622
annadel	2/28/2007	37:12.5	8623
annadel	3/1/2007	18:02:05	8624
annadel	3/7/2007	18:18:24	8625
annadel	3/7/2007	20:19:46	8626
annadel	3/8/2007	15:44.5	8627
annadel	3/20/2007	35:19.5	8628
annadel	3/20/2007	28:27.5	8629
annadel	3/20/2007	19:37.5	8630
annadel	3/20/2007	4:45:27	8631
annadel	3/20/2007	29:49.5	8632
annadel	3/20/2007	7:05:54	8633
annadel	3/26/2007	9:13:50	8634
annadel	3/26/2007	47:57.5	8635
annadel	3/26/2007	9:59:05	8636
annadel	3/26/2007	10:21:19	8637
annadel	3/26/2007	10:34:57	8638
annadel	3/26/2007	10:42:32	8639
annadel	3/26/2007	44:58.5	8640
annadel	3/26/2007	47:48.5	8641
annadel	3/26/2007	10:51:50	8642
annadel	3/26/2007	10:58:13	8643
annadel	3/26/2007	11:04.5	8644
annadel	3/26/2007	11:12:29	8645
annadel	3/26/2007	13:56.5	8646
annadel	3/26/2007	16:37.5	8647
annadel	3/26/2007	19:16.5	8648
annadel	3/26/2007	11:21:53	8649
annadel	3/26/2007	26:12.5	8650
annadel	3/26/2007	31:07.5	8651
annadel	3/26/2007	11:33:32	8652
annadel	3/26/2007	11:37:41	8653
annadel	3/26/2007	11:40:29	8654
annadel	3/26/2007	11:44:48	8655
annadel	3/26/2007	11:46:49	8656
annadel	3/26/2007	11:52:55	8657
annadel	3/26/2007	11:55:31	8658
annadel	3/26/2007	11:58:36	8659
annadel	3/26/2007	01:33.5	8660
annadel	3/26/2007	12:04:13	8661
annadel	3/26/2007	07:13.5	8662
annadel	3/26/2007	12:09:48	8663
annadel	3/26/2007	12:12:04	8664
annadel	3/26/2007	12:15:32	8665
annadel	3/26/2007	12:17:02	8666
annadel	3/26/2007	12:18:41	8667
annadel	3/26/2007	12:19:47	8668
annadel	3/26/2007	12:21:28	8669
annadel	3/26/2007	12:22:32	8670
annadel	3/26/2007	12:23:30	8671
annadel	3/26/2007	12:24:04	8672
annadel	3/26/2007	25:13.5	8673
annadel	3/26/2007	12:25:59	8674
annadel	3/26/2007	26:54.5	8675
annadel	3/26/2007	12:28:11	8676
annadel	3/26/2007	12:34:01	8677
annadel	3/26/2007	12:44:06	8678
annadel	3/26/2007	12:51:31	8679
annadel	3/26/2007	12:57:27	8680
annadel	3/26/2007	13:11:30	8681
annadel	3/26/2007	13:21:06	8682
annadel	3/26/2007	25:29.5	8683
annadel	3/26/2007	13:30:59	8684
annadel	3/26/2007	34:23.5	8685
annadel	3/26/2007	37:23.5	8686
annadel	3/26/2007	13:45:08	8687
annadel	3/26/2007	47:03.5	8688
annadel	3/26/2007	00:43.5	8689
annadel	3/26/2007	14:02:18	8690
annadel	3/26/2007	04:29.5	8691
annadel	3/26/2007	07:38.5	8692
annadel	3/26/2007	20:21.5	8693
annadel	3/26/2007	23:03.5	8694
annadel	3/26/2007	14:26:50	8695
annadel	3/26/2007	14:34:53	8696
annadel	3/26/2007	15:34:19	8697
annadel	4/7/2007	52:15.5	8698
annadel	4/7/2007	8:47:42	8699
annadel	4/7/2007	9:20:55	8700
annadel	4/7/2007	31:18.5	8701
annadel	4/7/2007	41:56.5	8702
annadel	4/7/2007	9:56:04	8703
annadel	4/7/2007	10:22:12	8704
annadel	4/7/2007	19:36.5	8705
annadel	4/10/2007	34:55.5	8706
annadel	4/10/2007	10:35:07	8706
