id,date,time,events
sec,4/15/2006,15:23,0
sec,4/15/2006,18:06,1
sec,4/15/2006,19:34,2
sec,4/15/2006,20:06,3
sec,4/15/2006,20:12,4
sec,4/15/2006,20:39,5
sec,4/15/2006,22:28,6
sec,4/15/2006,22:42,7
sec,4/15/2006,22:46,8
sec,4/15/2006,23:01,9
sec,4/15/2006,23:05,10
sec,4/15/2006,23:08,11
sec,4/15/2006,23:11,12
sec,4/15/2006,23:13,13
sec,4/15/2006,23:16,14
sec,4/15/2006,23:19,15
sec,4/15/2006,23:23,16
sec,4/15/2006,23:30,17
sec,4/15/2006,23:34,18
sec,4/15/2006,23:38,19
sec,4/15/2006,23:41,20
sec,4/15/2006,23:45,21
sec,4/15/2006,23:50,22
sec,4/15/2006,23:55,23
sec,4/15/2006,23:58,24
sec,4/16/2006,0:03,25
sec,4/16/2006,0:08,26
sec,4/16/2006,0:53,27
sec,4/16/2006,2:08,28
sec,4/16/2006,2:55,29
sec,4/16/2006,2:59,30
sec,4/16/2006,3:07,31
sec,4/16/2006,3:11,32
sec,4/16/2006,3:23,33
sec,4/16/2006,3:27,34
sec,4/16/2006,4:10,35
sec,4/16/2006,4:14,36
sec,4/16/2006,4:19,37
sec,4/16/2006,4:28,38
sec,4/16/2006,4:51,39
sec,4/16/2006,4:55,40
sec,4/16/2006,5:00,41
sec,4/16/2006,5:04,42
sec,4/16/2006,5:06,43
sec,4/16/2006,5:08,44
sec,4/16/2006,5:18,45
sec,4/16/2006,5:39,46
sec,4/16/2006,5:44,47
sec,4/16/2006,5:51,48
sec,4/16/2006,6:01,49
sec,4/16/2006,6:11,50
sec,4/16/2006,6:19,51
sec,4/16/2006,6:24,52
sec,4/16/2006,6:34,53
sec,4/16/2006,6:41,54
sec,4/16/2006,6:54,55
sec,4/16/2006,7:00,56
sec,4/16/2006,7:09,57
sec,4/16/2006,7:17,58
sec,4/16/2006,7:25,59
sec,4/16/2006,7:30,60
sec,4/16/2006,7:37,61
sec,4/16/2006,7:46,62
sec,4/16/2006,7:58,63
sec,4/16/2006,8:07,64
sec,4/16/2006,8:47,65
sec,4/16/2006,10:18,66
sec,4/16/2006,11:03,67
sec,4/16/2006,11:58,68
sec,4/16/2006,15:50,69
sec,4/16/2006,15:54,70
sec,4/16/2006,17:32,71
sec,4/16/2006,17:58,72
sec,4/16/2006,19:45,73
sec,4/16/2006,20:16,74
sec,4/16/2006,23:52,75
sec,4/17/2006,6:42,76
sec,4/18/2006,20:33,77
sec,5/19/2006,11:46,78
sec,5/19/2006,13:24,79
sec,5/19/2006,13:39,80
sec,5/19/2006,13:47,81
sec,5/19/2006,14:14,82
sec,5/19/2006,14:33,83
sec,5/19/2006,14:40,84
sec,5/19/2006,14:54,85
sec,5/19/2006,15:13,86
sec,5/19/2006,16:06,87
sec,5/19/2006,16:18,88
sec,5/19/2006,16:27,89
sec,5/19/2006,16:51,90
sec,5/19/2006,17:02,91
sec,5/19/2006,17:29,92
sec,5/19/2006,17:43,93
sec,5/19/2006,17:51,94
sec,5/19/2006,18:02,95
sec,5/19/2006,18:08,96
sec,5/19/2006,18:19,97
sec,5/19/2006,18:47,98
sec,5/19/2006,18:53,99
sec,5/19/2006,19:00,100
sec,5/19/2006,19:09,101
sec,5/19/2006,19:21,102
sec,5/20/2006,7:15,103
sec,5/21/2006,6:37,104
sec,5/21/2006,7:07,105
sec,5/21/2006,14:31,106
sec,5/21/2006,14:47,107
sec,5/21/2006,15:05,108
sec,5/21/2006,15:19,109
sec,5/21/2006,15:24,110
sec,5/21/2006,15:26,111
sec,5/21/2006,15:28,112
sec,5/21/2006,15:30,113
sec,5/21/2006,15:31,114
sec,5/21/2006,15:33,115
sec,5/21/2006,15:35,116
sec,5/21/2006,15:36,117
sec,5/21/2006,15:37,118
sec,5/21/2006,15:39,119
sec,5/21/2006,15:40,120
sec,5/21/2006,15:41,121
sec,5/21/2006,15:41,122
sec,5/21/2006,15:44,123
sec,5/21/2006,15:46,124
sec,5/21/2006,15:50,125
sec,5/21/2006,15:53,126
sec,5/21/2006,15:56,127
sec,5/21/2006,15:57,128
sec,5/21/2006,15:59,129
sec,5/21/2006,16:02,130
sec,5/21/2006,16:05,131
sec,5/21/2006,16:09,132
sec,5/21/2006,16:13,133
sec,5/21/2006,16:19,134
sec,5/21/2006,16:23,135
sec,5/21/2006,16:25,136
sec,5/21/2006,16:30,137
sec,5/21/2006,16:50,138
sec,5/21/2006,17:09,139
sec,5/21/2006,20:42,140
sec,5/21/2006,20:53,141
sec,5/21/2006,21:05,142
sec,5/21/2006,21:14,143
sec,5/21/2006,21:17,144
sec,5/21/2006,21:22,145
sec,5/21/2006,22:16,146
sec,5/21/2006,22:37,147
sec,5/21/2006,23:48,148
sec,5/22/2006,0:13,149
sec,5/22/2006,5:04,150
sec,5/23/2006,5:46,151
sec,5/24/2006,4:37,152
sec,5/24/2006,5:03,153
sec,5/24/2006,5:20,154
sec,5/24/2006,5:48,155
sec,10/4/2006,20:17,156
sec,10/4/2006,20:35,157
sec,10/4/2006,21:02,158
sec,10/4/2006,21:21,159
sec,10/4/2006,21:30,160
sec,10/4/2006,21:58,161
sec,10/4/2006,22:07,162
sec,10/4/2006,22:17,163
sec,10/4/2006,22:59,164
sec,10/4/2006,23:22,165
sec,10/4/2006,23:28,166
sec,10/4/2006,23:33,167
sec,10/4/2006,23:38,168
sec,10/4/2006,23:46,169
sec,10/4/2006,23:53,170
sec,10/5/2006,0:25,171
sec,10/5/2006,4:46,172
sec,10/5/2006,5:43,173
sec,10/5/2006,5:49,174
sec,10/5/2006,5:57,175
sec,10/5/2006,6:04,176
sec,10/5/2006,6:26,177
sec,10/5/2006,6:57,178
sec,10/5/2006,7:43,179
sec,10/5/2006,7:54,180
sec,10/5/2006,8:16,181
sec,10/5/2006,9:13,182
sec,10/5/2006,9:20,183
sec,10/5/2006,9:25,184
sec,10/5/2006,9:34,185
sec,10/5/2006,9:37,186
sec,10/5/2006,9:41,187
sec,10/5/2006,9:48,188
sec,10/5/2006,10:06,189
sec,10/5/2006,10:11,190
sec,10/5/2006,10:20,191
sec,10/5/2006,10:26,192
sec,10/5/2006,10:39,193
sec,10/5/2006,10:48,194
sec,10/5/2006,10:55,195
sec,10/5/2006,11:06,196
sec,10/5/2006,11:15,197
sec,10/5/2006,12:51,198
sec,10/16/2006,6:03,199
sec,11/1/2006,23:51,200
sec,11/2/2006,1:32,201
sec,11/2/2006,2:17,202
sec,11/2/2006,2:37,203
sec,11/2/2006,2:45,204
sec,11/2/2006,2:48,205
sec,11/2/2006,2:49,206
sec,11/2/2006,2:51,207
sec,11/2/2006,2:54,208
sec,11/2/2006,3:04,209
sec,11/2/2006,3:22,210
sec,11/2/2006,3:57,211
sec,11/2/2006,5:17,212
sec,11/2/2006,7:48,213
sec,11/2/2006,7:52,214
sec,11/2/2006,7:59,215
sec,11/2/2006,8:19,216
sec,11/2/2006,8:31,217
sec,11/2/2006,8:33,218
sec,11/2/2006,8:35,219
sec,11/2/2006,8:37,220
sec,11/2/2006,8:43,221
sec,11/2/2006,9:01,222
sec,11/2/2006,9:24,223
sec,11/2/2006,9:50,224
sec,11/2/2006,10:19,225
sec,11/2/2006,10:34,226
sec,11/2/2006,10:40,227
sec,11/2/2006,10:48,228
sec,11/2/2006,10:57,229
sec,11/2/2006,11:01,230
sec,11/2/2006,11:04,231
sec,11/2/2006,11:09,232
sec,11/2/2006,11:13,233
sec,11/2/2006,11:17,234
sec,11/2/2006,11:22,235
sec,11/2/2006,11:25,236
sec,11/2/2006,11:26,237
sec,11/2/2006,11:28,238
sec,11/2/2006,11:34,239
sec,11/2/2006,11:48,240
sec,11/2/2006,12:36,241
sec,11/2/2006,13:12,242
sec,11/2/2006,13:14,243
sec,11/2/2006,13:16,244
sec,11/2/2006,13:17,245
sec,11/2/2006,13:18,246
sec,11/2/2006,13:19,247
sec,11/2/2006,13:20,248
sec,11/2/2006,13:21,249
sec,11/2/2006,13:22,250
sec,11/2/2006,13:23,251
sec,11/2/2006,13:23,252
sec,11/2/2006,13:24,253
sec,11/2/2006,13:25,254
sec,11/2/2006,13:26,255
sec,11/2/2006,13:26,256
sec,11/2/2006,13:27,257
sec,11/2/2006,13:27,258
sec,11/2/2006,13:29,259
sec,11/2/2006,13:30,260
sec,11/2/2006,13:31,261
sec,11/2/2006,13:32,262
sec,11/2/2006,13:33,263
sec,11/2/2006,13:33,264
sec,11/2/2006,13:34,265
sec,11/2/2006,13:35,266
sec,11/2/2006,13:35,267
sec,11/2/2006,13:36,268
sec,11/2/2006,13:36,269
sec,11/2/2006,13:37,270
sec,11/2/2006,13:38,271
sec,11/2/2006,13:39,272
sec,11/2/2006,13:42,273
sec,11/2/2006,13:44,274
sec,11/2/2006,13:46,275
sec,11/2/2006,13:47,276
sec,11/2/2006,13:49,277
sec,11/2/2006,13:51,278
sec,11/2/2006,13:52,279
sec,11/2/2006,13:54,280
sec,11/2/2006,13:55,281
sec,11/2/2006,13:56,282
sec,11/2/2006,13:58,283
sec,11/2/2006,14:00,284
sec,11/2/2006,14:02,285
sec,11/2/2006,14:03,286
sec,11/2/2006,14:05,287
sec,11/2/2006,14:06,288
sec,11/2/2006,14:08,289
sec,11/2/2006,14:10,290
sec,11/2/2006,14:13,291
sec,11/2/2006,14:15,292
sec,11/2/2006,14:16,293
sec,11/2/2006,14:17,294
sec,11/2/2006,14:19,295
sec,11/2/2006,14:23,296
sec,11/2/2006,14:25,297
sec,11/2/2006,14:29,298
sec,11/2/2006,14:32,299
sec,11/2/2006,14:37,300
sec,11/2/2006,14:48,301
sec,11/2/2006,14:55,302
sec,11/2/2006,15:02,303
sec,11/2/2006,15:06,304
sec,11/2/2006,15:10,305
sec,11/2/2006,15:15,306
sec,11/2/2006,15:25,307
sec,11/2/2006,20:42,308
sec,11/11/2006,1:51,309
sec,11/11/2006,1:56,310
sec,11/11/2006,1:59,311
sec,11/11/2006,2:02,312
sec,11/11/2006,2:06,313
sec,11/11/2006,2:08,314
sec,11/11/2006,2:12,315
sec,11/11/2006,2:14,316
sec,11/11/2006,2:17,317
sec,11/11/2006,2:20,318
sec,11/11/2006,2:22,319
sec,11/11/2006,2:25,320
sec,11/11/2006,2:29,321
sec,11/11/2006,2:32,322
sec,11/11/2006,2:38,323
sec,11/11/2006,2:45,324
sec,11/11/2006,3:02,325
sec,11/11/2006,3:14,326
sec,11/11/2006,3:20,327
sec,11/11/2006,3:25,328
sec,11/11/2006,3:30,329
sec,11/11/2006,3:33,330
sec,11/11/2006,3:38,331
sec,11/11/2006,3:41,332
sec,11/11/2006,3:43,333
sec,11/11/2006,3:46,334
sec,11/11/2006,3:50,335
sec,11/11/2006,3:52,336
sec,11/11/2006,3:55,337
sec,11/11/2006,3:58,338
sec,11/11/2006,4:02,339
sec,11/11/2006,4:05,340
sec,11/11/2006,4:07,341
sec,11/11/2006,4:09,342
sec,11/11/2006,4:12,343
sec,11/11/2006,4:14,344
sec,11/11/2006,4:16,345
sec,11/11/2006,4:17,346
sec,11/11/2006,4:19,347
sec,11/11/2006,4:21,348
sec,11/11/2006,4:22,349
sec,11/11/2006,4:23,350
sec,11/11/2006,4:27,351
sec,11/11/2006,4:30,352
sec,11/11/2006,4:36,353
sec,11/11/2006,4:48,354
sec,11/11/2006,5:05,355
sec,11/11/2006,5:07,356
sec,11/11/2006,5:11,357
sec,11/11/2006,5:14,358
sec,11/11/2006,5:18,359
sec,11/11/2006,5:21,360
sec,11/11/2006,5:26,361
sec,11/11/2006,5:30,362
sec,11/11/2006,5:58,363
sec,11/11/2006,6:45,364
sec,11/11/2006,8:06,365
sec,11/12/2006,22:18,366
sec,11/12/2006,22:29,367
sec,11/12/2006,23:16,368
sec,11/12/2006,23:22,369
sec,11/12/2006,23:28,370
sec,11/12/2006,23:48,371
sec,11/12/2006,23:51,372
sec,11/12/2006,23:54,373
sec,11/12/2006,23:59,374
sec,11/13/2006,0:14,375
sec,11/13/2006,0:23,376
sec,11/13/2006,0:43,377
sec,11/13/2006,0:52,378
sec,11/13/2006,1:07,379
sec,11/13/2006,1:29,380
sec,11/13/2006,1:40,381
sec,11/13/2006,1:44,382
sec,11/13/2006,1:48,383
sec,11/13/2006,1:54,384
sec,11/13/2006,2:00,385
sec,11/13/2006,2:07,386
sec,11/13/2006,2:53,387
sec,11/13/2006,3:26,388
sec,11/13/2006,3:51,389
sec,11/13/2006,4:04,390
sec,11/13/2006,4:18,391
sec,11/13/2006,4:31,392
sec,11/13/2006,4:46,393
sec,11/13/2006,4:58,394
sec,11/13/2006,5:14,395
sec,11/13/2006,5:36,396
sec,11/13/2006,6:16,397
sec,11/13/2006,6:32,398
sec,11/13/2006,6:57,399
sec,11/13/2006,7:21,400
sec,11/13/2006,8:04,401
sec,11/13/2006,8:38,402
sec,11/13/2006,9:18,403
sec,11/13/2006,9:58,404
sec,11/13/2006,10:18,405
sec,11/13/2006,10:43,406
sec,11/13/2006,11:08,407
sec,11/13/2006,11:17,408
sec,11/13/2006,11:36,409
sec,11/13/2006,11:56,410
sec,11/13/2006,12:13,411
sec,11/13/2006,12:29,412
sec,11/13/2006,12:40,413
sec,11/13/2006,12:52,414
sec,11/13/2006,13:04,415
sec,11/13/2006,13:16,416
sec,11/13/2006,13:34,417
sec,11/13/2006,13:45,418
sec,11/13/2006,14:08,419
sec,11/13/2006,14:18,420
sec,11/13/2006,14:25,421
sec,11/13/2006,14:30,422
sec,11/13/2006,14:33,423
sec,11/13/2006,14:34,424
sec,11/13/2006,14:36,425
sec,11/13/2006,14:37,426
sec,11/13/2006,14:38,427
sec,11/13/2006,14:39,428
sec,11/13/2006,14:40,429
sec,11/13/2006,14:41,430
sec,11/13/2006,14:43,431
sec,11/13/2006,14:57,432
sec,11/13/2006,15:06,433
sec,11/13/2006,15:09,434
sec,11/13/2006,15:24,435
sec,11/13/2006,15:41,436
sec,11/13/2006,15:51,437
sec,11/13/2006,15:57,438
sec,11/13/2006,16:02,439
sec,11/13/2006,16:04,440
sec,11/13/2006,16:06,441
sec,11/13/2006,16:06,442
sec,11/13/2006,16:06,443
sec,11/13/2006,16:07,444
sec,11/13/2006,16:11,445
sec,11/13/2006,16:15,446
sec,11/13/2006,16:21,447
sec,11/13/2006,16:30,448
sec,11/13/2006,16:42,449
sec,11/13/2006,16:52,450
sec,11/13/2006,16:59,451
sec,11/13/2006,17:13,452
sec,11/13/2006,17:38,453
sec,11/13/2006,18:12,454
sec,11/13/2006,18:18,455
sec,11/13/2006,18:38,456
sec,11/13/2006,18:40,457
sec,11/13/2006,18:46,458
sec,11/13/2006,19:57,459
sec,11/13/2006,20:14,460
sec,11/13/2006,22:28,461
sec,11/15/2006,14:47,462
sec,11/16/2006,7:09,463
sec,11/16/2006,7:45,464
sec,11/16/2006,8:23,465
sec,11/16/2006,9:10,466
sec,11/16/2006,11:34,467
sec,11/17/2006,8:41,468
sec,11/22/2006,19:24,469
sec,11/22/2006,19:28,470
sec,11/22/2006,20:13,471
sec,11/22/2006,20:41,472
sec,11/22/2006,20:49,473
sec,11/22/2006,21:01,474
sec,11/23/2006,7:20,475
sec,11/26/2006,10:21,476
sec,11/26/2006,10:28,477
sec,11/26/2006,10:33,478
sec,11/26/2006,10:37,479
sec,11/26/2006,10:40,480
sec,11/26/2006,10:44,481
sec,11/26/2006,10:48,482
sec,11/26/2006,10:52,483
sec,11/26/2006,10:56,484
sec,11/26/2006,11:02,485
sec,11/26/2006,11:08,486
sec,11/26/2006,11:13,487
sec,11/26/2006,11:17,488
sec,11/26/2006,11:22,489
sec,11/26/2006,11:28,490
sec,11/26/2006,11:32,491
sec,11/26/2006,11:34,492
sec,11/26/2006,11:42,493
sec,11/26/2006,11:48,494
sec,11/26/2006,11:53,495
sec,11/26/2006,11:55,496
sec,11/26/2006,12:01,497
sec,11/26/2006,12:07,498
sec,11/26/2006,12:17,499
sec,11/26/2006,12:24,500
sec,11/26/2006,12:29,501
sec,11/26/2006,12:32,502
sec,11/26/2006,12:40,503
sec,11/26/2006,12:53,504
sec,11/26/2006,13:05,505
sec,11/26/2006,13:08,506
sec,11/26/2006,13:11,507
sec,11/26/2006,13:13,508
sec,11/26/2006,13:17,509
sec,11/26/2006,13:19,510
sec,11/26/2006,13:21,511
sec,11/26/2006,13:23,512
sec,11/26/2006,13:29,513
sec,11/26/2006,13:34,514
sec,11/26/2006,13:40,515
sec,11/26/2006,13:44,516
sec,11/26/2006,13:45,517
sec,11/26/2006,13:46,518
sec,11/26/2006,13:47,519
sec,11/26/2006,13:49,520
sec,11/26/2006,13:52,521
sec,11/26/2006,13:54,522
sec,11/26/2006,13:55,523
sec,11/26/2006,13:56,524
sec,11/26/2006,13:57,525
sec,11/26/2006,13:58,526
sec,11/26/2006,13:59,527
sec,11/26/2006,14:01,528
sec,11/26/2006,14:02,529
sec,11/26/2006,14:03,530
sec,11/26/2006,14:04,531
sec,11/26/2006,14:06,532
sec,11/26/2006,14:08,533
sec,11/26/2006,14:12,534
sec,11/26/2006,14:15,535
sec,11/26/2006,14:17,536
sec,11/26/2006,14:19,537
sec,11/26/2006,14:21,538
sec,11/26/2006,14:23,539
sec,11/26/2006,14:24,540
sec,11/26/2006,14:25,541
sec,11/26/2006,14:26,542
sec,11/26/2006,14:27,543
sec,11/26/2006,14:28,544
sec,11/26/2006,14:29,545
sec,11/26/2006,14:30,546
sec,11/26/2006,14:33,547
sec,11/26/2006,14:39,548
sec,11/26/2006,14:41,549
sec,11/26/2006,14:43,550
sec,11/26/2006,14:44,551
sec,11/26/2006,14:45,552
sec,11/26/2006,14:47,553
sec,11/26/2006,14:48,554
sec,11/26/2006,14:49,555
sec,11/26/2006,14:50,556
sec,11/26/2006,14:50,557
sec,11/26/2006,14:51,558
sec,11/26/2006,14:51,559
sec,11/26/2006,14:52,560
sec,11/26/2006,14:52,561
sec,11/26/2006,14:53,562
sec,11/26/2006,14:53,563
sec,11/26/2006,14:53,564
sec,11/26/2006,14:53,565
sec,11/26/2006,14:54,566
sec,11/26/2006,14:54,567
sec,11/26/2006,14:54,568
sec,11/26/2006,14:54,569
sec,11/26/2006,14:55,570
sec,11/26/2006,14:55,571
sec,11/26/2006,14:55,572
sec,11/26/2006,14:56,573
sec,11/26/2006,14:56,574
sec,11/26/2006,14:57,575
sec,11/26/2006,14:57,576
sec,11/26/2006,14:58,577
sec,11/26/2006,14:58,578
sec,11/26/2006,14:58,579
sec,11/26/2006,14:59,580
sec,11/26/2006,15:00,581
sec,11/26/2006,15:01,582
sec,11/26/2006,15:03,583
sec,11/26/2006,15:21,584
sec,11/26/2006,23:56,585
sec,11/27/2006,0:11,586
sec,11/27/2006,2:24,587
sec,11/27/2006,6:35,588
sec,11/28/2006,10:40,589
sec,12/8/2006,18:57,590
sec,12/8/2006,19:07,591
sec,12/8/2006,19:14,592
sec,12/8/2006,19:21,593
sec,12/8/2006,19:24,594
sec,12/8/2006,19:34,595
sec,12/8/2006,19:41,596
sec,12/8/2006,19:47,597
sec,12/8/2006,19:51,598
sec,12/8/2006,19:54,599
sec,12/8/2006,19:56,600
sec,12/8/2006,19:58,601
sec,12/8/2006,20:01,602
sec,12/8/2006,20:04,603
sec,12/8/2006,20:06,604
sec,12/8/2006,20:11,605
sec,12/8/2006,20:15,606
sec,12/8/2006,20:19,607
sec,12/8/2006,20:23,608
sec,12/8/2006,20:31,609
sec,12/8/2006,20:40,610
sec,12/8/2006,20:45,611
sec,12/8/2006,20:46,612
sec,12/8/2006,20:47,613
sec,12/8/2006,20:49,614
sec,12/8/2006,20:50,615
sec,12/8/2006,20:52,616
sec,12/8/2006,20:53,617
sec,12/8/2006,20:55,618
sec,12/8/2006,20:57,619
sec,12/8/2006,21:00,620
sec,12/8/2006,21:04,621
sec,12/8/2006,21:06,622
sec,12/8/2006,21:07,623
sec,12/8/2006,21:09,624
sec,12/8/2006,21:10,625
sec,12/8/2006,21:13,626
sec,12/8/2006,21:16,627
sec,12/8/2006,21:19,628
sec,12/8/2006,21:23,629
sec,12/8/2006,21:25,630
sec,12/8/2006,21:27,631
sec,12/8/2006,21:30,632
sec,12/8/2006,21:32,633
sec,12/8/2006,21:36,634
sec,12/8/2006,21:38,635
sec,12/8/2006,21:39,636
sec,12/8/2006,21:40,637
sec,12/8/2006,21:42,638
sec,12/8/2006,21:43,639
sec,12/8/2006,21:45,640
sec,12/8/2006,21:48,641
sec,12/8/2006,21:52,642
sec,12/8/2006,21:55,643
sec,12/8/2006,22:10,644
sec,12/8/2006,22:26,645
sec,12/8/2006,22:36,646
sec,12/8/2006,22:46,647
sec,12/8/2006,22:57,648
sec,12/8/2006,23:09,649
sec,12/8/2006,23:24,650
sec,12/8/2006,23:35,651
sec,12/8/2006,23:44,652
sec,12/8/2006,23:51,653
sec,12/9/2006,0:02,654
sec,12/9/2006,0:28,655
sec,12/9/2006,0:34,656
sec,12/9/2006,0:44,657
sec,12/9/2006,0:56,658
sec,12/9/2006,1:08,659
sec,12/9/2006,1:36,660
sec,12/9/2006,2:22,661
sec,12/9/2006,4:08,662
sec,12/9/2006,4:36,663
sec,12/9/2006,4:53,664
sec,12/9/2006,4:59,665
sec,12/9/2006,5:14,666
sec,12/9/2006,5:34,667
sec,12/9/2006,6:56,668
sec,12/9/2006,7:08,669
sec,12/9/2006,7:14,670
sec,12/9/2006,12:39,671
sec,12/9/2006,16:13,672
sec,12/9/2006,16:19,673
sec,12/9/2006,16:26,674
sec,12/9/2006,16:32,675
sec,12/9/2006,16:37,676
sec,12/9/2006,16:42,677
sec,12/9/2006,16:46,678
sec,12/9/2006,16:53,679
sec,12/9/2006,16:58,680
sec,12/9/2006,17:08,681
sec,12/9/2006,17:16,682
sec,12/9/2006,17:30,683
sec,12/9/2006,17:33,684
sec,12/9/2006,17:37,685
sec,12/9/2006,17:40,686
sec,12/9/2006,17:44,687
sec,12/9/2006,17:48,688
sec,12/9/2006,17:52,689
sec,12/9/2006,17:56,690
sec,12/9/2006,18:00,691
sec,12/9/2006,18:03,692
sec,12/9/2006,18:06,693
sec,12/9/2006,18:09,694
sec,12/9/2006,18:11,695
sec,12/9/2006,18:14,696
sec,12/9/2006,18:16,697
sec,12/9/2006,18:19,698
sec,12/9/2006,18:22,699
sec,12/9/2006,18:25,700
sec,12/9/2006,18:28,701
sec,12/9/2006,18:31,702
sec,12/9/2006,18:34,703
sec,12/9/2006,18:36,704
sec,12/9/2006,18:39,705
sec,12/9/2006,18:42,706
sec,12/9/2006,18:47,707
sec,12/9/2006,18:48,708
sec,12/9/2006,18:49,709
sec,12/9/2006,18:51,710
sec,12/9/2006,18:52,711
sec,12/9/2006,18:53,712
sec,12/9/2006,18:55,713
sec,12/9/2006,18:56,714
sec,12/9/2006,18:57,715
sec,12/9/2006,18:58,716
sec,12/9/2006,19:00,717
sec,12/9/2006,19:02,718
sec,12/9/2006,19:05,719
sec,12/9/2006,19:21,720
sec,12/9/2006,19:31,721
sec,12/9/2006,19:32,722
sec,12/9/2006,19:48,723
sec,12/9/2006,23:11,724
sec,12/9/2006,23:51,725
sec,12/9/2006,23:52,726
sec,12/9/2006,23:57,727
sec,12/10/2006,0:51,728
sec,12/10/2006,3:09,729
sec,12/10/2006,3:10,730
sec,12/10/2006,3:10,731
sec,12/10/2006,3:15,732
sec,12/10/2006,5:14,733
sec,12/10/2006,5:17,734
sec,12/10/2006,5:22,735
sec,12/10/2006,5:28,736
sec,12/10/2006,5:35,737
sec,12/10/2006,5:37,738
sec,12/10/2006,5:41,739
sec,12/10/2006,5:43,740
sec,12/10/2006,5:45,741
sec,12/10/2006,5:47,742
sec,12/10/2006,5:49,743
sec,12/10/2006,5:50,744
sec,12/10/2006,5:53,745
sec,12/10/2006,5:55,746
sec,12/10/2006,5:58,747
sec,12/10/2006,6:01,748
sec,12/10/2006,6:04,749
sec,12/10/2006,6:19,750
sec,12/10/2006,6:26,751
sec,12/10/2006,6:44,752
sec,12/10/2006,7:05,753
sec,12/10/2006,7:30,754
sec,12/10/2006,7:57,755
sec,12/10/2006,8:08,756
sec,12/10/2006,8:16,757
sec,12/10/2006,8:19,758
sec,12/10/2006,8:23,759
sec,12/10/2006,8:27,760
sec,12/10/2006,8:41,761
sec,12/10/2006,9:37,762
sec,12/11/2006,12:54,763
sec,12/11/2006,13:02,764
sec,12/11/2006,13:32,765
sec,12/11/2006,14:56,766
sec,12/11/2006,19:10,767
sec,12/11/2006,19:12,768
sec,12/11/2006,19:20,769
sec,12/11/2006,19:33,770
sec,12/11/2006,19:50,771
sec,12/11/2006,19:54,772
sec,12/11/2006,19:56,773
sec,12/11/2006,19:57,774
sec,12/11/2006,19:58,775
sec,12/11/2006,19:58,776
sec,12/11/2006,20:00,777
sec,12/11/2006,20:01,778
sec,12/11/2006,20:07,779
sec,12/11/2006,20:10,780
sec,12/11/2006,20:16,781
sec,12/11/2006,20:18,782
sec,12/11/2006,20:24,783
sec,12/11/2006,20:28,784
sec,12/11/2006,20:32,785
sec,12/11/2006,20:33,786
sec,12/11/2006,20:35,787
sec,12/11/2006,20:37,788
sec,12/11/2006,20:40,789
sec,12/11/2006,20:41,790
sec,12/11/2006,20:43,791
sec,12/11/2006,20:46,792
sec,12/11/2006,20:58,793
sec,12/11/2006,21:03,794
sec,12/11/2006,21:12,795
sec,12/11/2006,21:14,796
sec,12/11/2006,21:16,797
sec,12/11/2006,21:17,798
sec,12/11/2006,21:19,799
sec,12/11/2006,21:20,800
sec,12/11/2006,21:22,801
sec,12/11/2006,21:23,802
sec,12/11/2006,21:26,803
sec,12/11/2006,21:27,804
sec,12/11/2006,21:29,805
sec,12/11/2006,21:32,806
sec,12/11/2006,21:40,807
sec,12/11/2006,21:43,808
sec,12/11/2006,21:47,809
sec,12/11/2006,21:53,810
sec,12/11/2006,21:57,811
sec,12/11/2006,22:01,812
sec,12/11/2006,22:08,813
sec,12/11/2006,22:11,814
sec,12/11/2006,22:13,815
sec,12/11/2006,22:14,816
sec,12/11/2006,22:16,817
sec,12/11/2006,22:17,818
sec,12/11/2006,22:19,819
sec,12/11/2006,22:20,820
sec,12/11/2006,22:22,821
sec,12/11/2006,22:24,822
sec,12/11/2006,22:26,823
sec,12/11/2006,22:29,824
sec,12/11/2006,22:33,825
sec,12/11/2006,22:36,826
sec,12/11/2006,22:39,827
sec,12/11/2006,22:42,828
sec,12/11/2006,22:51,829
sec,12/11/2006,22:58,830
sec,12/11/2006,23:02,831
sec,12/11/2006,23:03,832
sec,12/11/2006,23:05,833
sec,12/11/2006,23:06,834
sec,12/11/2006,23:08,835
sec,12/11/2006,23:09,836
sec,12/11/2006,23:11,837
sec,12/11/2006,23:12,838
sec,12/11/2006,23:13,839
sec,12/11/2006,23:14,840
sec,12/11/2006,23:17,841
sec,12/11/2006,23:19,842
sec,12/11/2006,23:20,843
sec,12/11/2006,23:22,844
sec,12/11/2006,23:27,845
sec,12/11/2006,23:35,846
sec,12/11/2006,23:40,847
sec,12/11/2006,23:43,848
sec,12/11/2006,23:49,849
sec,12/11/2006,23:53,850
sec,12/11/2006,23:56,851
sec,12/11/2006,23:59,852
sec,12/12/2006,0:01,853
sec,12/12/2006,0:04,854
sec,12/12/2006,0:07,855
sec,12/12/2006,0:12,856
sec,12/12/2006,0:18,857
sec,12/12/2006,0:23,858
sec,12/12/2006,0:28,859
sec,12/12/2006,0:32,860
sec,12/12/2006,0:46,861
sec,12/12/2006,0:56,862
sec,12/12/2006,1:13,863
sec,12/12/2006,1:18,864
sec,12/12/2006,1:26,865
sec,12/12/2006,1:35,866
sec,12/12/2006,1:40,867
sec,12/12/2006,1:46,868
sec,12/12/2006,2:03,869
sec,12/12/2006,2:34,870
sec,12/12/2006,2:42,871
sec,12/12/2006,2:43,872
sec,12/12/2006,2:46,873
sec,12/12/2006,3:13,874
sec,12/12/2006,3:51,875
sec,12/12/2006,3:58,876
sec,12/12/2006,4:21,877
sec,12/12/2006,4:54,878
sec,12/12/2006,5:15,879
sec,12/12/2006,5:25,880
sec,12/12/2006,5:51,881
sec,12/12/2006,6:15,882
sec,12/12/2006,6:43,883
sec,12/12/2006,7:01,884
sec,12/12/2006,7:32,885
sec,12/12/2006,7:40,886
sec,12/12/2006,7:45,887
sec,12/12/2006,7:52,888
sec,12/12/2006,8:07,889
sec,12/12/2006,8:11,890
sec,12/12/2006,8:21,891
sec,12/12/2006,8:30,892
sec,12/12/2006,9:40,893
sec,12/12/2006,23:55,894
sec,12/13/2006,6:41,895
sec,12/13/2006,8:31,896
sec,12/13/2006,9:24,897
sec,12/13/2006,11:45,898
sec,12/13/2006,13:40,899
sec,12/13/2006,14:22,900
sec,12/13/2006,15:03,901
sec,12/13/2006,15:43,902
sec,12/13/2006,16:18,903
sec,12/13/2006,17:42,904
sec,12/13/2006,18:27,905
sec,12/14/2006,0:49,906
sec,12/14/2006,3:17,907
sec,12/14/2006,4:51,908
sec,12/14/2006,5:59,909
sec,12/14/2006,7:48,910
sec,12/14/2006,22:38,911
sec,12/14/2006,22:56,912
sec,12/14/2006,23:11,913
sec,12/14/2006,23:25,914
sec,12/14/2006,23:42,915
sec,12/14/2006,23:54,916
sec,12/15/2006,0:06,917
sec,12/15/2006,0:16,918
sec,12/15/2006,0:25,919
sec,12/15/2006,0:38,920
sec,12/15/2006,1:02,921
sec,12/15/2006,8:16,922
sec,12/21/2006,8:49,923
sec,12/21/2006,8:58,924
sec,12/21/2006,9:09,925
sec,12/21/2006,9:12,926
sec,12/21/2006,9:14,927
sec,12/21/2006,9:16,928
sec,12/21/2006,9:19,929
sec,12/21/2006,9:21,930
sec,12/21/2006,9:24,931
sec,12/21/2006,9:27,932
sec,12/21/2006,9:31,933
sec,12/21/2006,9:35,934
sec,12/21/2006,9:38,935
sec,12/21/2006,9:40,936
sec,12/21/2006,9:44,937
sec,12/21/2006,9:46,938
sec,12/21/2006,9:49,939
sec,12/21/2006,9:53,940
sec,12/21/2006,9:56,941
sec,12/21/2006,9:59,942
sec,12/21/2006,10:04,943
sec,12/21/2006,10:09,944
sec,12/21/2006,10:13,945
sec,12/21/2006,10:17,946
sec,12/21/2006,10:21,947
sec,12/21/2006,10:25,948
sec,12/21/2006,10:33,949
sec,12/21/2006,10:40,950
sec,12/21/2006,10:48,951
sec,12/21/2006,10:56,952
sec,12/21/2006,11:08,953
sec,12/21/2006,11:10,954
sec,12/21/2006,11:12,955
sec,12/21/2006,11:14,956
sec,12/21/2006,11:17,957
sec,12/21/2006,11:20,958
sec,12/21/2006,11:26,959
sec,12/21/2006,11:30,960
sec,12/21/2006,11:34,961
sec,12/21/2006,11:36,962
sec,12/21/2006,11:41,963
sec,12/21/2006,11:42,964
sec,12/21/2006,11:45,965
sec,12/21/2006,11:46,966
sec,12/21/2006,11:48,967
sec,12/21/2006,11:50,968
sec,12/21/2006,11:54,969
sec,12/21/2006,12:00,970
sec,12/21/2006,12:04,971
sec,12/21/2006,12:08,972
sec,12/21/2006,12:12,973
sec,12/21/2006,12:15,974
sec,12/21/2006,12:19,975
sec,12/21/2006,12:22,976
sec,12/21/2006,12:24,977
sec,12/21/2006,12:25,978
sec,12/21/2006,12:28,979
sec,12/21/2006,12:31,980
sec,12/21/2006,12:35,981
sec,12/21/2006,12:37,982
sec,12/21/2006,12:41,983
sec,12/21/2006,12:44,984
sec,12/21/2006,12:48,985
sec,12/21/2006,12:53,986
sec,12/21/2006,13:00,987
sec,12/21/2006,13:08,988
sec,12/21/2006,13:18,989
sec,12/21/2006,13:26,990
sec,12/21/2006,13:37,991
sec,12/21/2006,13:46,992
sec,12/21/2006,13:55,993
sec,12/21/2006,14:01,994
sec,12/21/2006,14:08,995
sec,12/21/2006,14:15,996
sec,12/21/2006,14:58,997
sec,12/21/2006,16:15,998
sec,12/21/2006,16:18,999
sec,12/21/2006,16:20,1000
sec,12/21/2006,16:22,1001
sec,12/21/2006,16:23,1002
sec,12/21/2006,16:25,1003
sec,12/21/2006,16:26,1004
sec,12/21/2006,16:27,1005
sec,12/21/2006,16:28,1006
sec,12/21/2006,16:30,1007
sec,12/21/2006,16:31,1008
sec,12/21/2006,16:33,1009
sec,12/21/2006,16:35,1010
sec,12/21/2006,16:39,1011
sec,12/21/2006,16:41,1012
sec,12/21/2006,16:43,1013
sec,12/21/2006,16:46,1014
sec,12/21/2006,16:57,1015
sec,12/21/2006,17:04,1016
sec,12/21/2006,17:40,1017
sec,12/21/2006,17:54,1018
sec,12/21/2006,18:04,1019
sec,12/21/2006,18:25,1020
sec,12/26/2006,7:02,1021
sec,12/26/2006,9:09,1022
sec,12/26/2006,9:26,1023
sec,12/26/2006,9:35,1024
sec,12/26/2006,9:44,1025
sec,12/26/2006,9:48,1026
sec,12/26/2006,9:57,1027
sec,12/26/2006,10:02,1028
sec,12/26/2006,10:10,1029
sec,12/26/2006,10:14,1030
sec,12/26/2006,10:29,1031
sec,12/26/2006,10:56,1032
sec,12/26/2006,11:02,1033
sec,12/26/2006,11:09,1034
sec,12/26/2006,11:22,1035
sec,12/26/2006,11:24,1036
sec,12/26/2006,11:27,1037
sec,12/26/2006,11:29,1038
sec,12/26/2006,11:31,1039
sec,12/26/2006,11:34,1040
sec,12/26/2006,11:37,1041
sec,12/26/2006,11:42,1042
sec,12/26/2006,11:47,1043
sec,12/26/2006,11:55,1044
sec,12/26/2006,12:01,1045
sec,12/26/2006,12:07,1046
sec,12/26/2006,12:17,1047
sec,12/26/2006,12:24,1048
sec,12/26/2006,12:28,1049
sec,12/26/2006,12:30,1050
sec,12/26/2006,12:33,1051
sec,12/26/2006,12:35,1052
sec,12/26/2006,12:40,1053
sec,12/26/2006,12:45,1054
sec,12/26/2006,12:53,1055
sec,12/26/2006,13:04,1056
sec,12/26/2006,13:14,1057
sec,12/26/2006,13:18,1058
sec,12/26/2006,13:23,1059
sec,12/26/2006,13:28,1060
sec,12/26/2006,13:31,1061
sec,12/26/2006,13:35,1062
sec,12/26/2006,13:40,1063
sec,12/26/2006,13:43,1064
sec,12/26/2006,13:46,1065
sec,12/26/2006,13:49,1066
sec,12/26/2006,13:52,1067
sec,12/26/2006,13:55,1068
sec,12/26/2006,13:59,1069
sec,12/26/2006,14:02,1070
sec,12/26/2006,14:07,1071
sec,12/26/2006,14:10,1072
sec,12/26/2006,14:16,1073
sec,12/26/2006,14:20,1074
sec,12/26/2006,14:24,1075
sec,12/26/2006,14:27,1076
sec,12/26/2006,14:33,1077
sec,12/26/2006,14:35,1078
sec,12/26/2006,14:38,1079
sec,12/26/2006,14:40,1080
sec,12/26/2006,14:42,1081
sec,12/26/2006,14:44,1082
sec,12/26/2006,14:47,1083
sec,12/26/2006,14:49,1084
sec,12/26/2006,14:52,1085
sec,12/26/2006,15:04,1086
sec,12/26/2006,15:05,1087
sec,12/26/2006,15:06,1088
sec,12/26/2006,15:07,1089
sec,12/26/2006,15:08,1090
sec,12/26/2006,15:09,1091
sec,12/26/2006,15:10,1092
sec,12/26/2006,15:11,1093
sec,12/26/2006,15:13,1094
sec,12/26/2006,15:16,1095
sec,12/26/2006,15:18,1096
sec,12/26/2006,15:18,1097
sec,12/26/2006,15:19,1098
sec,12/26/2006,15:20,1099
sec,12/26/2006,15:21,1100
sec,12/26/2006,15:21,1101
sec,12/26/2006,15:22,1102
sec,12/26/2006,15:23,1103
sec,12/26/2006,15:23,1104
sec,12/26/2006,15:24,1105
sec,12/26/2006,15:24,1106
sec,12/26/2006,15:26,1107
sec,12/26/2006,15:26,1108
sec,12/26/2006,15:27,1109
sec,12/26/2006,15:30,1110
sec,12/26/2006,15:31,1111
sec,12/26/2006,15:36,1112
sec,12/26/2006,16:00,1113
sec,12/26/2006,16:01,1114
sec,12/26/2006,16:03,1115
sec,12/26/2006,16:04,1116
sec,12/26/2006,16:04,1117
sec,12/26/2006,16:06,1118
sec,12/26/2006,16:07,1119
sec,12/26/2006,16:08,1120
sec,12/26/2006,16:10,1121
sec,12/26/2006,16:11,1122
sec,12/26/2006,16:12,1123
sec,12/26/2006,16:13,1124
sec,12/26/2006,16:14,1125
sec,12/26/2006,16:17,1126
sec,12/26/2006,16:18,1127
sec,12/26/2006,16:20,1128
sec,12/26/2006,16:22,1129
sec,12/26/2006,16:23,1130
sec,12/26/2006,16:27,1131
sec,12/26/2006,16:29,1132
sec,12/26/2006,16:30,1133
sec,12/26/2006,16:31,1134
sec,12/26/2006,16:32,1135
sec,12/26/2006,16:33,1136
sec,12/26/2006,16:34,1137
sec,12/26/2006,16:35,1138
sec,12/26/2006,16:36,1139
sec,12/26/2006,16:37,1140
sec,12/26/2006,16:37,1141
sec,12/26/2006,16:38,1142
sec,12/26/2006,16:38,1143
sec,12/26/2006,16:38,1144
sec,12/26/2006,16:39,1145
sec,12/26/2006,16:39,1146
sec,12/26/2006,16:40,1147
sec,12/26/2006,16:40,1148
sec,12/26/2006,16:41,1149
sec,12/26/2006,16:41,1150
sec,12/26/2006,16:42,1151
sec,12/26/2006,16:43,1152
sec,12/26/2006,16:44,1153
sec,12/26/2006,16:45,1154
sec,12/26/2006,16:46,1155
sec,12/26/2006,16:47,1156
sec,12/26/2006,16:48,1157
sec,12/26/2006,16:48,1158
sec,12/26/2006,16:49,1159
sec,12/26/2006,16:50,1160
sec,12/26/2006,16:51,1161
sec,12/26/2006,16:52,1162
sec,12/26/2006,16:54,1163
sec,12/26/2006,16:55,1164
sec,12/26/2006,16:56,1165
sec,12/26/2006,16:57,1166
sec,12/26/2006,16:58,1167
sec,12/26/2006,16:58,1168
sec,12/26/2006,17:00,1169
sec,12/26/2006,17:01,1170
sec,12/26/2006,17:05,1171
sec,12/26/2006,17:07,1172
sec,12/26/2006,17:09,1173
sec,12/26/2006,17:11,1174
sec,12/26/2006,17:13,1175
sec,12/26/2006,17:16,1176
sec,12/26/2006,17:20,1177
sec,12/26/2006,17:22,1178
sec,12/26/2006,17:24,1179
sec,12/26/2006,17:27,1180
sec,12/26/2006,17:29,1181
sec,12/26/2006,17:30,1182
sec,12/26/2006,17:31,1183
sec,12/26/2006,17:32,1184
sec,12/26/2006,17:33,1185
sec,12/26/2006,17:34,1186
sec,12/26/2006,17:35,1187
sec,12/26/2006,17:36,1188
sec,12/26/2006,17:36,1189
sec,12/26/2006,17:37,1190
sec,12/26/2006,17:39,1191
sec,12/26/2006,17:42,1192
sec,12/26/2006,17:44,1193
sec,12/26/2006,17:46,1194
sec,12/26/2006,17:47,1195
sec,12/26/2006,17:48,1196
sec,12/26/2006,17:49,1197
sec,12/26/2006,17:51,1198
sec,12/26/2006,17:52,1199
sec,12/26/2006,17:54,1200
sec,12/26/2006,17:55,1201
sec,12/26/2006,17:57,1202
sec,12/26/2006,17:59,1203
sec,12/26/2006,18:00,1204
sec,12/26/2006,18:03,1205
sec,12/26/2006,18:06,1206
sec,12/26/2006,18:07,1207
sec,12/26/2006,18:09,1208
sec,12/26/2006,18:11,1209
sec,12/26/2006,18:11,1210
sec,12/26/2006,18:12,1211
sec,12/26/2006,18:13,1212
sec,12/26/2006,18:14,1213
sec,12/26/2006,18:14,1214
sec,12/26/2006,18:34,1215
sec,12/26/2006,18:43,1216
sec,12/26/2006,20:17,1217
sec,12/26/2006,20:19,1218
sec,12/26/2006,20:21,1219
sec,12/26/2006,20:22,1220
sec,12/26/2006,20:22,1221
sec,12/26/2006,20:23,1222
sec,12/26/2006,20:23,1223
sec,12/26/2006,20:23,1224
sec,12/26/2006,20:24,1225
sec,12/26/2006,20:24,1226
sec,12/26/2006,20:24,1227
sec,12/26/2006,20:24,1228
sec,12/26/2006,20:25,1229
sec,12/26/2006,20:25,1230
sec,12/26/2006,20:25,1231
sec,12/26/2006,20:26,1232
sec,12/26/2006,20:27,1233
sec,12/26/2006,20:27,1234
sec,12/26/2006,20:30,1235
sec,12/26/2006,20:32,1236
sec,12/26/2006,20:35,1237
sec,12/26/2006,20:38,1238
sec,12/26/2006,20:41,1239
sec,12/26/2006,20:44,1240
sec,12/26/2006,22:15,1241
sec,12/26/2006,22:20,1242
sec,12/26/2006,22:21,1243
sec,12/26/2006,22:24,1244
sec,12/27/2006,0:09,1245
sec,12/27/2006,0:47,1246
sec,12/27/2006,1:03,1247
sec,12/27/2006,1:12,1248
sec,12/27/2006,1:22,1249
sec,12/27/2006,1:28,1250
sec,12/27/2006,1:33,1251
sec,12/27/2006,1:37,1252
sec,12/27/2006,1:44,1253
sec,12/27/2006,1:47,1254
sec,12/27/2006,1:50,1255
sec,12/27/2006,1:51,1256
sec,12/27/2006,1:53,1257
sec,12/27/2006,1:55,1258
sec,12/27/2006,1:57,1259
sec,12/27/2006,2:00,1260
sec,12/27/2006,2:02,1261
sec,12/27/2006,2:04,1262
sec,12/27/2006,2:07,1263
sec,12/27/2006,2:10,1264
sec,12/27/2006,2:13,1265
sec,12/27/2006,2:17,1266
sec,12/27/2006,2:20,1267
sec,12/27/2006,2:23,1268
sec,12/27/2006,2:27,1269
sec,12/27/2006,2:31,1270
sec,12/27/2006,2:35,1271
sec,1/3/2007,15:30,1272
sec,1/3/2007,16:08,1273
sec,1/3/2007,16:25,1274
sec,1/3/2007,16:57,1275
sec,1/3/2007,17:03,1276
sec,1/3/2007,17:09,1277
sec,1/3/2007,17:37,1278
sec,1/3/2007,18:00,1279
sec,1/3/2007,18:16,1280
sec,1/3/2007,18:30,1281
sec,1/3/2007,18:41,1282
sec,1/3/2007,18:54,1283
sec,1/3/2007,19:03,1284
sec,1/3/2007,19:11,1285
sec,1/3/2007,19:20,1286
sec,1/3/2007,19:32,1287
sec,1/3/2007,19:38,1288
sec,1/3/2007,19:50,1289
sec,1/3/2007,19:57,1290
sec,1/3/2007,20:10,1291
sec,1/3/2007,20:22,1292
sec,1/3/2007,20:39,1293
sec,1/3/2007,20:47,1294
sec,1/3/2007,20:59,1295
sec,1/3/2007,21:26,1296
sec,1/4/2007,0:07,1297
sec,1/4/2007,4:38,1298
sec,1/4/2007,7:45,1299
sec,1/4/2007,9:03,1300
sec,1/4/2007,9:37,1301
sec,1/4/2007,9:40,1302
sec,1/4/2007,9:49,1303
sec,1/4/2007,10:21,1304
sec,1/26/2007,16:38,1305
sec,1/26/2007,16:47,1306
sec,1/26/2007,16:52,1307
sec,1/26/2007,16:55,1308
sec,1/26/2007,17:00,1309
sec,1/26/2007,17:04,1310
sec,1/26/2007,21:16,1311
sec,1/26/2007,23:57,1312
sec,1/27/2007,0:08,1313
sec,1/27/2007,0:35,1314
sec,1/27/2007,0:42,1315
sec,1/27/2007,0:47,1316
sec,1/27/2007,0:52,1317
sec,1/27/2007,0:55,1318
sec,1/27/2007,0:59,1319
sec,1/27/2007,1:04,1320
sec,1/27/2007,1:13,1321
sec,1/27/2007,1:35,1322
sec,1/27/2007,2:22,1323
sec,1/27/2007,2:32,1324
sec,1/27/2007,4:24,1325
sec,1/27/2007,5:52,1326
sec,2/7/2007,6:22,1327
sec,2/7/2007,6:33,1328
sec,2/7/2007,10:23,1329
sec,2/7/2007,11:56,1330
sec,2/7/2007,11:58,1331
sec,2/7/2007,12:02,1332
sec,2/7/2007,12:07,1333
sec,2/7/2007,13:09,1334
sec,2/7/2007,13:45,1335
sec,2/7/2007,13:55,1336
sec,2/7/2007,13:57,1337
sec,2/7/2007,13:59,1338
sec,2/7/2007,14:18,1339
sec,2/7/2007,15:13,1340
sec,2/7/2007,15:23,1341
sec,2/7/2007,15:24,1342
sec,2/7/2007,15:26,1343
sec,2/7/2007,15:27,1344
sec,2/7/2007,15:28,1345
sec,2/7/2007,15:29,1346
sec,2/7/2007,15:30,1347
sec,2/7/2007,15:33,1348
sec,2/7/2007,15:34,1349
sec,2/7/2007,15:36,1350
sec,2/7/2007,15:40,1351
sec,2/7/2007,15:42,1352
sec,2/7/2007,15:45,1353
sec,2/7/2007,15:53,1354
sec,2/7/2007,16:30,1355
sec,2/7/2007,16:36,1356
sec,2/7/2007,16:37,1357
sec,2/7/2007,16:39,1358
sec,2/7/2007,16:42,1359
sec,2/7/2007,16:48,1360
sec,2/7/2007,16:52,1361
sec,2/7/2007,16:55,1362
sec,2/7/2007,17:02,1363
sec,2/7/2007,17:06,1364
sec,2/7/2007,17:08,1365
sec,2/7/2007,17:10,1366
sec,2/7/2007,17:12,1367
sec,2/7/2007,17:14,1368
sec,2/7/2007,17:17,1369
sec,2/7/2007,17:19,1370
sec,2/7/2007,17:20,1371
sec,2/7/2007,17:21,1372
sec,2/7/2007,17:24,1373
sec,2/7/2007,17:26,1374
sec,2/7/2007,17:29,1375
sec,2/7/2007,17:34,1376
sec,2/7/2007,17:42,1377
sec,2/7/2007,17:47,1378
sec,2/7/2007,17:50,1379
sec,2/7/2007,17:51,1380
sec,2/7/2007,17:52,1381
sec,2/7/2007,17:54,1382
sec,2/7/2007,17:55,1383
sec,2/7/2007,17:57,1384
sec,2/7/2007,18:00,1385
sec,2/7/2007,18:04,1386
sec,2/7/2007,18:10,1387
sec,2/7/2007,18:16,1388
sec,2/7/2007,18:19,1389
sec,2/7/2007,18:23,1390
sec,2/7/2007,18:27,1391
sec,2/7/2007,18:37,1392
sec,2/7/2007,18:49,1393
sec,2/7/2007,18:50,1394
sec,2/7/2007,18:51,1395
sec,2/7/2007,18:52,1396
sec,2/7/2007,18:53,1397
sec,2/7/2007,18:54,1398
sec,2/7/2007,18:55,1399
sec,2/7/2007,18:56,1400
sec,2/7/2007,18:58,1401
sec,2/7/2007,18:58,1402
sec,2/7/2007,19:00,1403
sec,2/7/2007,19:01,1404
sec,2/7/2007,19:07,1405
sec,2/7/2007,19:11,1406
sec,2/7/2007,19:15,1407
sec,2/7/2007,19:19,1408
sec,2/7/2007,19:45,1409
sec,2/8/2007,8:32,1410
sec,2/8/2007,12:19,1411
sec,2/8/2007,12:23,1412
sec,2/8/2007,12:27,1413
sec,2/8/2007,12:29,1414
sec,2/8/2007,12:32,1415
sec,2/8/2007,12:35,1416
sec,2/8/2007,12:40,1417
sec,2/8/2007,12:46,1418
sec,2/8/2007,12:51,1419
sec,2/8/2007,12:57,1420
sec,2/8/2007,13:01,1421
sec,2/8/2007,13:03,1422
sec,2/8/2007,13:07,1423
sec,2/8/2007,13:11,1424
sec,2/8/2007,13:15,1425
sec,2/8/2007,13:17,1426
sec,2/8/2007,13:21,1427
sec,2/8/2007,13:24,1428
sec,2/8/2007,13:27,1429
sec,2/8/2007,13:30,1430
sec,2/8/2007,13:34,1431
sec,2/8/2007,13:36,1432
sec,2/8/2007,13:39,1433
sec,2/8/2007,13:42,1434
sec,2/8/2007,13:45,1435
sec,2/8/2007,13:48,1436
sec,2/8/2007,13:52,1437
sec,2/8/2007,13:55,1438
sec,2/8/2007,13:59,1439
sec,2/8/2007,14:02,1440
sec,2/8/2007,14:05,1441
sec,2/8/2007,14:08,1442
sec,2/8/2007,14:11,1443
sec,2/8/2007,14:14,1444
sec,2/8/2007,14:18,1445
sec,2/8/2007,14:21,1446
sec,2/8/2007,14:26,1447
sec,2/8/2007,14:29,1448
sec,2/8/2007,14:33,1449
sec,2/8/2007,14:36,1450
sec,2/8/2007,14:39,1451
sec,2/8/2007,14:42,1452
sec,2/8/2007,14:46,1453
sec,2/8/2007,14:49,1454
sec,2/8/2007,14:51,1455
sec,2/8/2007,14:54,1456
sec,2/8/2007,14:58,1457
sec,2/8/2007,15:03,1458
sec,2/8/2007,15:07,1459
sec,2/8/2007,15:11,1460
sec,2/8/2007,15:19,1461
sec,2/8/2007,15:23,1462
sec,2/8/2007,15:29,1463
sec,2/8/2007,15:33,1464
sec,2/8/2007,15:37,1465
sec,2/8/2007,15:40,1466
sec,2/8/2007,15:44,1467
sec,2/8/2007,15:48,1468
sec,2/8/2007,15:52,1469
sec,2/8/2007,15:57,1470
sec,2/8/2007,16:05,1471
sec,2/8/2007,16:10,1472
sec,2/8/2007,16:18,1473
sec,2/8/2007,16:25,1474
sec,2/8/2007,16:33,1475
sec,2/8/2007,16:39,1476
sec,2/8/2007,16:46,1477
sec,2/8/2007,16:53,1478
sec,2/8/2007,16:59,1479
sec,2/8/2007,17:13,1480
sec,2/8/2007,17:41,1481
sec,2/8/2007,17:58,1482
sec,2/8/2007,18:08,1483
sec,2/8/2007,18:23,1484
sec,2/8/2007,18:31,1485
sec,2/8/2007,18:36,1486
sec,2/8/2007,18:39,1487
sec,2/8/2007,18:42,1488
sec,2/8/2007,18:46,1489
sec,2/8/2007,18:48,1490
sec,2/8/2007,18:50,1491
sec,2/8/2007,18:51,1492
sec,2/8/2007,18:53,1493
sec,2/8/2007,18:55,1494
sec,2/8/2007,18:57,1495
sec,2/8/2007,19:01,1496
sec,2/8/2007,19:04,1497
sec,2/8/2007,19:06,1498
sec,2/8/2007,19:10,1499
sec,2/8/2007,19:13,1500
sec,2/8/2007,19:16,1501
sec,2/8/2007,19:17,1502
sec,2/8/2007,19:19,1503
sec,2/8/2007,19:22,1504
sec,2/8/2007,19:28,1505
sec,2/8/2007,19:33,1506
sec,2/8/2007,19:38,1507
sec,2/8/2007,19:44,1508
sec,2/8/2007,19:48,1509
sec,2/8/2007,19:50,1510
sec,2/8/2007,19:56,1511
sec,2/8/2007,20:02,1512
sec,2/8/2007,20:04,1513
sec,2/8/2007,20:06,1514
sec,2/8/2007,20:09,1515
sec,2/8/2007,20:10,1516
sec,2/8/2007,20:12,1517
sec,2/8/2007,20:14,1518
sec,2/8/2007,20:15,1519
sec,2/8/2007,20:17,1520
sec,2/8/2007,20:19,1521
sec,2/8/2007,20:21,1522
sec,2/8/2007,20:23,1523
sec,2/8/2007,20:25,1524
sec,2/8/2007,20:27,1525
sec,2/8/2007,20:28,1526
sec,2/8/2007,20:30,1527
sec,2/8/2007,20:31,1528
sec,2/8/2007,20:33,1529
sec,2/8/2007,20:34,1530
sec,2/8/2007,20:36,1531
sec,2/8/2007,20:39,1532
sec,2/8/2007,20:40,1533
sec,2/8/2007,20:41,1534
sec,2/8/2007,20:43,1535
sec,2/8/2007,20:44,1536
sec,2/8/2007,20:45,1537
sec,2/8/2007,20:46,1538
sec,2/8/2007,20:47,1539
sec,2/8/2007,20:48,1540
sec,2/8/2007,20:49,1541
sec,2/8/2007,20:50,1542
sec,2/8/2007,20:51,1543
sec,2/8/2007,20:53,1544
sec,2/8/2007,20:55,1545
sec,2/8/2007,20:56,1546
sec,2/8/2007,21:00,1547
sec,2/8/2007,21:02,1548
sec,2/8/2007,21:07,1549
sec,2/8/2007,21:17,1550
sec,2/8/2007,21:24,1551
sec,2/8/2007,21:41,1552
sec,2/8/2007,21:57,1553
sec,2/8/2007,22:01,1554
sec,2/8/2007,22:30,1555
sec,2/8/2007,22:39,1556
sec,2/8/2007,22:49,1557
sec,2/8/2007,22:57,1558
sec,2/8/2007,23:04,1559
sec,2/8/2007,23:08,1560
sec,2/8/2007,23:20,1561
sec,2/8/2007,23:30,1562
sec,2/8/2007,23:32,1563
sec,2/8/2007,23:33,1564
sec,2/8/2007,23:35,1565
sec,2/8/2007,23:36,1566
sec,2/8/2007,23:38,1567
sec,2/8/2007,23:41,1568
sec,2/9/2007,0:01,1569
sec,2/9/2007,0:03,1570
sec,2/9/2007,0:05,1571
sec,2/9/2007,0:06,1572
sec,2/9/2007,0:07,1573
sec,2/9/2007,0:07,1574
sec,2/9/2007,0:10,1575
sec,2/9/2007,0:18,1576
sec,2/9/2007,0:41,1577
sec,2/9/2007,1:29,1578
sec,2/9/2007,4:54,1579
sec,2/9/2007,5:53,1580
sec,2/9/2007,6:30,1581
sec,2/9/2007,6:40,1582
sec,2/9/2007,6:44,1583
sec,2/9/2007,6:49,1584
sec,2/9/2007,6:54,1585
sec,2/9/2007,6:58,1586
sec,2/9/2007,7:01,1587
sec,2/9/2007,7:08,1588
sec,2/9/2007,7:16,1589
sec,2/9/2007,7:24,1590
sec,2/9/2007,7:29,1591
sec,2/9/2007,7:30,1592
sec,2/9/2007,7:34,1593
sec,2/9/2007,7:40,1594
sec,2/9/2007,7:50,1595
sec,2/9/2007,8:04,1596
sec,2/9/2007,8:14,1597
sec,2/9/2007,8:33,1598
sec,2/9/2007,8:40,1599
sec,2/9/2007,8:56,1600
sec,2/9/2007,9:28,1601
sec,2/9/2007,9:34,1602
sec,2/9/2007,9:39,1603
sec,2/9/2007,9:47,1604
sec,2/9/2007,10:44,1605
sec,2/9/2007,10:49,1606
sec,2/9/2007,10:50,1607
sec,2/9/2007,10:51,1608
sec,2/9/2007,10:53,1609
sec,2/9/2007,10:55,1610
sec,2/9/2007,10:57,1611
sec,2/9/2007,10:58,1612
sec,2/9/2007,11:00,1613
sec,2/9/2007,11:02,1614
sec,2/9/2007,11:04,1615
sec,2/9/2007,11:06,1616
sec,2/9/2007,11:08,1617
sec,2/9/2007,11:10,1618
sec,2/9/2007,11:12,1619
sec,2/9/2007,11:15,1620
sec,2/9/2007,11:36,1621
sec,2/9/2007,11:42,1622
sec,2/9/2007,11:47,1623
sec,2/9/2007,11:49,1624
sec,2/9/2007,11:51,1625
sec,2/9/2007,11:54,1626
sec,2/9/2007,11:56,1627
sec,2/9/2007,11:58,1628
sec,2/9/2007,11:59,1629
sec,2/9/2007,12:25,1630
sec,2/9/2007,12:42,1631
sec,2/9/2007,13:03,1632
sec,2/9/2007,13:05,1633
sec,2/9/2007,13:07,1634
sec,2/9/2007,13:09,1635
sec,2/9/2007,13:11,1636
sec,2/9/2007,13:12,1637
sec,2/9/2007,13:15,1638
sec,2/9/2007,13:23,1639
sec,2/9/2007,13:26,1640
sec,2/9/2007,13:33,1641
sec,2/9/2007,13:50,1642
sec,2/9/2007,14:01,1643
sec,2/9/2007,14:10,1644
sec,2/9/2007,14:23,1645
sec,2/9/2007,14:32,1646
sec,2/9/2007,14:45,1647
sec,2/9/2007,14:51,1648
sec,2/9/2007,15:02,1649
sec,2/9/2007,15:07,1650
sec,2/9/2007,15:14,1651
sec,2/9/2007,15:26,1652
sec,2/9/2007,15:36,1653
sec,2/9/2007,15:45,1654
sec,2/9/2007,15:53,1655
sec,2/9/2007,16:01,1656
sec,2/9/2007,16:06,1657
sec,2/9/2007,16:10,1658
sec,2/9/2007,16:14,1659
sec,2/9/2007,16:21,1660
sec,2/9/2007,16:29,1661
sec,2/9/2007,16:36,1662
sec,2/9/2007,16:40,1663
sec,2/9/2007,16:44,1664
sec,2/9/2007,16:48,1665
sec,2/9/2007,16:51,1666
sec,2/9/2007,16:54,1667
sec,2/9/2007,16:56,1668
sec,2/9/2007,16:59,1669
sec,2/9/2007,17:04,1670
sec,2/9/2007,17:12,1671
sec,2/9/2007,17:16,1672
sec,2/9/2007,17:20,1673
sec,2/9/2007,17:24,1674
sec,2/9/2007,17:29,1675
sec,2/9/2007,17:33,1676
sec,2/9/2007,17:36,1677
sec,2/9/2007,17:39,1678
sec,2/9/2007,17:42,1679
sec,2/9/2007,17:44,1680
sec,2/9/2007,17:45,1681
sec,2/9/2007,17:48,1682
sec,2/9/2007,17:50,1683
sec,2/9/2007,17:53,1684
sec,2/9/2007,17:58,1685
sec,2/9/2007,18:04,1686
sec,2/9/2007,18:37,1687
sec,2/9/2007,18:57,1688
sec,2/9/2007,19:00,1689
sec,2/9/2007,19:04,1690
sec,2/9/2007,19:06,1691
sec,2/9/2007,19:13,1692
sec,2/9/2007,19:36,1693
sec,2/9/2007,19:59,1694
sec,2/9/2007,20:32,1695
sec,2/9/2007,20:39,1696
sec,2/9/2007,20:55,1697
sec,2/9/2007,21:16,1698
sec,2/9/2007,21:29,1699
sec,2/9/2007,21:38,1700
sec,2/9/2007,21:42,1701
sec,2/9/2007,21:45,1702
sec,2/9/2007,21:48,1703
sec,2/9/2007,21:51,1704
sec,2/9/2007,21:57,1705
sec,2/9/2007,21:59,1706
sec,2/9/2007,22:02,1707
sec,2/9/2007,22:05,1708
sec,2/9/2007,22:10,1709
sec,2/9/2007,22:15,1710
sec,2/9/2007,22:18,1711
sec,2/9/2007,22:21,1712
sec,2/9/2007,22:24,1713
sec,2/9/2007,22:27,1714
sec,2/9/2007,22:30,1715
sec,2/9/2007,22:33,1716
sec,2/9/2007,22:36,1717
sec,2/9/2007,22:40,1718
sec,2/9/2007,22:44,1719
sec,2/9/2007,22:48,1720
sec,2/9/2007,22:54,1721
sec,2/9/2007,22:58,1722
sec,2/9/2007,23:02,1723
sec,2/9/2007,23:05,1724
sec,2/9/2007,23:10,1725
sec,2/9/2007,23:18,1726
sec,2/9/2007,23:24,1727
sec,2/9/2007,23:30,1728
sec,2/9/2007,23:38,1729
sec,2/9/2007,23:51,1730
sec,2/10/2007,0:15,1731
sec,2/10/2007,0:35,1732
sec,2/10/2007,0:58,1733
sec,2/10/2007,2:44,1734
sec,2/10/2007,2:56,1735
sec,2/10/2007,3:02,1736
sec,2/10/2007,3:07,1737
sec,2/10/2007,3:10,1738
sec,2/10/2007,3:12,1739
sec,2/10/2007,3:15,1740
sec,2/10/2007,3:18,1741
sec,2/10/2007,3:21,1742
sec,2/10/2007,3:24,1743
sec,2/10/2007,3:27,1744
sec,2/10/2007,3:31,1745
sec,2/10/2007,3:35,1746
sec,2/10/2007,3:38,1747
sec,2/10/2007,3:42,1748
sec,2/10/2007,3:45,1749
sec,2/10/2007,3:49,1750
sec,2/10/2007,3:54,1751
sec,2/10/2007,3:57,1752
sec,2/10/2007,4:01,1753
sec,2/10/2007,4:06,1754
sec,2/10/2007,4:13,1755
sec,2/10/2007,4:20,1756
sec,2/10/2007,4:30,1757
sec,2/10/2007,4:38,1758
sec,2/10/2007,4:45,1759
sec,2/10/2007,4:50,1760
sec,2/10/2007,4:55,1761
sec,2/10/2007,5:01,1762
sec,2/10/2007,5:05,1763
sec,2/10/2007,5:11,1764
sec,2/10/2007,5:16,1765
sec,2/10/2007,5:21,1766
sec,2/10/2007,5:25,1767
sec,2/10/2007,5:33,1768
sec,2/10/2007,5:42,1769
sec,2/10/2007,5:45,1770
sec,2/10/2007,5:50,1771
sec,2/10/2007,5:57,1772
sec,2/10/2007,6:02,1773
sec,2/10/2007,6:04,1774
sec,2/10/2007,6:07,1775
sec,2/10/2007,6:11,1776
sec,2/10/2007,6:18,1777
sec,2/10/2007,6:25,1778
sec,2/10/2007,6:32,1779
sec,2/10/2007,6:36,1780
sec,2/10/2007,6:38,1781
sec,2/10/2007,6:44,1782
sec,2/10/2007,6:50,1783
sec,2/10/2007,6:53,1784
sec,2/10/2007,7:00,1785
sec,2/10/2007,7:07,1786
sec,2/10/2007,7:13,1787
sec,2/10/2007,7:20,1788
sec,2/10/2007,7:37,1789
sec,2/10/2007,7:41,1790
sec,2/10/2007,7:47,1791
sec,2/10/2007,8:11,1792
sec,2/10/2007,8:25,1793
sec,2/10/2007,8:31,1794
sec,2/10/2007,8:45,1795
sec,2/10/2007,9:01,1796
sec,2/10/2007,9:10,1797
sec,2/10/2007,9:16,1798
sec,2/10/2007,9:22,1799
sec,2/10/2007,9:28,1800
sec,2/10/2007,9:32,1801
sec,2/10/2007,9:36,1802
sec,2/10/2007,9:49,1803
sec,2/10/2007,10:02,1804
sec,2/10/2007,10:11,1805
sec,2/10/2007,11:36,1806
sec,2/10/2007,11:40,1807
sec,2/10/2007,11:44,1808
sec,2/10/2007,11:57,1809
sec,2/10/2007,12:02,1810
sec,2/10/2007,12:09,1811
sec,2/10/2007,12:27,1812
sec,2/10/2007,12:42,1813
sec,2/10/2007,12:47,1814
sec,2/10/2007,12:51,1815
sec,2/10/2007,12:57,1816
sec,2/10/2007,13:33,1817
sec,2/10/2007,13:38,1818
sec,2/10/2007,13:40,1819
sec,2/10/2007,13:42,1820
sec,2/10/2007,13:48,1821
sec,2/10/2007,13:54,1822
sec,2/10/2007,14:02,1823
sec,2/10/2007,14:19,1824
sec,2/10/2007,14:32,1825
sec,2/10/2007,14:37,1826
sec,2/10/2007,14:43,1827
sec,2/10/2007,14:50,1828
sec,2/10/2007,15:09,1829
sec,2/10/2007,15:17,1830
sec,2/10/2007,16:04,1831
sec,2/10/2007,16:10,1832
sec,2/10/2007,16:15,1833
sec,2/10/2007,17:31,1834
sec,2/10/2007,17:40,1835
sec,2/10/2007,17:52,1836
sec,2/10/2007,18:11,1837
sec,2/10/2007,18:13,1838
sec,2/10/2007,18:16,1839
sec,2/10/2007,18:17,1840
sec,2/10/2007,18:22,1841
sec,2/10/2007,18:54,1842
sec,2/10/2007,19:18,1843
sec,2/10/2007,19:28,1844
sec,2/10/2007,19:49,1845
sec,2/10/2007,19:57,1846
sec,2/10/2007,20:09,1847
sec,2/10/2007,20:29,1848
sec,2/10/2007,20:33,1849
sec,2/10/2007,20:37,1850
sec,2/10/2007,20:41,1851
sec,2/10/2007,20:45,1852
sec,2/10/2007,20:48,1853
sec,2/10/2007,20:50,1854
sec,2/10/2007,20:54,1855
sec,2/10/2007,20:56,1856
sec,2/10/2007,20:58,1857
sec,2/10/2007,21:01,1858
sec,2/10/2007,21:02,1859
sec,2/10/2007,21:04,1860
sec,2/10/2007,21:07,1861
sec,2/10/2007,21:09,1862
sec,2/10/2007,21:12,1863
sec,2/10/2007,21:21,1864
sec,2/10/2007,21:29,1865
sec,2/10/2007,21:35,1866
sec,2/10/2007,22:00,1867
sec,2/10/2007,22:08,1868
sec,2/10/2007,22:12,1869
sec,2/10/2007,22:31,1870
sec,2/11/2007,2:05,1871
sec,2/11/2007,6:04,1872
sec,2/12/2007,12:16,1873
sec,2/12/2007,12:40,1874
sec,2/12/2007,12:48,1875
sec,2/12/2007,12:54,1876
sec,2/12/2007,12:59,1877
sec,2/12/2007,13:01,1878
sec,2/12/2007,13:05,1879
sec,2/12/2007,13:08,1880
sec,2/12/2007,13:11,1881
sec,2/12/2007,13:13,1882
sec,2/12/2007,13:15,1883
sec,2/12/2007,13:17,1884
sec,2/12/2007,13:19,1885
sec,2/12/2007,13:21,1886
sec,2/12/2007,13:23,1887
sec,2/12/2007,13:24,1888
sec,2/12/2007,14:45,1889
sec,2/12/2007,14:59,1890
sec,2/12/2007,15:01,1891
sec,2/12/2007,15:04,1892
sec,2/12/2007,15:05,1893
sec,2/12/2007,15:06,1894
sec,2/12/2007,15:14,1895
sec,2/12/2007,15:18,1896
sec,2/12/2007,15:22,1897
sec,2/12/2007,15:25,1898
sec,2/12/2007,15:29,1899
sec,2/12/2007,15:31,1900
sec,2/12/2007,15:34,1901
sec,2/12/2007,15:36,1902
sec,2/12/2007,15:37,1903
sec,2/12/2007,15:39,1904
sec,2/12/2007,15:41,1905
sec,2/12/2007,15:44,1906
sec,2/12/2007,15:50,1907
sec,2/12/2007,16:08,1908
sec,2/12/2007,16:15,1909
sec,2/12/2007,16:19,1910
sec,2/12/2007,16:24,1911
sec,2/12/2007,16:32,1912
sec,2/12/2007,22:17,1913
sec,2/21/2007,3:46,1914
sec,2/21/2007,5:00,1915
sec,2/21/2007,6:23,1916
sec,2/21/2007,6:45,1917
sec,2/21/2007,7:02,1918
sec,2/21/2007,7:20,1919
sec,2/21/2007,7:33,1920
sec,2/21/2007,7:39,1921
sec,2/21/2007,7:43,1922
sec,2/21/2007,7:49,1923
sec,2/21/2007,7:57,1924
sec,2/21/2007,8:08,1925
sec,2/21/2007,8:17,1926
sec,2/21/2007,9:18,1927
sec,2/21/2007,9:56,1928
sec,2/21/2007,13:08,1929
sec,2/21/2007,14:40,1930
sec,2/21/2007,20:13,1931
sec,2/21/2007,20:37,1932
sec,2/21/2007,21:01,1933
sec,2/21/2007,21:53,1934
sec,2/21/2007,22:39,1935
sec,2/21/2007,23:44,1936
sec,2/22/2007,0:22,1937
sec,2/22/2007,0:48,1938
sec,2/22/2007,1:05,1939
sec,2/22/2007,1:14,1940
sec,2/22/2007,1:19,1941
sec,2/22/2007,1:30,1942
sec,2/22/2007,1:34,1943
sec,2/22/2007,1:37,1944
sec,2/22/2007,1:40,1945
sec,2/22/2007,1:44,1946
sec,2/22/2007,1:48,1947
sec,2/22/2007,1:51,1948
sec,2/22/2007,1:55,1949
sec,2/22/2007,1:59,1950
sec,2/22/2007,2:08,1951
sec,2/22/2007,2:20,1952
sec,2/22/2007,2:32,1953
sec,2/22/2007,2:33,1954
sec,2/22/2007,2:34,1955
sec,2/22/2007,2:35,1956
sec,2/22/2007,2:35,1957
sec,2/22/2007,2:35,1958
sec,2/22/2007,2:36,1959
sec,2/22/2007,2:37,1960
sec,2/22/2007,2:38,1961
sec,2/22/2007,2:41,1962
sec,2/22/2007,2:48,1963
sec,2/22/2007,2:54,1964
sec,2/22/2007,3:01,1965
sec,2/22/2007,3:08,1966
sec,2/22/2007,3:18,1967
sec,2/22/2007,3:23,1968
sec,2/22/2007,3:29,1969
sec,2/22/2007,3:34,1970
sec,2/22/2007,3:38,1971
sec,2/22/2007,3:42,1972
sec,2/22/2007,3:47,1973
sec,2/22/2007,3:49,1974
sec,2/22/2007,3:53,1975
sec,2/22/2007,3:56,1976
sec,2/22/2007,4:02,1977
sec,2/22/2007,4:08,1978
sec,2/22/2007,4:17,1979
sec,2/22/2007,4:25,1980
sec,2/22/2007,4:35,1981
sec,2/22/2007,4:43,1982
sec,2/22/2007,4:55,1983
sec,2/22/2007,5:01,1984
sec,2/22/2007,5:06,1985
sec,2/22/2007,5:09,1986
sec,2/22/2007,5:13,1987
sec,2/22/2007,5:18,1988
sec,2/22/2007,5:25,1989
sec,2/22/2007,5:28,1990
sec,2/22/2007,5:33,1991
sec,2/22/2007,5:37,1992
sec,2/22/2007,5:42,1993
sec,2/22/2007,5:45,1994
sec,2/22/2007,5:49,1995
sec,2/22/2007,5:51,1996
sec,2/22/2007,5:55,1997
sec,2/22/2007,5:58,1998
sec,2/22/2007,6:02,1999
sec,2/22/2007,6:05,2000
sec,2/22/2007,6:08,2001
sec,2/22/2007,6:11,2002
sec,2/22/2007,6:15,2003
sec,2/22/2007,6:20,2004
sec,2/22/2007,6:27,2005
sec,2/22/2007,6:31,2006
sec,2/22/2007,6:34,2007
sec,2/22/2007,6:37,2008
sec,2/22/2007,6:41,2009
sec,2/22/2007,6:44,2010
sec,2/22/2007,6:51,2011
sec,2/22/2007,6:55,2012
sec,2/22/2007,7:00,2013
sec,2/22/2007,7:05,2014
sec,2/22/2007,7:57,2015
sec,2/22/2007,8:30,2016
sec,2/22/2007,9:17,2017
sec,2/22/2007,12:24,2018
sec,2/22/2007,12:26,2019
sec,2/22/2007,12:28,2020
sec,2/22/2007,15:46,2021
sec,2/22/2007,16:36,2022
sec,2/24/2007,11:15,2023
sec,2/24/2007,11:26,2024
sec,2/24/2007,11:33,2025
sec,2/24/2007,11:38,2026
sec,2/24/2007,11:44,2027
sec,2/24/2007,11:49,2028
sec,2/24/2007,11:54,2029
sec,2/24/2007,11:59,2030
sec,2/24/2007,12:05,2031
sec,2/24/2007,12:12,2032
sec,2/24/2007,12:20,2033
sec,2/24/2007,12:27,2034
sec,2/24/2007,12:33,2035
sec,2/24/2007,12:43,2036
sec,2/24/2007,13:26,2037
sec,2/24/2007,16:56,2038
sec,2/24/2007,17:07,2039
sec,2/24/2007,17:47,2040
sec,2/24/2007,18:32,2041
sec,2/24/2007,19:09,2042
sec,2/24/2007,19:21,2043
sec,2/24/2007,19:24,2044
sec,2/24/2007,19:26,2045
sec,2/24/2007,19:28,2046
sec,2/24/2007,19:29,2047
sec,2/24/2007,19:30,2048
sec,2/24/2007,19:32,2049
sec,2/24/2007,19:33,2050
sec,2/24/2007,19:34,2051
sec,2/24/2007,19:36,2052
sec,2/24/2007,19:38,2053
sec,2/24/2007,19:40,2054
sec,2/24/2007,19:42,2055
sec,2/24/2007,19:44,2056
sec,2/24/2007,19:46,2057
sec,2/24/2007,19:47,2058
sec,2/24/2007,19:49,2059
sec,2/24/2007,19:51,2060
sec,2/24/2007,19:54,2061
sec,2/24/2007,19:56,2062
sec,2/24/2007,19:59,2063
sec,2/24/2007,20:00,2064
sec,2/24/2007,20:02,2065
sec,2/24/2007,20:04,2066
sec,2/24/2007,20:06,2067
sec,2/24/2007,20:09,2068
sec,2/24/2007,20:11,2069
sec,2/24/2007,20:14,2070
sec,2/24/2007,20:17,2071
sec,2/24/2007,20:18,2072
sec,2/24/2007,20:20,2073
sec,2/24/2007,20:22,2074
sec,2/24/2007,20:25,2075
sec,2/24/2007,20:27,2076
sec,2/24/2007,20:30,2077
sec,2/24/2007,20:32,2078
sec,2/24/2007,20:34,2079
sec,2/24/2007,20:36,2080
sec,2/24/2007,20:39,2081
sec,2/24/2007,20:42,2082
sec,2/24/2007,20:45,2083
sec,2/24/2007,20:48,2084
sec,2/24/2007,20:53,2085
sec,2/24/2007,20:56,2086
sec,2/24/2007,20:58,2087
sec,2/24/2007,21:01,2088
sec,2/24/2007,21:04,2089
sec,2/24/2007,21:05,2090
sec,2/24/2007,21:08,2091
sec,2/24/2007,21:11,2092
sec,2/24/2007,21:15,2093
sec,2/24/2007,21:17,2094
sec,2/24/2007,21:20,2095
sec,2/24/2007,21:21,2096
sec,2/24/2007,21:23,2097
sec,2/24/2007,21:25,2098
sec,2/24/2007,21:27,2099
sec,2/24/2007,21:29,2100
sec,2/24/2007,21:34,2101
sec,2/24/2007,21:37,2102
sec,2/24/2007,21:45,2103
sec,2/24/2007,21:47,2104
sec,2/24/2007,21:52,2105
sec,2/24/2007,22:17,2106
sec,2/24/2007,22:28,2107
sec,2/24/2007,23:10,2108
sec,2/25/2007,3:34,2109
sec,2/25/2007,3:36,2110
sec,2/25/2007,3:41,2111
sec,2/25/2007,4:50,2112
sec,2/25/2007,4:53,2113
sec,2/25/2007,4:56,2114
sec,2/25/2007,4:59,2115
sec,2/25/2007,5:02,2116
sec,2/25/2007,5:09,2117
sec,2/25/2007,5:54,2118
sec,2/25/2007,5:56,2119
sec,2/25/2007,5:58,2120
sec,2/25/2007,6:05,2121
sec,2/25/2007,6:38,2122
sec,2/25/2007,6:41,2123
sec,2/25/2007,6:44,2124
sec,2/25/2007,7:02,2125
sec,2/25/2007,7:41,2126
sec,2/25/2007,7:45,2127
sec,2/25/2007,7:47,2128
sec,2/25/2007,7:59,2129
sec,2/25/2007,13:10,2130
sec,2/25/2007,19:22,2131
sec,2/26/2007,1:50,2132
sec,2/26/2007,2:15,2133
sec,2/26/2007,2:21,2134
sec,2/26/2007,2:31,2135
sec,2/26/2007,2:49,2136
sec,2/26/2007,3:18,2137
sec,2/26/2007,3:30,2138
sec,2/26/2007,4:39,2139
sec,2/26/2007,4:55,2140
sec,2/26/2007,5:18,2141
sec,2/26/2007,5:46,2142
sec,2/26/2007,7:23,2143
sec,2/26/2007,10:03,2144
sec,2/26/2007,10:10,2145
sec,2/26/2007,10:22,2146
sec,2/26/2007,10:28,2147
sec,2/26/2007,10:31,2148
sec,2/26/2007,10:40,2149
sec,2/26/2007,11:31,2150
sec,2/26/2007,11:36,2151
sec,2/26/2007,12:22,2152
sec,2/26/2007,12:29,2153
sec,2/26/2007,12:30,2154
sec,2/26/2007,12:31,2155
sec,2/26/2007,12:36,2156
sec,2/26/2007,12:39,2157
sec,2/26/2007,12:43,2158
sec,2/26/2007,12:49,2159
sec,2/26/2007,12:53,2160
sec,2/26/2007,13:00,2161
sec,2/26/2007,13:04,2162
sec,2/26/2007,13:07,2163
sec,2/26/2007,13:09,2164
sec,2/26/2007,13:11,2165
sec,2/26/2007,13:14,2166
sec,2/26/2007,13:17,2167
sec,2/26/2007,13:19,2168
sec,2/26/2007,13:23,2169
sec,2/26/2007,13:28,2170
sec,2/26/2007,13:30,2171
sec,2/26/2007,13:32,2172
sec,2/26/2007,13:34,2173
sec,2/26/2007,13:36,2174
sec,2/26/2007,13:38,2175
sec,2/26/2007,13:40,2176
sec,2/26/2007,13:42,2177
sec,2/26/2007,13:44,2178
sec,2/26/2007,13:46,2179
sec,2/26/2007,13:48,2180
sec,2/26/2007,13:50,2181
sec,2/26/2007,13:51,2182
sec,2/26/2007,13:53,2183
sec,2/26/2007,13:55,2184
sec,2/26/2007,13:58,2185
sec,2/26/2007,14:05,2186
sec,2/26/2007,14:36,2187
sec,2/26/2007,14:43,2188
sec,2/26/2007,15:23,2189
sec,2/26/2007,16:08,2190
sec,2/26/2007,16:28,2191
sec,2/26/2007,16:31,2192
sec,2/26/2007,16:36,2193
sec,2/26/2007,20:08,2194
sec,2/26/2007,20:26,2195
sec,2/26/2007,21:08,2196
sec,2/26/2007,22:00,2197
sec,2/27/2007,0:27,2198
sec,2/27/2007,0:40,2199
sec,2/27/2007,2:58,2200
sec,2/27/2007,8:26,2201
sec,2/27/2007,8:31,2202
sec,2/27/2007,8:37,2203
sec,2/27/2007,10:28,2204
sec,2/27/2007,10:31,2205
sec,2/27/2007,10:33,2206
sec,2/27/2007,10:37,2207
sec,2/27/2007,10:40,2208
sec,2/27/2007,10:43,2209
sec,2/27/2007,10:47,2210
sec,2/27/2007,11:00,2211
sec,2/27/2007,11:01,2212
sec,2/27/2007,11:05,2213
sec,2/27/2007,11:11,2214
sec,2/27/2007,11:50,2215
sec,2/27/2007,13:02,2216
sec,2/27/2007,13:09,2217
sec,2/27/2007,13:15,2218
sec,2/27/2007,13:21,2219
sec,2/27/2007,13:26,2220
sec,2/27/2007,13:32,2221
sec,2/27/2007,13:38,2222
sec,2/27/2007,13:57,2223
sec,2/27/2007,14:23,2224
sec,2/27/2007,14:26,2225
sec,2/27/2007,14:27,2226
sec,2/27/2007,14:29,2227
sec,2/27/2007,14:31,2228
sec,2/27/2007,14:33,2229
sec,2/27/2007,14:36,2230
sec,2/27/2007,14:39,2231
sec,2/27/2007,15:32,2232
sec,2/27/2007,15:35,2233
sec,2/27/2007,15:38,2234
sec,2/27/2007,15:43,2235
sec,2/27/2007,15:52,2236
sec,2/27/2007,15:55,2237
sec,2/27/2007,15:58,2238
sec,2/27/2007,16:02,2239
sec,2/27/2007,16:08,2240
sec,2/27/2007,16:31,2241
sec,2/27/2007,17:09,2242
sec,2/27/2007,17:53,2243
sec,2/27/2007,18:09,2244
sec,2/27/2007,18:24,2245
sec,2/27/2007,21:19,2246
sec,2/27/2007,21:48,2247
sec,2/28/2007,0:03,2248
sec,3/26/2007,10:56,2249
sec,3/26/2007,11:03,2250
sec,3/26/2007,11:08,2251
sec,3/26/2007,11:21,2252
sec,3/26/2007,11:25,2253
sec,3/26/2007,11:29,2254
sec,3/26/2007,11:30,2255
sec,3/26/2007,11:35,2256
sec,3/26/2007,11:38,2257
sec,3/26/2007,11:40,2258
sec,3/26/2007,11:41,2259
sec,3/26/2007,11:42,2260
sec,3/26/2007,11:45,2261
sec,3/26/2007,11:48,2262
sec,3/26/2007,11:51,2263
sec,3/26/2007,11:54,2264
sec,3/26/2007,11:56,2265
sec,3/26/2007,11:58,2266
sec,3/26/2007,12:05,2267
sec,3/26/2007,12:12,2268
sec,3/26/2007,12:17,2269
sec,3/26/2007,12:20,2270
sec,3/26/2007,12:23,2271
sec,3/26/2007,12:24,2272
sec,3/26/2007,12:27,2273
sec,3/26/2007,12:29,2274
sec,3/26/2007,12:31,2275
sec,3/26/2007,12:35,2276
sec,3/26/2007,12:38,2277
sec,3/26/2007,12:40,2278
sec,3/26/2007,12:43,2279
sec,3/26/2007,12:46,2280
sec,3/26/2007,12:48,2281
sec,3/26/2007,12:50,2282
sec,3/26/2007,12:56,2283
sec,3/26/2007,13:11,2284
sec,3/26/2007,13:15,2285
sec,3/26/2007,13:22,2286
sec,3/26/2007,13:27,2287
sec,3/26/2007,13:51,2288
sec,3/26/2007,13:57,2289
sec,3/26/2007,14:01,2290
sec,3/26/2007,14:20,2291
sec,3/26/2007,14:39,2292
sec,3/26/2007,14:40,2293
sec,3/26/2007,14:48,2294
sec,3/26/2007,15:37,2295
sec,4/11/2007,4:30,2296
sec,4/11/2007,4:38,2297
sec,4/11/2007,6:38,2298
sec,4/11/2007,7:21,2299
sec,4/11/2007,7:23,2300
sec,4/11/2007,7:25,2301
sec,4/11/2007,7:28,2302
sec,4/11/2007,7:29,2303
sec,4/11/2007,7:31,2304
sec,4/11/2007,7:32,2305
sec,4/11/2007,7:33,2306
sec,4/11/2007,7:35,2307
sec,4/11/2007,7:36,2308
sec,4/11/2007,7:37,2309
sec,4/11/2007,7:39,2310
sec,4/11/2007,7:41,2311
sec,4/11/2007,7:44,2312
sec,4/11/2007,7:47,2313
sec,4/11/2007,7:53,2314
sec,4/11/2007,7:55,2315
sec,4/11/2007,7:57,2316
sec,4/11/2007,7:59,2317
sec,4/11/2007,8:26,2318
sec,4/11/2007,12:23,2319
sec,4/11/2007,12:32,2320
sec,4/11/2007,16:27,2321
sec,4/11/2007,16:31,2322
sec,4/14/2007,5:59,2323
sec,4/14/2007,6:22,2324
sec,4/14/2007,8:12,2325
sec,4/14/2007,8:19,2326
sec,4/14/2007,8:28,2327
sec,4/14/2007,8:35,2328
sec,4/14/2007,8:43,2329
sec,4/14/2007,8:51,2330
sec,4/14/2007,9:02,2331
sec,4/14/2007,9:28,2332
sec,4/14/2007,9:40,2333
sec,4/14/2007,9:49,2334
sec,4/14/2007,10:23,2335
sec,4/14/2007,11:29,2336
sec,4/14/2007,12:14,2337
sec,4/14/2007,12:18,2338
sec,4/18/2007,13:51,2339
sec,4/18/2007,13:52,2339
